week_number,ticker,side,rank,shares,pct_of_adv,arrival_price,week_vwap,fill_allatonce,shortfall_allatonce_bps,vs_vwap_allatonce_bps,fill_twap,shortfall_twap_bps,vs_vwap_twap_bps
6,AVGO,long,1,5808,0.00020284613240739382,172.15726511730728,178.0321795192202,172.22033451244295,3.663475665270078,-326.4491297288087,176.14095176183662,231.39811391722995,-106.2295458321567
6,AMD,long,2,5845,0.00017917578830832766,171.0800018310547,168.72457114337448,171.1344734154489,3.1839831547347703,142.8305465969502,170.19023065277318,-52.009069953142465,86.86698679786564
6,NVDA,long,3,8013,2.7544962648353456e-05,124.79500006476454,131.46967005886944,124.81318623805235,1.4572838077149004,-506.31326737463087,130.86007812221214,486.0032897391746,-46.36749574136246
6,INTC,long,4,44642,0.0004443836342153897,22.399999618530277,23.022242365908223,22.41168585365309,5.217069340101902,-265.20288621375,22.833325979794992,193.44927171616928,-82.05820402315894
6,MU,long,5,9839,0.0003140900128537802,101.63582151052869,103.00964377922313,101.71122411873304,7.4189008445753055,-126.0483594403005,102.10743692067369,46.4024792770677,-87.58469842717847
6,SWKS,short,1,11185,0.005445644579794394,89.40178271112418,89.64034806931414,89.26393678495981,15.418699939103343,41.9912787557757,88.92819493373122,52.972967991390654,79.44560133035773
6,STM,short,2,36466,0.0070022629756257265,27.42230051962728,27.393874091592817,27.366442671414262,20.369497509167633,10.013706015745232,27.252507335772385,61.917921048734776,51.6052440584945
6,TXN,short,3,5268,0.0010262364317829397,189.81855905080795,191.56637350678812,189.71792265483845,5.3017153050121575,96.4914049429546,190.43579727866714,-32.51727496751127,59.01746780631752
6,NXPI,short,4,4355,0.0017369454886280924,229.58061290100844,228.14856431414174,229.39194126082626,8.218099855998332,-54.49856545985068,226.97448787595658,113.51677269785725,51.4610487124761
6,MCHP,short,5,13749,0.0022047592588583646,72.7319586646806,73.05190663099972,72.66009915154022,9.880046469211527,53.634120932476414,72.6449432822915,11.963844228404222,55.70879221043102
7,INTC,long,1,42408,0.0004549434549741364,23.57999992370605,22.729854160044376,23.59265768514172,5.3680074116300895,379.59043600641394,22.945506852746867,-269.08103181175136,94.87640843801626
7,MU,long,2,9323,0.0003061687267840658,107.25683922420744,108.57794917244593,107.33114185289807,6.927542264723163,-114.830619757576,108.43054156763746,109.42913775190969,-13.576200870615818
7,NVDA,long,3,7339,2.7021270865339172e-05,136.25710420849128,135.7903340460675,136.27317788450233,1.1796578317451885,35.558041875869066,137.05908129071867,58.85763438802067,93.43428260664989
7,TSM,long,4,5361,0.0004514678389166793,186.5168717048984,195.0438390938283,186.6096217231378,4.972741467921802,-432.42675133322814,192.3525259505328,312.8754086583333,-137.98503740488889
7,AMD,long,5,5960,0.0001703153491564675,167.77000427246094,159.30144721917114,167.82292541294993,3.1543863110980173,534.9278580033687,161.31475760668178,-384.7676283834232,126.38368468433794
7,SWKS,short,1,10983,0.005640783330850971,91.04320273045712,92.13924904021187,90.90546379632997,15.128964051819125,133.9044171440384,92.58464193019287,-169.30854292322508,-48.3391057145069
7,STM,short,2,36518,0.00868964122332673,27.383125985000376,27.033496286446002,27.32605462004197,20.841800526962867,-108.2206794474634,27.304766851622578,28.6158466424619,-100.34609001447744
7,ON,short,3,14084,0.0027554418215184275,71.0,70.2460984178159,70.91476203162159,12.005347658930694,-95.1887192123547,71.08581439567169,-12.086534601646497,-119.53916256832557
7,MRVL,short,4,13394,0.0013261760356604122,74.65657412097207,79.50533534314688,74.60001541041183,7.5758513200180255,616.9799688993926,79.4972296596722,-648.389722632655,1.0195144061335568
7,MCHP,short,5,13439,0.002171045563847463,74.40755145346782,72.87840684528686,74.33967272650492,9.122558885081967,-200.50738544822568,73.59178757056534,109.63455549436092,-97.88643250570983
8,MU,long,1,9047,0.0003036895579062842,110.52995697631007,106.86581838197392,110.60663660949649,6.937452549886585,350.0481523616504,107.68220878270276,-257.64492012040455,76.39396891256517
8,NVDA,long,2,7250,2.6864955482638097e-05,137.91449801128798,141.18209729710898,137.93108615280377,1.2027844610244824,-230.27077841630714,140.7516593461785,205.71886029402967,-30.488139726713232
8,TSM,long,3,5089,0.0003197659531887527,196.4978383045753,196.22939228586569,196.60377847901597,5.391416788842844,19.079006910691696,194.92440508038842,-80.07381850929245,-66.50314666297105
8,MRVL,long,4,12437,0.0011563009896939805,80.40014045988863,81.70602349616678,80.46031460687026,7.484333564273305,-152.46230767245274,81.65979705465206,156.67343210573944,-5.657654054953194
8,AVGO,long,5,5660,0.000283072395765217,176.64781040236917,172.73756736797702,176.70794776683746,3.4043651224041938,229.85042914275124,174.14937469002695,-141.4359853457159,81.73134214877523
8,KLAC,short,1,14982,0.0015104116784200258,66.74231445618548,66.06969927375752,66.63996642127071,15.334804576181975,-86.31296248985635,66.16612167994299,86.33095524740126,-14.594043448865268
8,ASML,short,2,1404,0.0005687249866325323,712.0656294194079,703.0776359406458,711.3123405078877,10.578925318082664,-117.12368800103746,707.2126867744837,68.15302472724412,-58.81357367178426
8,LRCX,short,3,13965,0.001102236478462978,71.60438741485741,73.52034385043271,71.52710112391978,10.793513320609648,271.1144456244543,73.1880821759301,-221.1728663911573,45.19316111722026
8,AMAT,short,4,5457,0.0009129990689316806,183.22955655074588,181.53994648632178,183.0437625303896,10.139959068493024,-82.83664687436374,182.21773831128763,55.22134411639123,-37.3356849599446
8,TXN,short,5,5371,0.0012033939698109656,186.1752832153132,190.02963804075398,186.07960326593908,5.13924016774273,207.86414243275917,189.56110520033337,-181.86205636676573,24.655777133045184
9,NVDA,long,1,7003,2.7895586695514016e-05,142.77690797567064,137.43196400128113,142.7947608683493,1.2504047700559073,390.2146713859214,138.8168651075932,-277.35877770600223,100.7699421583731
9,MRVL,long,2,12162,0.0012046390787611295,82.22176485778967,83.19180829911164,82.27588760622037,6.5825330463668,-110.09746171139031,82.83742474236668,74.87797004136989,-42.598371641447734
9,TSM,long,3,5128,0.0003204067816519631,194.98113317128144,190.41659180228743,195.07692142054813,4.912693228762005,244.74388361596127,190.87214983697902,-210.73748354374783,23.92428256276138
9,MU,long,4,9413,0.00047743676359449577,106.23212218540598,103.13371031143929,106.28691999683315,5.1583090217783845,305.7399637685794,103.85445524897975,-223.81807757511578,69.88451548615684
9,AVGO,long,5,5869,0.000315137274527039,170.36498673038895,170.64461813004797,170.4265331778555,3.612623030573451,-12.780066232517674,170.51463907731323,8.784219680133969,-7.6169441590992895
9,ASML,short,1,1435,0.0005500117859668422,696.7130872068038,678.336799589476,696.0127614380763,10.051853217444876,-260.5779586084326,683.7521232153287,186.0301497053407,-79.83237278487624
9,KLAC,short,2,15079,0.0014711865398968735,66.31378884369892,66.8411684804573,66.21845115986662,14.37675112441672,93.16373946585749,66.43949927812999,-18.956907247053696,60.093085063997705
9,AMAT,short,3,5447,0.0009131884224405954,183.58388759756045,182.08716990864806,183.418947279637,8.984465907216377,-73.13955023064364,182.19174223151776,75.83156584495289,-5.742981393041763
9,STM,short,4,36492,0.008425505092775912,27.402711198536807,27.106155099604372,27.3588951151862,15.989689134462598,-93.24082100656072,27.122793247914313,102.14972839528386,-6.138143993053277
9,LRCX,short,5,13142,0.0009803800893770647,76.09075239132704,74.8697800449126,76.01581277770445,9.84871502350021,-153.07013485339135,74.97113107603964,147.14288926061667,-13.536974606608963
10,MRVL,long,1,11978,0.0011452879737591558,83.48594741411152,89.52980245469857,83.55334222633806,8.072593569818793,-667.5386368002493,88.59855270782177,612.3911211488592,-104.01561506270576
10,NVDA,long,2,7299,3.151835769449626e-05,136.99593186321135,143.3319673358759,137.01479593505948,1.3769804396063114,-440.73708874818715,142.34236428915315,390.26213065072193,-69.04273101922686
10,TSM,long,3,5275,0.00032669254608377695,189.54051759051845,192.08504575081892,189.64026369737746,5.262521603666087,-127.27602213307824,191.7423196637852,116.16524536582202,-17.84241379614341
10,INTC,long,4,43554,0.000706644009624727,22.959999084472656,24.610317305871835,22.97603880531526,6.985941412101338,-664.0623443593917,24.261577164019496,566.889430072786,-141.70485391065327
10,NXPI,long,5,4349,0.002074563108648624,229.9100118709063,222.8077521824057,230.1379069391483,9.912359465667052,328.9901129984763,224.2432161012523,-246.4788602958219,64.42612093996797
10,MPWR,short,1,1336,0.0019356848426893849,748.3644513145401,759.7478732879601,746.9205840991192,19.293637116043005,168.8361315620181,760.8421139276919,-166.73243352532486,-14.402681181537517
10,ASML,short,2,1500,0.0005209346261773123,666.4494168734469,660.3323710771136,665.7857064019089,9.958902427309912,-82.58470375910771,662.5994036024782,57.769024527480184,-34.33168847480052
10,AMD,short,3,7057,0.0001764391592425292,141.6999969482422,144.92072622308072,141.63973353580477,4.252887348997895,226.3991337046867,144.90443235324096,-226.14223528665556,1.1243298501468415
10,KLAC,short,4,15213,0.0013249260809169014,65.7325637276987,66.60144186862178,65.64250175217947,13.701272308854588,143.98188530721526,66.62837013912662,-136.2804614070504,-4.043196325682933
10,AMAT,short,5,5545,0.0008906428690746951,180.31613687024355,185.44484135664376,180.15399676032536,8.99199110697868,285.3055689019228,184.71232196599203,-243.80430792569587,39.50066150629473
11,MRVL,long,1,10744,0.0009809883293067524,93.07185950964124,90.61738854185003,93.14637687284905,8.006433265694488,279.08422121776823,91.25502334228165,-195.20789387165863,70.36561201905884
11,INTC,long,2,38520,0.0005352069095045286,25.959999084472656,24.842466653559647,25.979551950514175,7.531920928769827,457.71835494910323,24.930394410768123,-396.6119838272129,35.394133132861405
11,NVDA,long,3,6736,3.0461031280915082e-05,148.44804913905642,145.69451059109005,148.4686266478236,1.3861757622637325,190.4063540540293,147.1871418828759,-84.93929448674635,102.44938438175603
11,TXN,long,4,4815,0.0008235372592885254,207.66134118275284,198.96761798210574,207.79745412305454,6.5545632868620345,443.78257278744303,200.76289295313222,-332.1970372689454,90.2295051442967
11,TSM,long,5,5162,0.00029919980571140086,193.70906743114975,186.51288294296558,193.81028961500036,5.225474738635395,391.2548322072895,188.0795075350855,-290.6193277743786,83.99551641690003
11,ASML,short,1,1510,0.0004934350266977759,662.2302226053064,667.536539468445,661.5922299498629,9.634000890709702,89.04845153967821,668.6887634096832,-97.52712250081343,-17.260837019585242
11,MPWR,short,2,1611,0.001676893531312942,620.6372034619442,607.3791208783433,619.5068266285173,18.213165874066387,-199.67274694322447,610.1630897324505,168.76387156729453,-45.835768112695
11,KLAC,short,3,14840,0.001114256324005316,67.3826580350492,63.780673704982775,67.29798094133757,12.56660039554811,-551.4691256828181,64.61948528347654,410.0717947539854,-131.51500756697558
11,AMD,short,4,6785,0.00018587984381709808,147.3800048828125,140.92669931995198,147.31493151728725,4.41534559433576,-453.3017680937656,142.8017985820627,310.6395812912413,-133.0549336044268
11,SWKS,short,5,12080,0.005670616069249112,82.78010716833917,79.34592575228062,82.63730515653812,17.250764306290918,-414.81391426867236,79.48998697819059,397.45299960265737,-18.15609617559027
12,MRVL,long,1,11415,0.001185420419243169,87.59703173461781,90.1443250844989,87.67547557036028,8.955079206349572,-273.8774195518566,89.77312776114614,248.4212059971374,-41.178113320479085
12,INTC,long,2,41101,0.0005593598357291317,24.32999992370605,24.33756249794726,24.350373602349304,8.373891782630755,5.263922548991554,24.27508740336686,-22.56988101577673,-25.670234883082067
12,NVDA,long,3,7179,3.51115893408375e-05,139.28235565663965,144.24925560379464,139.301707185795,1.3893740570459396,-342.9860623744859,144.48523408331445,373.54899708194137,16.359077801272726
12,TXN,long,4,5192,0.0008325923336398894,192.60184153741187,190.9064477715575,192.7309221608342,6.701941289448491,95.56902925876578,190.98070351679934,-84.17043199961496,3.889640507620996
12,LRCX,long,5,14511,0.001178006327187178,68.91256332558095,70.17247410823552,68.97683209308362,9.32613218855708,-170.3861849459263,69.78963621570031,127.2732935467208,-54.556704377375894
12,MPWR,short,1,1768,0.0013852271169177129,565.5067604239604,566.0531465747453,564.3692739521049,20.11446284042136,29.74760643642171,567.366817477826,-32.891862379702026,-23.207554114483738
12,MCHP,short,2,16719,0.0025723022482066274,59.810038751569735,61.70182214612705,59.74504032387966,10.8674779429686,317.13517594556447,61.318060484036934,-252.13522076636684,62.196163539751176
12,SWKS,short,3,12758,0.0049133198414089115,78.37810858046448,78.33753339547548,78.24599397353585,16.856059596412322,11.68525711391828,78.11773124352666,33.22067113555226,28.058344757828095
12,AMD,short,4,7236,0.00019221349404605686,138.19000244140625,138.32751349209977,138.1292840414742,4.393834493041708,14.330442702340406,138.12885539453916,4.42485315773972,14.361430531457946
12,MU,short,5,10410,0.000670633129856413,96.05460833915046,98.8766545250693,95.98426559970981,7.323202983898569,292.52495841939555,98.25888905601266,-229.48203683047737,62.47839513016763
13,MRVL,long,1,10704,0.0010929553189164794,93.4202630641162,91.84142974085529,93.49971064530041,8.504320002790555,180.55913427352073,92.54878045672109,-93.28625062819538,77.01869601352016
13,INTC,long,2,39936,0.0005248298009126697,25.040000915527344,24.364416782638312,25.06037096633934,8.135004020453707,285.6436868199347,24.394918832626864,-257.6206307166959,12.519097116368279
13,NVDA,long,3,7053,3.102985802223129e-05,141.76848775116036,136.80066099231112,141.7879844192267,1.3752469519563342,364.5686644157281,137.6643723281877,-289.4941949424203,63.13648849438909
13,ON,long,4,14052,0.002325952863535657,71.16000366210938,71.41353711000785,71.2347168320183,10.499320694765599,-25.040109372274557,71.49251137167823,46.72676959766784,11.058724279225556
13,TXN,long,5,5211,0.0008224782306064179,191.86836800258664,191.97961419638116,191.9930297343923,6.497252939785933,0.6988001339257838,192.50956630074847,33.418655969033686,27.604603050468086
13,MPWR,short,1,1712,0.0011774374916179793,584.0084944066125,571.206731446161,582.8985677848067,19.005316402693143,-204.68659935159866,575.1080375619522,152.40286622378167,-68.2993722065209
13,STM,short,2,40215,0.007153568245734808,24.866150257148263,25.025132834106106,24.82085432447489,18.21590081494477,81.62934078528045,24.94624261908242,-32.209393535347075,31.5243941147716
13,MCHP,short,3,15485,0.0020400581255179194,64.57806225171016,65.64520652805582,64.50733668430934,10.951949460043616,173.3363186632945,65.61920726147619,-161.22270837237062,3.9605735063869583
13,AMD,short,4,7117,0.00019309041797279207,140.49000549316406,138.3603468149628,140.4277140164902,4.433872463396986,-149.41905315488964,139.08916072911774,99.71134666333883,-52.675056902655136
13,SWKS,short,5,12388,0.00438472143321069,80.71900240720376,81.35696041743844,80.58688735501217,16.36728010154438,94.65361764685794,81.10723012697409,-48.09619893613552,30.695626923990606
14,MRVL,long,1,10317,0.001095307810477882,96.92413252775935,108.91078000731662,97.0041850408856,8.259296321617347,-1093.2430164976442,107.06121300117586,1045.8778643712096,-169.8240528638676
14,INTC,long,2,40257,0.0005701053074018523,24.84000015258789,22.401869786948357,24.860838342845305,8.388965430518988,1097.6621948448153,22.816557349529894,-814.5904954220337,185.11292428953428
14,NVDA,long,3,7214,3.233549596572778e-05,138.6134117376161,142.0517211271757,138.63269382062938,1.3910690727228967,-240.68890397219107,141.55163104880722,211.9722236368389,-35.20478839680989
14,ASML,long,4,1487,0.0007520584248750784,672.0684178076104,701.7162748014197,672.4073051638403,5.042453227237838,-417.67550062699604,699.8937090838527,414.0246816985187,-25.972972026089934
14,ON,long,5,14084,0.0026273717514630193,71.0,68.54288451578644,71.07399560461438,10.421916142870664,369.2740839123847,69.25026054904197,-246.44217619127207,103.20196447125142
14,MPWR,short,1,1788,0.0013115764224332384,559.2441194623012,572.9674210693704,558.3910039994131,15.254795414002302,254.40219694781743,570.1453460227948,-194.92787105164052,49.25367381811279
14,MCHP,short,2,15430,0.0020215240562017752,64.80682245797192,60.065175507723836,64.73678444716278,10.807197167329546,-777.7566451692485,61.677256066806024,482.90693363271436,-268.3885538426319
14,STM,short,3,40041,0.0078002302607869,24.973881993979585,25.46293112233647,24.92427676529374,19.862842588029885,211.54452111375934,25.47617272483149,-201.12641317556887,-5.200344937273314
14,AMD,short,4,7250,0.00023942734263555343,137.9199981689453,141.39119254035074,137.8799713810562,2.9021743344336057,248.33379620109577,141.70560478155048,-274.47844133292256,-22.23704571343826
14,AVGO,short,5,6231,0.0003402247361565634,160.4680570015112,168.25333416661556,160.41341844423474,3.4049491404976315,465.9590112263226,165.7546561855268,-329.44869420122836,148.50689250617708
15,MRVL,long,1,8992,0.0006513874581835621,111.20841243342416,112.42681505758088,111.36891340549761,14.432448819421397,-94.0969155393627,111.15868156513966,-4.471862082760204,-112.79635483685377
15,ASML,long,2,1422,0.0007524287256333736,703.1211636409406,703.502963007554,703.4838831709694,5.158705907109352,-0.27121188662739254,704.7486043338948,23.14594947657273,17.706269793315887
15,TSM,long,3,5086,0.0004305402535243817,196.61528258035884,192.9901345363724,196.69880149412185,4.247834281594064,192.16873270019298,193.60656551131748,-153.0255954448331,31.9410614654449
15,AVGO,long,4,5674,0.00028410534730426634,176.22435033383596,195.81534172204056,176.28440373013365,3.40778083073796,-997.4161278757736,183.51005793040073,413.43364766349686,-628.4126505831778
15,STM,long,5,38400,0.0074154107297517285,26.041393568181608,25.84600679834933,26.08878372593651,18.198011420096922,93.9320837765487,25.921443022835717,-46.061492458856236,29.186800527811595
15,MPWR,short,1,1713,0.0012763436814281935,583.702762874203,600.2274359170647,582.8110587137944,15.276682193823778,290.1629642547152,600.9297628816777,-295.13309004479294,-11.70101402545768
15,INTC,short,2,47801,0.0006240427818070269,20.920000076293945,20.441700584185327,20.906343391667797,6.528051900737902,-227.3014446958193,20.496014623073908,202.66990997791052,-26.570215459765087
15,MCHP,short,3,17632,0.0020578057619028167,56.71431459162114,58.30636181988483,56.62947016317693,14.95996717145224,287.6001184721505,58.204249585364664,-262.7088071983232,17.513051978032845
15,TXN,short,4,5467,0.0008851284019036656,182.9145735161391,182.5687785862229,182.82201553511553,5.06017531814619,-13.870769736953525,182.23704920802874,37.04047715206081,18.170104481335866
15,MU,short,5,9986,0.0006037986833851061,100.1335706908436,100.3588548053832,100.07447752534074,5.9014339641702165,28.336042753171114,100.9087993338045,-77.41945459573886,-54.79780827389371
16,MRVL,long,1,8200,0.0004976537446623601,121.93905973672902,112.95333171237043,122.10882241076851,13.921927428833177,810.5551699627636,114.16020209361564,-637.9299348304166,106.84681566706153
16,AVGO,long,2,4380,0.00013342110289295332,228.25952497408727,228.5305842290752,228.41660120749916,6.88147552351724,-4.987648456794397,228.56028310879947,13.176148278865472,1.2995582111887096
16,SWKS,long,3,11710,0.004921987961935505,85.39550462284083,84.13489801495912,85.47780822995136,9.63793205204835,159.61393508238115,84.54638589235013,-99.43365686998783,48.908109131819295
16,TSM,long,4,5013,0.00041852060105669565,199.46793234421185,194.96228292144855,199.56163136675545,4.697447927715603,235.90965269728636,196.01449386623116,-173.1325149559006,53.969974551773035
16,MPWR,long,5,1670,0.0016988464120770686,598.6442915107906,598.4287680614781,599.3097428647574,11.115972596805067,14.721464780730294,603.8320764023756,86.6588885111168,90.29158739144087
16,INTC,short,1,49578,0.0006202908603373427,20.170000076293945,19.821026446068633,20.157544390901915,6.175352178937109,-169.7782633754714,19.95248799793378,107.83940383610127,-66.32429063290095
16,AMAT,short,2,5961,0.0008513774361413363,167.75687624920113,163.464299475535,167.61427619735244,8.500399806971716,-253.87664065685166,164.25127383322263,208.96922345948818,-48.14350045927974
16,AMD,short,3,7935,0.0002329132382777277,126.01000213623048,122.63183935946255,125.96648285473488,3.453637073075857,-271.92314106108387,123.19097066000286,223.71489789992566,-45.594301077175466
16,NVDA,short,4,7463,3.360887840016875e-05,133.9798724705664,131.3034624189392,133.96073515397234,1.4283725041057136,-202.37644050503326,131.5351198409734,182.47163432179434,-17.64290276634694
16,MCHP,short,5,18106,0.0020931779808219765,55.22734984227035,54.460151899781884,55.14260088925518,15.345468007647563,-125.31162063762564,54.82558273486144,72.74785202555569,-67.1005904926646
17,AVGO,long,1,4467,9.936773469370958e-05,223.8353587038701,234.5358958541154,223.9844080386357,6.658882476329239,-449.88797032770094,235.19228632410616,507.37862355612293,27.986780769756365
17,MRVL,long,2,8917,0.0004377435368764689,112.13416454327596,113.638518857248,112.296723475459,14.496824660454815,-118.075754179316,114.02842625157555,168.92815102470777,34.311199956535006
17,SWKS,long,3,11930,0.0045940804522454385,83.81619620313,84.69091084107589,83.89863118746618,9.83520943093049,-93.54954926585201,84.46405339001828,77.29498787062357,-26.78651685342172
17,ASML,long,4,1434,0.0009097368487832111,697.0584957183195,705.6911526467092,697.3593465653084,4.3160057417984365,-118.06589965244859,703.8127138664493,96.89600212345955,-26.618426109138188
17,MPWR,long,5,1713,0.0017722095200653845,583.58438126459,604.9524654424974,584.262366121881,11.617597712636591,-342.0119844537293,601.6513737887881,309.58663569864706,-54.5677857729657
17,INTC,short,1,51072,0.0005990064529363508,19.57999992370605,20.218757069222313,19.56702067552738,6.6288295348539785,322.34246223128514,20.05335075009593,-241.7522105384587,81.80835179931522
17,MCHP,short,2,18757,0.0019008703750715095,53.31145421857933,55.178723678742585,53.239072693873645,13.577105664556797,351.5215386571517,54.732641958439814,-266.58206208998774,80.84306605203756
17,AMD,short,3,8284,0.00021236595904931113,120.70999908447266,124.82003525241625,120.67231766620925,3.121648459050534,332.295819162309,124.50806359863986,-314.6437364736727,24.99371620473429
17,MU,short,4,11168,0.0003989823948303771,89.53821329990868,88.80573848576962,89.45290467864355,9.52762157308032,-72.87436644396895,88.76965725985443,85.83553454210302,4.062938558973724
17,NVDA,short,5,7348,3.438481389172686e-05,136.0767567466981,138.25244417722462,136.05887479777158,1.3141075194643104,158.66405780436835,138.4166660596518,-171.95510599281474,-11.87840717062884
18,AVGO,long,1,4315,9.24910057051839e-05,231.7444801131707,230.97502754041489,231.89247930160937,6.386309109342598,39.720820513116024,232.1962787614193,19.49555165361287,52.87373418716159
18,MRVL,long,2,9073,0.0004569649379007666,110.21299129539752,113.36268689474055,110.37499824807912,14.699442486538656,-263.5513261462788,111.5690751386389,123.04210486463847,-158.21888182370427
18,TSM,long,3,5097,0.0004120141282772887,196.16966271213116,198.23516327947914,196.26923792212352,5.0759739612993995,-99.1713742825728,196.80120646894812,32.19375249391772,-72.33614797740856
18,MPWR,long,4,1670,0.0020168594961474363,598.5752104526432,596.0712838920288,599.2442783185669,11.177674154226064,53.23179479172644,596.4253502593468,-35.91629181687377,5.940000414148516
18,ASML,long,5,1449,0.0009952743357969063,690.0593403907267,691.7660795560784,690.3628081318262,4.397704999221121,-20.28534595325396,692.6489881373066,37.52789934143301,12.763108908068887
18,INTC,short,1,49975,0.0006126370442098382,20.01000022888184,20.145707996022875,19.99608413122001,6.954571465593778,74.270839641081,20.147991263669596,-68.96103608663834,-1.1333767208240095
18,MCHP,short,2,18207,0.0019136447696389805,54.92233061412773,54.59130911085124,54.848593622215134,13.425685160860473,-47.12920711270339,54.77353952900816,27.09118193926308,-33.38084781716602
18,MU,short,3,11539,0.0004151691637142367,86.65609574285745,86.16105159454762,86.57356266333002,9.524209326523383,-47.87674490366966,85.96763451314851,79.44752458636825,22.448319492347537
18,AMD,short,4,8093,0.00020641732671070303,123.55999755859376,122.45605843616772,123.51819350748072,3.383299768456458,-86.73601656602804,122.62925153276473,75.3274558287091,-14.143285257485521
18,ON,short,5,15342,0.0022381772466568486,65.18000030517578,63.28341886692361,65.09952597537354,12.346475824709799,-286.979929492898,63.64318811637997,235.77971488192514,-56.850476143348324
19,AVGO,long,1,4282,8.997841736747357e-05,233.52183118245577,228.52249246754107,233.67231888561994,6.4442670050233835,225.35315287664062,230.38695683028885,-134.24330977079273,81.58778344379414
19,MPWR,long,2,1600,0.0019718518153360775,624.9591153919124,610.1207839593371,625.7037507062449,11.914944449855177,255.4078988390332,619.1188661525526,-93.45010090295808,147.48034208608777
19,TSM,long,3,4656,0.0003780902544313542,214.751991658772,209.27170020981882,214.85050186565732,4.587161503109554,266.5817523461183,210.50561020592482,-197.73420586452207,58.96210499885419
19,SWKS,long,4,11948,0.0050199255078010934,83.69397710444821,86.16085144757959,83.7725683554228,9.390311429043077,-277.18889171027035,85.82120529178866,254.16741573718218,-39.420009213531486
19,MRVL,long,5,8214,0.0005275268981559678,121.7300135750655,117.08254386135125,121.85790404176925,10.506075120486388,407.86269438021054,118.11868231236303,-296.66728497286465,88.49640747802437
19,AMD,short,1,7747,0.00018846456722604337,129.07000732421875,123.51677743252037,129.02802636030245,3.2525731412447736,-446.19435855934466,125.54708019404588,272.94700009766177,-164.3746544986327
19,MU,short,2,10503,0.00035966172689679357,95.20315924295748,100.37337827542706,95.11666827702862,9.084884011898797,523.715559714837,99.55100196740187,-456.69101309429664,81.93171557587344
19,MCHP,short,3,18135,0.0020993653283477988,55.14155661213636,54.494773988461056,55.08291791809038,10.634210865399417,-107.92666646417528,54.652575887946995,88.67735229689647,-28.9572536844272
19,INTC,short,4,48007,0.0007393023343378422,20.82999992370605,19.86315831445706,20.815550031292105,6.937058313428606,-479.4764768812536,20.07803349732248,361.0016462495418,-108.17775273382713
19,NXPI,short,5,4892,0.002150679451163486,204.3793064013028,205.61201088662287,204.21923333255552,7.832156374627674,67.73814175842803,205.6660719255543,-62.95967761652391,-2.629274364775918
20,AVGO,long,1,4603,9.93814192154611e-05,217.2197260477385,227.13002344487722,217.36591655434697,6.730075084264409,-429.8906301526418,226.6603898723867,434.61355910988567,-20.67686012476898
20,TSM,long,2,5080,0.0003809058210357489,196.83715933615204,205.90882064168866,196.938350976895,5.1408809741130375,-435.65252021930513,204.67052372898772,397.96166634665326,-60.13811884512529
20,MRVL,long,3,8965,0.0006166835426319903,111.54374644411584,117.77855360547738,111.66504082607061,10.87415348878731,-519.0684205449829,116.66373806012166,459.0119822244781,-94.65352657411815
20,KLAC,long,4,15014,0.0013783669647283478,66.6004896447747,71.72132070780985,66.64704388257829,6.990074405142622,-707.4990777015931,70.75542026912201,623.8588704840402,-134.67410097241293
20,ASML,long,5,1406,0.000993088639871167,710.9582438675993,733.6903438334917,711.4475085968054,6.881764624381867,-303.1637996006429,734.6285293521141,332.93496050835427,12.787213659108861
20,ON,short,1,18796,0.0023596731408283963,53.20000076293945,55.004064210273,53.12239044797478,14.588404859335714,342.0972230533437,54.95812218945921,-330.47394761402177,8.352477489328772
20,MCHP,short,2,19134,0.0022334682900380476,52.26295456664477,54.1422724576244,52.22025765325852,8.169632532314077,354.9933752540928,54.040902263349984,-340.1927256978947,18.722929362404546
20,AMD,short,3,8674,0.00020864059252581277,115.27999877929688,118.51829094885751,115.23766442240878,3.6723071943416583,276.80339466457286,118.35055972225419,-266.3567813559655,14.15234941885057
20,STM,short,4,42716,0.007672577307736521,23.41036528424839,24.131220471657684,23.358363090128666,22.21332024866455,320.27281108170456,24.200062562830993,-337.3280463564361,-28.528226019137563
20,NXPI,short,5,5058,0.0022185524142876883,197.6740256126729,206.33858652261185,197.53089240630035,7.24087071778453,426.8563754722772,205.9806268729022,-420.2171344709427,17.348168160995634
21,KLAC,long,1,13279,0.0011494780215023977,75.30453554590633,75.51522189414922,75.3583030917154,7.140014265978558,-20.779757841905976,75.44951229457655,19.25206066530189,-8.701503872262567
21,AMAT,long,2,5204,0.0008282515917661861,192.12522085892536,189.6632829444678,192.2529970807773,6.650674038562055,136.54272435365164,190.61747514113765,-78.4772405750325,50.30980070872402
21,MRVL,long,3,7978,0.00072178029489131,125.33732398366875,124.27115440853963,125.43191190661204,7.546668457323621,93.40522373007337,124.70962369741353,-50.08087505817563,35.283271565374086
21,NVDA,long,4,7196,3.52648966622383e-05,138.95245710585658,143.96109215819612,138.97585239878825,1.6836904808271385,-346.2907709764865,144.1069174485145,370.951363510698,10.129493193767946
21,TSM,long,5,4750,0.0003064938299565779,210.5211263568428,216.87701914382907,210.62137408541346,4.761884486629908,-288.4420434728944,216.68092599039983,292.5976950700841,-9.04167505636916
21,ON,short,1,18148,0.0022557185348518953,55.09999847412109,55.457839007627285,55.018706898921614,14.75346233224537,79.18305447229484,55.14179323888604,-7.585256973206827,56.988475280794965
21,AMD,short,2,8170,0.00021318061564578724,122.38999938964844,123.06440867360487,122.34242026997278,3.8875006056813888,58.66752308110265,122.83861974202846,-36.65498444458381,18.347216226850904
21,MU,short,3,9521,0.00033462347829525137,105.02532379682752,106.15850400314035,104.92432760471976,9.616365697013766,116.2578928565231,105.76389854711262,-70.32349185743773,37.1713467265948
21,STM,short,4,39606,0.007434395765288884,25.248207033472813,25.10910350170226,25.190010788888312,23.04965438034753,-32.22229227760589,25.116034232122576,52.34938115605931,-2.7602460676643172
21,NXPI,short,5,4779,0.002257898392210038,209.23552176138455,209.87233844333332,209.0656145568343,8.120380474592967,38.438790575387536,209.2137940930259,1.0384311504914943,31.378330045396595
22,KLAC,long,1,14126,0.0012164006561640238,70.79001395469625,71.19796292606257,70.83569384954609,6.45287270024755,-50.8819440371758,71.64483108078412,120.75391405275418,62.76417700118818
22,MU,long,2,10582,0.00042147490726715623,94.4958824985176,90.67611088486436,94.56637567006774,7.459919912515351,429.0286324854662,91.60968383544879,-305.43115602037875,102.95688042574244
22,AMAT,long,3,5645,0.0009012425012872041,177.13920406806753,174.41169372896778,177.25732531773457,6.668272576275768,163.1560090912738,176.70647685940895,-24.428652648359915,131.57277940361163
22,MPWR,long,4,1550,0.0019306341821895884,644.8038270026598,614.6364607641153,645.6149570688925,12.579485919046872,504.0133197803587,620.6829576344804,-374.08074142959214,98.3751738848702
22,MRVL,long,5,9294,0.0008290811775200714,107.58990879498116,105.3949784723526,107.65959500359506,6.477020883686518,214.86949037486744,107.543377889151,-4.3248392299337475,203.84267333589995
22,ON,short,1,18218,0.0021263198315097536,54.88999938964844,53.67463151853599,54.8124390974882,14.130131722111575,-211.9823735649275,53.89592092942543,181.1037477275831,-41.22793294128535
22,MCHP,short,2,18150,0.0023245359573053825,55.09390766845349,53.44190044328747,55.043207618609465,9.202478457169862,-299.63514808409525,53.640139947615104,263.87086746268426,-37.09439647229667
22,TXN,short,3,5651,0.0008760330322276601,176.9326928348551,175.8288801905787,176.8054434456184,7.191965893801928,-55.54054908279132,174.81689222960665,119.5822304712944,57.55527532650888
22,AMD,short,4,8488,0.00022734397923477378,117.8000030517578,116.2488622275266,117.75845690831005,3.5268372131953423,-129.85887791562348,117.26550102021456,45.37368571275813,-87.45365530530125
22,NXPI,short,5,4779,0.002230493681668086,209.24526994053173,207.0807370082812,209.09441060843548,7.209688999857484,-97.24099060328098,207.39353868408676,88.49572833695274,-15.105300489299031
23,KLAC,long,1,13916,0.0010505773419245737,71.8559189576493,73.94892309559454,71.91387961412522,8.06623272191237,-275.1958238578531,73.5693133106378,238.44860351703917,-51.33405181114215
23,QCOM,long,2,6115,0.0008031674876750239,163.5246637423606,165.21792685839205,163.58964729133297,3.9739295275214594,-98.55344380726171,164.26069847497516,45.01062505006713,-57.93731961286069
23,LRCX,long,3,12803,0.0009622889895965609,78.10469194618075,80.14913679746678,78.17332086357709,8.786785490893253,-246.51743148307241,79.43352051540023,170.13428209090586,-89.28558817481445
23,AMAT,long,4,5781,0.0008460480802933435,172.96599153168333,176.91137989427162,173.10681089955332,8.141448305703475,-215.05507429720112,175.7272344707105,159.64080074789587,-66.93438399885898
23,MU,long,5,11323,0.00042695297616163506,88.30973006307066,91.79139617133927,88.39399141493962,9.541570539144557,-370.1223533040071,91.39896159173132,349.8177977052289,-42.75287183511471
23,ON,short,1,19743,0.002159358065929162,50.650001525878906,51.39670928409431,50.581051647200844,13.613006239068486,158.6984163489788,51.17282826089882,-103.22343914496841,43.55940804653283
23,NVDA,short,2,8727,2.8513135081933116e-05,114.57886776806536,122.00255943672168,114.54601112075099,2.8676009768995807,611.1796629838848,121.82439760967512,-632.3617943473148,14.603122087694544
23,STM,short,3,47150,0.006638414101878185,21.208887039943424,21.853458069080915,21.153370647018043,26.17600481384252,320.3554420768681,21.806427464807612,-281.7405853210592,21.52089803116492
23,MCHP,short,4,19794,0.0023994312351543223,50.51863044626339,50.06044423688398,50.47040601194418,9.545871274262986,-81.89335538459748,50.11595524326977,79.70825801026923,-11.088796200670833
23,AVGO,short,5,4700,0.00014898972287911543,212.74677084861287,223.2230578429482,212.63142648334755,5.421674077835587,474.4864380028585,224.72876141491514,-563.2043447008867,-67.4528691846114
24,MPWR,long,1,1411,0.0013567372920062115,708.6960331614794,691.2003585032812,709.8434223901314,16.190146056463423,269.7201130974486,690.550875836792,-256.03582460793774,-9.396445741081761
24,KLAC,long,2,13325,0.0010743931593609275,75.04570741863716,74.45993411054003,75.10122436733417,7.39775139799896,86.12554717576083,74.46892933084352,-76.85690596213931,1.2080618135030632
24,LRCX,long,3,12101,0.0009166323589175088,82.63451018159337,82.02704416060128,82.70183106495318,8.146824276185763,82.2639546819138,81.55053727271523,-131.17678152820835,-58.091437130550524
24,QCOM,long,4,6084,0.0007322163143186561,164.34770938567016,165.59141294484073,164.42350931687903,4.612168401507775,-70.52923863574534,164.97626884124298,38.24570831698079,-37.148309363279004
24,AMAT,long,5,5543,0.0008655169640856523,180.40476922039613,176.30606189360586,180.54172318236522,7.591482340567766,240.24479040972648,177.49144879115366,-161.48799401657405,67.234608090965
24,SWKS,short,1,16218,0.00424225144324962,61.65886321989888,61.601318247845775,61.43172269828588,36.83825970046396,27.531155888181758,61.38272139073892,44.785423334052496,35.48574337765852
24,ON,short,2,19630,0.002136539339588398,50.93999862670898,48.94092489525595,50.87979060645981,11.81939966083984,-396.16450145832914,49.259948485758045,329.80961645924435,-65.18544371298195
24,AMD,short,3,9221,0.00021432585036820187,108.44000244140624,111.50453307689588,108.39294347761697,4.339631384156063,279.054986682299,110.29659091400356,-171.20881877520247,108.3312157416327
24,STM,short,4,45322,0.006334143467888344,22.063929160669385,22.899651605771748,22.015431016659665,21.980737726520474,386.1284024466202,22.813961678324297,-339.9360613393834,37.41975158515206
24,MCHP,short,5,20032,0.002089276085444216,49.918127459138894,50.843537466915116,49.87006384312713,9.628489380157532,191.46457392376502,50.29298465540039,-75.09440264327597,108.28373455977224
25,INTC,long,1,40650,0.000369649359619995,24.600000381469727,25.961016269450184,24.61789417810253,7.273900957450281,-517.3611377179333,25.53428293448848,379.78964980932057,-164.37466489471174
25,MPWR,long,2,1461,0.0014427777174288734,684.2264129118208,678.6697795689736,685.3413382088801,16.29468368978222,98.30345833497451,683.4139061284229,-11.874823421974774,69.90331236588078
25,QCOM,long,3,5960,0.0007456585096713535,167.76577342102928,166.55351488180906,167.8356926992977,4.167672394830979,76.98293358735258,169.05734334658234,76.98649725839523,150.33176973479445
25,NXPI,long,4,4530,0.0014914390411330987,220.7094153883263,233.45202147992134,220.885879728743,7.995324535938199,-538.2751312889845,233.5417795807653,581.414443505328,3.8448200308981146
25,LRCX,long,5,11907,0.0009296508012353183,83.9796101900289,86.68020488716611,84.04464247798701,7.743818744926689,-304.05585826774194,86.78003954538454,333.4653910656218,11.51758447599244
25,SWKS,short,1,16044,0.003936100919625673,62.32631773564106,63.166911893088546,62.10509358416046,35.4945004803483,168.09723272925564,62.93826587052999,-98.18454821677786,36.197118983043815
25,MRVL,short,2,9384,0.000659233661943236,106.55414724761044,107.65261593764679,106.40202478776627,14.276540498294919,116.16913708858429,108.69742036102511,-201.1440351011518,-97.0533241833605
25,AMAT,short,3,5900,0.0008554313730180996,169.483364809272,171.14819600984293,169.33997693094102,8.460292164504223,105.65224297181146,171.63524288268434,-126.9669194869929,-28.457610667038132
25,TSM,short,4,4975,0.00028872364417407916,200.999261481411,197.0782324490918,200.86896831855034,6.482270725790844,-192.34675602429917,198.3189248585187,133.35057070048904,-62.954309768705784
25,AMD,short,5,8768,0.0002071764377443429,114.0500030517578,113.8470785653597,114.0047249723775,3.970020006027345,-13.847207060943836,114.5172646107711,-40.96988570892399,-58.867215027098304
26,INTC,long,1,40733,0.0003366532936800995,24.549999237060547,23.64877537273482,24.573268418457026,9.47828192244997,390.92639307998695,23.756065402158878,-323.39464748461194,45.36811218891014
26,NXPI,long,2,4339,0.0012717589783721836,230.451042236498,219.44229773070796,230.6776254293101,9.832161773412913,511.9946252289858,223.50923458183138,-301.227001939209,185.33058089440078
26,STM,long,3,36719,0.004300761672517127,27.23346929039658,25.587475160854062,27.298984027799122,24.05669902131924,668.8854043573141,25.865688269046814,-502.2426657304701,108.73019180039547
26,LRCX,long,4,11695,0.0008758442966771838,85.50271864974923,79.07534485373496,85.57234876470714,8.143614151398829,821.6219509367476,81.05187110202301,-520.5504126668219,249.95480600736144
26,ADI,long,5,4268,0.0009722760097500968,234.2864029399146,226.65258550698428,234.50203797061147,9.203907183301675,346.32088780585775,229.01197651914617,-225.1272952498708,104.09724675693977
26,SWKS,short,1,15768,0.003693561799463581,63.41926126361662,62.935130330739774,63.202062427545194,34.24808673954569,-42.41384667079019,63.11155726691938,48.51901308313894,-28.033140672377257
26,MRVL,short,2,9634,0.000656377469506109,103.79543899381636,93.22390539525622,103.6492385013615,14.085444781786268,-1118.3111308095629,95.99459604511051,751.5593194004013,-297.2081718854139
26,TSM,short,3,5174,0.00030545996402255466,193.2640202250117,183.78141957069946,193.14036822944942,6.398086690855311,-509.24346327348087,186.97123837445838,325.6054511971148,-173.56590297376735
26,AMD,short,4,8969,0.0002110880661341806,111.48999786376952,103.69633925793251,111.44574740192382,3.9690073274341824,-747.3174269648586,105.77522034656923,512.5820815050351,-200.4777703353391
26,AMAT,short,5,5819,0.000847789758629783,171.83167524452904,162.23407053293798,171.68977961358445,8.257827361728333,-582.8436067457669,165.4340320625142,372.32036368792416,-197.24349632998624
27,INTC,long,1,40000,0.0003264214276081939,25.0,21.566985309613933,25.023755174821495,9.502069928598189,1602.8062409198353,21.889298112533584,-1244.2807549865663,149.4473141667942
27,STM,long,2,40392,0.005196168481826532,24.756806221225684,24.710943174322775,24.817413414785033,24.481022720687786,43.086271418766216,24.520230851987755,-95.55972895853475,-77.17727364335906
27,ADI,long,3,4423,0.0009895695830965496,226.05693057240396,221.6641154922097,226.2616168991789,9.054636204103819,207.4084655858868,222.92866245416963,-138.38408361615683,57.047887934046976
27,MCHP,long,4,16655,0.0014074092852676232,60.0402464286621,56.66018929495021,60.114574069410544,12.379636188994782,609.6670020776309,56.966041316013445,-512.0240664403881,53.980056344516456
27,TXN,long,5,5236,0.0008542797195038782,190.96506274585684,185.16090802950703,191.0764199759022,5.831288113342979,319.4795277981946,186.51711873605535,-232.91925474980587,73.24498032447542
27,SWKS,short,1,15655,0.003579398395844194,63.87523535947229,64.48633449013569,63.653428591554416,34.7250020558998,129.16006238634654,63.30180367961475,89.77370911127387,183.6871051652245
27,MRVL,short,2,10915,0.0007444622309040152,91.61526441060406,78.71020057208726,91.51311274516621,11.150070470791642,-1626.588686094545,82.04530881630963,1044.5809064528278,-423.7199524308018
27,AMD,short,3,9850,0.00023523017212639477,101.5199966430664,99.68176480590435,101.47952349813443,3.9867165356869583,-180.34980577747467,99.14431978162364,234.01073089032883,53.916082377474154
27,TSM,short,4,5623,0.0003535132858252049,177.8229228730043,174.46468156437567,177.74426846868997,4.423187013437389,-187.97998969803905,175.39892064192958,136.31550937928694,-53.54889420465236
27,AMAT,short,5,6331,0.0008915589184408774,157.94829190823214,151.65134401070142,157.81739231135393,8.287496831827792,-406.59371276112086,152.01421917497103,375.6971766879756,-23.92825244226016
28,STM,long,1,40106,0.004942857530198067,24.933711622313417,24.36142488292081,24.996592981032716,25.219413648397836,260.7269899706093,24.479715937797558,-182.0810681509506,48.55670612258681
28,MCHP,long,2,17965,0.0015672996643806396,55.66111084131248,51.23114403305652,55.73293862216762,12.904482100603936,878.7222448529257,51.69400944398353,-712.7240792299291,90.34844324935398
28,SWKS,long,3,14657,0.00405384474966672,68.22604819428688,66.12385568882264,68.33312217372558,15.694002843869185,334.1103542569716,66.16164877374634,-302.5822944723051,5.715499274807146
28,ADI,long,4,4636,0.0010042261545026633,215.6610318671796,206.39001978736027,215.85671424559996,9.073608557195817,458.67985612836526,207.6934884541062,-369.44752346267256,63.15560549336897
28,INTC,long,5,49407,0.00036747006008176764,20.239999771118164,22.228482751939115,20.261597736962035,10.67093186171382,-884.8489736914221,21.64632516227244,694.8248058584751,-261.89713268481637
28,MRVL,short,1,14690,0.0007172559126617641,68.07156398055552,67.65632803815525,67.96858631999645,15.127852885603184,-46.15359581221958,68.55299287761133,-70.72393653146058,-132.53229453280392
28,TSM,short,2,5906,0.0003276794844124767,169.3023426119347,169.4962652684287,169.22198077071747,4.74664673727762,16.182332824669682,169.83759126400318,-31.614958411729823,-20.137670587251026
28,AVGO,short,3,5341,0.0001746538397520772,187.21241451218023,188.74182584585066,187.11414828208393,5.248916336683787,86.23830761794589,190.1734274125691,-158.1632771578956,-75.84972542798619
28,AMAT,short,4,6634,0.0008643901612750862,150.71981209705532,148.68471190212546,150.5873367029774,8.789514280485417,-127.9637143934739,149.08498144463198,108.46819868449708,-26.920692610952923
28,ON,short,5,22614,0.0020608945397777526,44.220001220703125,43.29488841073304,44.14085132372307,17.899116869087496,-195.39556378214692,43.47717010017511,167.98532338805873,-42.10235806887598
29,SWKS,long,1,15155,0.004237898360348595,65.98414671680155,65.29981266043262,66.10700934927337,18.620022927497757,123.61393638880304,65.98394858676843,-0.030026914489442117,104.76843630370078
29,MU,long,2,9933,0.0004905635776915805,100.67209887531324,99.11752744211178,100.77188975560952,9.91246645407462,166.90915887343436,100.36990790389089,-30.017350864674523,126.35307741212036
29,STM,long,3,41160,0.004882382735628939,24.29488699487494,24.603968596060955,24.362051856623886,27.64567777702138,-98.32427581451229,24.523696750664364,94.180209950222,-32.6255681408417
29,ADI,long,4,4915,0.0010503752714092767,203.4491865655181,203.03640816895515,203.65852612398777,10.289525458597216,30.640709252250495,203.54280415443947,4.60152190833299,24.941141840084374
29,INTC,long,5,40950,0.00032069014084562194,24.420000076293945,24.937222637919614,24.44624044758507,10.745442755586586,-196.8872786931598,24.459748460379977,16.276979509356373,-191.4704714604378
29,MRVL,short,1,14604,0.0006637068600766508,68.46994013201237,69.34985177119977,68.36686001263696,15.054799109896091,141.743887471585,68.60696160894797,-20.011917152464136,107.12209806918592
29,AVGO,short,2,5385,0.00016136900852004393,185.6819461310728,189.37865516385736,185.58534057157038,5.202743805487031,200.30317508617117,187.30885101767808,-87.61782825438736,109.29447906303956
29,AMAT,short,3,6611,0.0009039453776887794,151.24392488553823,151.14465275865092,151.0996293005142,9.540587176194252,2.9788323513240735,150.82750442102835,27.533037431092286,20.983100085518384
29,ON,short,4,23223,0.002356832306961601,43.060001373291016,43.41251211756969,42.98920691922241,16.44088523241809,97.50764876284622,43.04832459606236,2.7117456702871108,83.88999017634377
29,TSM,short,5,5856,0.00032301293403139283,170.75516343842023,172.39002100823748,170.66562585249773,5.243623918569815,100.02871080672111,171.5112776221658,-44.280604376467934,50.974144613027576
30,SWKS,long,1,15280,0.003786846161852977,65.44267005770982,63.947785250471,65.56183103764317,18.20845326577815,252.40057663455758,64.40832262491554,-158.05397791412705,72.01772080779756
30,INTC,long,2,40453,0.00035642004771797733,24.71999931335449,23.784092268912293,24.74291777061506,9.271220832190066,403.13731163750447,23.96793368748147,-304.2336758750356,77.29595752093184
30,ASML,long,3,1390,0.000868128745366597,719.2088184317491,698.0159899923697,719.8284938728925,8.616071233589736,312.4928969143142,703.5669487309239,-217.48717896608565,79.52480771414515
30,AMD,long,4,9113,0.00025367784861809876,109.7300033569336,110.17603284253933,109.77644862749086,4.232686515664481,-36.267798425773655,109.77077474163437,3.7156095373617175,-36.78278210326769
30,MU,long,5,10445,0.0004422658833048969,95.7311370966445,93.3208759463797,95.81897764277666,9.175755015160604,267.6894822367845,93.64572440084002,-217.84058552434922,34.80983768808325
30,MRVL,short,1,14062,0.000644307430222747,71.10914726133177,67.01082059819738,71.00514581459116,14.62560735799536,-596.0716762959958,68.79141358685936,325.94029934778314,-265.71723383878066
30,ON,short,2,22060,0.0023341655278880406,45.33000183105469,44.18508034236345,45.2668102715672,13.940339054695153,-244.81791609794135,44.6961182247264,139.8375426259146,-115.65847077864872
30,NXPI,short,3,4955,0.0016605311353776913,201.776182242925,198.49518328213432,201.57432957211466,10.003790762940898,-155.12448408401676,201.926386166565,-7.444085915907821,-172.86076305205322
30,MCHP,short,4,19606,0.0017654180306575476,51.00347918660421,49.763071369427514,50.92925041806891,14.553667655440048,-234.3462765760578,50.12381963921724,172.4704983690621,-72.49316809881506
30,ADI,short,5,4862,0.0012780610903737975,205.6525837972267,205.12968084623841,205.50579002234653,7.137949456784095,-18.335190429611252,205.7102959822408,-2.806295158003719,-28.30478425194899
31,AMD,long,1,9976,0.00029241574507537707,100.23999786376952,95.11041259339872,100.29179522200528,5.167334331566393,544.7755390103499,98.38473000748688,-185.08259136278377,344.26487329899544
31,QCOM,long,2,6811,0.0009486389517198347,146.81507716594933,137.7389001442895,146.90239833296184,5.947697518409695,665.2803368600339,143.20832778800025,-245.66614325804377,397.0866355097374
31,SWKS,long,3,16577,0.004431031924974239,60.32239251589772,56.245771846593925,60.43775166551341,19.123768936268505,745.2968785552081,58.885074081564994,-238.2727830223121,469.24455800332254
31,INTC,long,4,44682,0.0004330847601406164,22.3799991607666,21.807531212867985,22.402257833207464,9.94578788004764,272.7161614646908,21.99577881380214,-171.68023296355682,86.32228889030551
31,ASML,long,5,1533,0.0010427046384372354,652.2599174041974,628.0095413654351,652.8124115509806,8.470459889395391,394.9441617020417,644.4823471528041,-119.24035256291276,262.3018394203595
31,MRVL,short,1,16629,0.0008087753757590628,60.13403239397138,56.139553616946245,60.0400818901953,15.62351634105565,-694.7914655437602,58.65092061841191,246.63434606260634,-447.34359995117336
31,MCHP,short,2,21612,0.00209522655388456,46.269017887564814,41.27476541725185,46.19340285282559,16.342476713676763,-1191.681499785792,44.13744325682927,460.69156598813845,-693.566107678202
31,AVGO,short,3,6138,0.00017181209556592952,162.91010457469025,155.35200831269202,162.8298953654146,4.923525737403923,-481.35116719386707,159.5472266407164,206.42537445748593,-270.04596680721664
31,ON,short,4,24660,0.0028691566820169263,40.54999923706055,37.571147248191856,40.48315650347879,16.484028320441393,-775.0653010541421,38.745415290544294,445.02687557807866,-312.54516520225513
31,NVDA,short,5,9525,3.3035242152400194e-05,104.98287310192076,102.99357196750782,104.95985559056457,2.192501564882957,-190.9132371559142,104.51527117768838,44.54078178813226,-147.7470080036276
32,INTC,long,1,52246,0.0004734316760189041,19.13999938964844,19.649534337603363,19.161723953951725,11.350347437854849,-248.25544222598404,19.449867572715174,161.89560760086562,-101.61399321615787
32,AMD,long,2,12394,0.0003393369841582963,80.68000030517578,87.61445376469298,80.73879444748893,7.2873254946399735,-784.7631323103469,85.53986932208316,602.3635347700429,-236.7856390660782
32,NVDA,long,3,11449,3.8291337445279154e-05,87.33758937851368,103.04393700119601,87.35806391727753,2.344298590050926,-1522.2509485188264,101.47444021647175,1618.6444964367124,-152.3133558751786
32,TSM,long,4,7544,0.0004602211306408201,132.5539865509284,146.90582499451972,132.64012744737107,6.4985519246953185,-971.0777328047288,145.53336129806047,979.1764913947168,-93.42472951705274
32,ASML,long,5,1725,0.0010196752999175392,579.3936467106836,630.0899916892657,579.8840236062821,8.46362224339971,-796.8063093397482,622.359025732447,741.5576485121156,-122.6962189336177
32,MCHP,short,1,29258,0.0023812537107897455,34.17838197579775,37.30704895818615,34.09005064771862,25.844209986791437,862.3030768456524,36.28370906303418,-615.9820815178576,274.3020216632338
32,MU,short,2,15679,0.000572446063233037,63.777504968778274,69.60790755123324,63.69025211834528,13.68081904046109,850.141261397983,68.4396241003744,-730.9974157625684,167.83774889353626
32,MRVL,short,3,21156,0.001233002935638016,47.266663759258606,53.3367817185635,47.19029868353183,16.156222938797633,1152.3910586626996,52.31597842405593,-1068.2612782900846,191.38824308784444
32,STM,short,4,56919,0.007559596619637499,17.568737794831264,19.08653441863473,17.519178097809483,28.209025372535066,821.1843420327749,18.756410363355325,-676.0147384483563,172.96175829442143
32,NXPI,short,5,6531,0.0020493526543368707,153.0925033240788,163.08507415172855,152.83905770791026,16.55506381210709,628.2620587513584,159.89809219811212,-444.5409622459895,195.41837106756745
33,KLAC,long,1,14820,0.0010259960538613313,67.47470471118271,64.47933073662522,67.5909927851097,17.23432128006371,482.5828700354391,65.35772179171019,-313.7446734348832,136.2283145699644
33,ASML,long,2,1496,0.0007498690486036446,668.2439144018992,646.4381147038303,669.0632860720046,12.26156576133974,349.9974839593154,654.1771649595912,-210.50321804873076,119.71834704249538
33,AVGO,long,3,5455,0.0001380167611299259,183.30232194501684,173.99456888295833,183.43034829554898,6.984436922219745,542.3031002156081,176.2255759255558,-386.06963318139384,128.22279781032762
33,AMAT,long,4,6885,0.0007041324443980818,145.24162425959622,139.48370312686365,145.43946875858546,13.621749274548561,426.98648646465256,140.6749703951837,-314.417708263188,85.40548046939662
33,AMD,long,5,10297,0.0002308673219155239,97.11000061035156,90.85284683566773,97.2156870659251,10.883169077260545,700.3457185845043,92.1050928118122,-515.3854152077782,137.8323321457934
33,MU,short,1,13426,0.0004105942867575697,74.48023355257027,70.1793889818081,74.37136832103704,14.616660869677524,-597.323430717754,70.80767933582597,493.0911251979506,-89.52633574235436
33,MCHP,short,2,26084,0.0016723305398112954,38.33663405739788,36.81429226954517,38.19836992309639,36.06579912427466,-375.9620430612494,37.131559031356836,314.3403315577463,-86.18032352454782
33,MRVL,short,3,17957,0.0009038877441590464,55.68567699801741,52.183695006940575,55.56241333346178,22.135613895836347,-647.4662873282207,52.49923984222871,572.2184460291558,-60.46808974453958
33,ON,short,4,27886,0.002367130115758995,35.86000061035156,34.93469682062781,35.73390866161826,35.162282930052605,-228.7730862798088,35.10567201579164,210.35375954293022,-48.941370821592876
33,SWKS,short,5,18143,0.003853767954017324,55.11662149610918,53.810735343040704,54.87654695285523,43.557557908534214,-198.06672460802278,54.164807865004846,172.6908517372617,-65.79960665970225
34,AVGO,long,1,6046,0.00016103211839669433,165.38610877309156,176.1532989155107,165.509393157285,7.454337314542582,-604.2410686461741,174.131858455349,528.8079964597595,-114.75461842649071
34,AMAT,long,2,7483,0.0007679262757935948,133.62270100441995,141.34580393821224,133.8166759271009,14.516614409293732,-532.6743208028032,141.09497614162245,559.207012059675,-17.74568396097811
34,KLAC,long,3,16200,0.00109896819097625,61.72523818929573,64.58708403325875,61.83731481914724,18.157342626657375,-425.74599167467164,64.7742087952735,493.95849986472973,28.97247411237645
34,ASML,long,4,1601,0.0007328606283101177,624.3423979530472,645.1010733126021,625.1399010369496,12.773489138604765,-309.42705106893806,646.1463450671623,349.2306014392254,16.203224545770887
34,QCOM,long,5,7624,0.0007433168270979153,131.1610383206507,137.52703117487755,131.34128902657432,13.74270196633785,-449.7837330929893,136.94407748611792,440.9113590065796,-42.38829877875821
34,MU,short,1,14795,0.0004814547972683176,67.5878008880813,72.9380737365999,67.48125898973144,15.763480531979889,748.1435233091797,71.98767769253008,-650.986827006628,130.3017745576843
34,MRVL,short,2,19939,0.0009728721440879317,50.15200584495791,53.790665164419984,50.037869106106264,22.758160302600025,697.6667878790277,53.196664985360236,-607.0862150189397,110.42811559293585
34,MCHP,short,3,27694,0.0018225780127094774,36.108655817328206,41.10392062866901,35.97461569650298,37.12132667118043,1247.8870272507438,40.441671694116614,-1199.9936798281576,161.11575840541394
34,INTC,short,4,52826,0.0005019219946748344,18.93000030517578,20.100839948669616,18.90529740182089,13.049605365372592,594.7724323469653,19.884388680623815,-504.16712100479333,107.68269813527253
34,ON,short,5,29673,0.002530858511422255,33.70000076293945,37.30620746318692,33.57654473578236,36.633835122299736,999.7432012044969,36.68579915052309,-885.9935667619261,166.3016304393957
35,AVGO,long,1,5299,0.00014941971911686997,188.6999841664629,193.14579201632063,188.83816131074948,7.32258377746756,-223.02482806392965,192.2372183889087,187.452809711176,-47.040819161887406
35,AMAT,long,2,6706,0.0006803842659362969,149.10800170898438,148.8789880528153,149.31775331606897,14.06709262283407,29.471268510908484,148.45773013930005,-43.61077623140996,-28.295323539262057
35,STM,long,3,43582,0.004399105078573112,22.944907653458365,22.644848013901466,23.053603560203214,47.372562307290785,180.50708313467888,22.548674337680147,-172.689000000615,-42.47044456305429
35,NVDA,long,4,9129,2.7231520814961352e-05,109.53649064316204,110.13277088535939,109.57016231727239,3.0740143227743206,-51.08457397050667,109.67939007321392,13.045828765631033,-41.166748870543394
35,KLAC,long,5,14686,0.0009541568128069856,68.08855347452739,68.3060551216947,68.20704862397241,17.40309397075895,-14.494541888840581,68.00837801735274,-11.77517410538639,-43.57989988026877
35,INTC,short,1,49701,0.00042290999448100797,20.1200008392334,20.349544010370092,20.09396901090251,12.938283919018785,125.59249452338734,20.112355684970268,3.7997783023063163,116.55707139135569
35,MU,short,2,12727,0.00042117678322136536,78.56980932256964,77.84433844907647,78.44979069974589,15.275412255490075,-77.77730053746748,77.61107430929033,122.0233346046707,29.965459843780213
35,TXN,short,3,6379,0.0005421051423928941,156.74661477319782,155.32998783147661,156.54373177298388,12.943373642072135,-78.13970492446683,154.57023125115063,138.84724242346635,48.912421286627065
35,ON,short,4,25361,0.0021215750065564625,39.43000030517578,40.07884288356955,39.29241363384788,34.893905722298975,196.22054758573634,39.35848467082828,18.137365912754316,179.73528198753974
35,AMD,short,5,10462,0.00022822944279795074,95.58000183105467,96.95581559962797,95.47591270692111,10.890261784839849,152.636836022092,96.31706803901685,-77.11510711885066,65.88027305641822
36,AVGO,long,1,5042,0.00016501434138920998,198.3266273317508,201.92258703724835,198.46290629331574,6.8714404817143215,-171.33698585658507,200.77713393345257,123.55913246095174,-56.727338957106056
36,MPWR,long,2,1590,0.001347406242982259,628.9140693056669,628.2301970175546,630.6030991042205,26.85628897471406,37.771219816095936,629.58813318423,10.717901084757735,21.615264167847915
36,STM,long,3,43489,0.004769880075723176,22.994230707444167,22.89094196665379,23.09909595397785,45.60502495947177,90.93290596223034,22.896812339368275,-42.36643935400473,2.564495914163217
36,ON,long,4,24679,0.0019628459874954964,40.52000045776367,39.21191577779129,40.64426151857371,30.66659906372889,365.2832850349188,39.488082235555154,-254.66885749030166,70.42921833476912
36,MCHP,long,5,22047,0.0016034257616490551,45.35669945676202,48.97007582216807,45.50699469806475,33.1362826446407,-707.1831247881447,47.4282224246691,456.71818997364124,-314.85624059438214
36,INTC,short,1,49043,0.0004756507234171979,20.38999938964844,20.557035394512912,20.36207197550094,13.696623336673687,94.8402409542053,20.485444281169272,-46.80965884152322,34.825602023698956
36,QCOM,short,2,7427,0.0006854890812766507,134.6364605879462,138.91026390058937,134.45502565578866,13.475913683799487,320.7277935911983,137.72705012317158,-229.5507117261572,85.17828302914704
36,TXN,short,3,6361,0.0005777249389896671,157.19352545031612,160.5602267928708,156.99298209964897,12.757736051319235,222.1748663710916,159.0208562434979,-116.24720470814391,95.87496107356368
36,AMD,short,4,10101,0.00023047323449596328,99.0,100.78332480654011,98.89644626157505,10.459973578277719,187.2213035824169,100.48697141324884,-150.1991326513978,29.405002649013465
36,MU,short,5,12624,0.00046628630695815226,79.20820173530328,82.47642109565402,79.0975091301109,13.974891837879916,409.6821759062933,81.59296007640883,-301.07467268034947,107.11679865698511
37,MCHP,long,1,17357,0.0015252283954170212,57.61059406454948,58.65191017288946,57.701311403086414,15.746641743580973,-162.07464803805092,58.41613274308503,139.82474779430092,-40.19944603840233
37,MPWR,long,2,1454,0.0016693839123745665,687.6970857066314,709.974900446621,688.651538057423,13.878964599811662,-300.3396651879411,708.9863776109853,309.5736821754668,-13.923349050984806
37,SWKS,long,3,14517,0.003835235716276569,68.88151748151834,68.93162094499425,68.96175560396361,11.648715849907738,4.371674212246674,68.81095604817153,-10.24388485136712,-17.505013688711124
37,STM,long,4,40068,0.005853008672584728,24.957270211179345,25.375416236969727,25.01363606327999,22.584942833770068,-142.57112880877835,25.39523419721757,175.4855328056039,7.809905485991152
37,MU,long,5,10802,0.0005427183446537822,92.57414088151384,94.88067646246317,92.62987095852606,6.020047983328652,-237.22485840703112,94.09964888726769,164.78770326438735,-82.31682196157948
37,KLAC,short,1,13557,0.001220059846558823,73.76178148430841,77.47502518889934,73.69798985544668,8.648330826351689,487.5165028011936,77.12101704337815,-455.4168149781404,45.69319527913033
37,INTC,short,2,45085,0.0005620422810127881,22.18000030517578,21.97761981460651,22.164148349135576,7.146959342694747,-84.87203623619827,21.92299100035395,115.87434683752363,24.856565321169565
37,QCOM,short,3,6666,0.0007408057735285848,149.99844902116286,148.05896689784032,149.88488914217046,7.570736879843907,-123.32398925828097,148.42949905352276,104.59774603527637,-25.02598548712722
37,NVDA,short,4,8210,3.627524542788309e-05,121.79930827024248,130.6670496123231,121.77790453468927,1.7572953292737499,680.2897213954925,129.93967607272594,-668.3426957090766,55.66617917487247
37,ASML,short,5,1381,0.0009141790427267823,723.8043965396373,747.1090479920061,723.2782524013674,7.269148139819884,318.9734571504449,744.3979566922793,-284.5183070328897,36.28775888892513
38,MCHP,long,1,17462,0.0016089486365583867,57.26487595507093,56.57681058299456,57.366169410589485,17.688583766082235,139.5198526500509,56.8165211866404,-78.29489909002827,42.369055656504266
38,MU,long,2,10474,0.0005309385507313965,95.46676128549728,95.72711620474648,95.53108276193215,6.737578144346368,-20.47836084344569,95.47757312586144,1.1325240553434348,-26.068170522478006
38,MPWR,long,3,1456,0.0018302724038667018,686.5079632263911,677.8405599150482,687.5636892043973,15.378204399036886,143.4427188979026,676.1495065905432,-150.8861832740604,-24.94765619686327
38,AMD,long,4,8694,0.00020103498098850524,115.0199966430664,112.58523339692839,115.05805731058977,3.3090478729084762,219.64016408290817,112.6586676306151,-205.29725972598104,6.522545761202376
38,AVGO,long,5,4551,0.00022652655303339513,219.7191577202822,227.4551728602911,219.8046278808227,3.8899730650390065,-336.35396738888727,224.2664402530332,206.95885510994086,-140.19169435273704
38,QCOM,short,1,6823,0.0007623885343379326,146.56195844086562,146.04605907179413,146.44821187901852,7.760988121143483,-27.53602594827225,146.3612147625061,13.696847428557719,-21.57919855660395
38,INTC,short,2,47214,0.0006107911086387731,21.18000030517578,20.835055496353853,21.164038382952672,7.5363182214915705,-157.89873305419866,20.91094994499364,127.03038541335326,-36.426324207808385
38,ASML,short,3,1364,0.0010465861265954875,733.0300843645949,733.1281506810794,732.5286229828047,6.8409386256626386,8.177665769862902,732.1401790184757,12.140093088957226,13.476111395885022
38,AMAT,short,4,6221,0.0008590494668052157,160.72692117667185,160.84625954916197,160.59525073879502,8.19218317086421,15.605511192520755,160.0081987206028,44.71699269838163,52.10322148044912
38,MRVL,short,5,16414,0.0009721572366901404,60.92023111172292,60.986269656511794,60.8479238252218,11.869174686569385,22.684750529781628,60.30193820779054,101.49221246361942,112.21074064302653
39,MCHP,long,1,17995,0.001745731470702367,55.56926771604065,56.21477353250712,55.66243971252991,16.766820999940172,-98.25421064051976,56.55537560104446,177.45561990178265,60.58942287482216
39,AVGO,long,2,4335,0.0002338096902385668,230.63328446244665,236.58826969476328,230.70665562242758,3.1812910331626223,-248.60125482653604,237.02686306214545,277.2183821862818,18.53825500089349
39,NVDA,long,3,7464,3.5920373425584144e-05,133.96224703921547,136.78327151516817,133.98048318126138,1.361289650551251,-204.90724507901413,137.60403863125282,271.85208314483333,60.004933863103034
39,MU,long,4,10533,0.0005806439342885045,94.93810828574613,95.5162952906033,94.99722662885743,6.227040350685393,-54.34346675262303,96.41194188834386,155.24151778564726,93.76898413151474
39,TSM,long,5,5228,0.00040701200405143546,191.27744694252615,193.2989518482486,191.3611449631227,4.375739112709218,-100.24921845655895,193.54198835622313,118.39040356793397,12.573089799541247
39,QCOM,short,1,6961,0.0007514624965050139,143.6414325221901,143.36229710905585,143.53471552960255,7.4294018594565525,-12.02676184907574,144.56851628142766,-64.54152837095643,-84.13782400921248
39,NXPI,short,2,5235,0.0016646659935925464,190.99886954570505,191.05847901254307,190.75956306102722,12.529209478936789,15.645259663991567,192.7875176577556,-93.6470522733918,-90.49787552736667
39,INTC,short,3,48923,0.0007473668467804014,20.440000534057617,20.13677529496146,20.42748788886191,6.121646217600122,-144.3689913812528,20.446240194754395,-3.0526714940057795,-153.6814585552675
39,MRVL,short,4,15935,0.0009059186304852563,62.75482067948451,62.77764434761659,62.69257322687584,9.919150741677283,13.551180778572773,63.75514350575592,-159.40175040583424,-155.70816144783277
39,ON,short,5,23607,0.002255881589867597,42.36000061035156,42.77570712921488,42.28740578643102,17.137588025152038,114.15389143861915,43.03309389927355,-158.89831898574275,-60.17124843340897
40,MCHP,long,1,17911,0.0017566184579790992,55.83056585732775,61.21227007001327,55.92560213773656,17.02226709499479,-863.6614728109137,60.65748239826138,864.5652192149687,-90.6334091379612
40,AVGO,long,2,4150,0.00021947145456425264,240.91361812990235,253.03521504313568,240.98765868449837,3.0733237569036516,-476.12172703248143,250.69948926245587,406.19833816438353,-92.30832871549642
40,MU,long,3,10599,0.0005930914000907627,94.33963904084392,103.6364537068025,94.39942435055053,6.337241727279488,-891.2915316828971,101.7097550373106,781.2321598215806,-185.90935916648735
40,NVDA,long,4,7390,3.264025715045785e-05,135.30038976970178,140.06403791739135,135.31921629290244,1.3914611208957852,-338.7608764561939,140.04046431936962,350.3370949437795,-1.6830585760800794
40,TXN,long,5,5682,0.00077780051648035,175.98747457388146,182.87990841272256,176.11950494978194,7.50225981821545,-369.6635415894767,182.11641895749756,348.260261047334,-41.74813197642025
40,INTC,short,1,51334,0.0007721658677987474,19.479999542236328,20.05054229816522,19.46717000884784,6.586002920929376,290.9508783564228,19.996108756600393,-264.94313474958864,27.14816425180049
40,MRVL,short,2,16785,0.0008028148501376407,59.57420201958646,64.5505928766976,59.51323341110632,10.234062129794584,780.3738495808216,63.595133827341236,-674.9451392454739,148.0170834652839
40,NXPI,short,3,5371,0.001916055301972242,186.16766525587283,198.7959700176636,185.94262492492115,12.088046043999384,646.5596406003797,196.7329468503875,-567.5143199541933,103.77590486833282
40,AMAT,short,4,6472,0.0008479378353609206,154.49028308836867,160.5819592537288,154.36777239844668,7.929993231478443,386.9791403817254,159.37815202810438,-316.38682006555985,74.96528447023935
40,ON,short,5,23912,0.0024232928792462982,41.81999969482422,47.91291551360139,41.74318612078362,18.367664897450062,1287.6965066060998,46.66763418912133,-1159.1665542018332,259.90514480934763
41,MCHP,long,1,15649,0.0015246826825412677,63.90174734125277,66.11148016424815,64.00539349621971,16.21961202616879,-318.5659529624889,65.84630868277799,304.30487779007467,-40.109748081780474
41,MU,long,2,9154,0.0004655003900358304,109.23169456091532,113.83745247462701,109.29418986056753,5.721352204909791,-399.1008684134182,112.6518746062186,313.1124220906368,-104.14655657132406
41,ON,long,3,19735,0.0018550294703883813,50.66999816894531,52.36163362192852,50.75638638535841,17.049184830254084,-306.569357281826,52.057661053039794,273.86282499314444,-58.05253729926101
41,STM,long,4,34968,0.0051043145383484105,28.59728695873697,29.37703049553003,28.66261961430739,22.845753048073234,-243.18689437700127,29.181458243123405,204.2750716980029,-66.5731862981801
41,NVDA,long,5,6993,3.0003212055584928e-05,142.98961854621228,142.93689358359848,143.00852117144396,1.3219578752541399,5.011133658336532,142.8022884422614,-13.100958367150819,-9.417102748097443
41,INTC,short,1,49455,0.0006884941565702954,20.21999931335449,20.94973365078512,20.208728301840083,5.574189860116404,353.7063340742127,20.66084825372394,-218.02618958463052,137.89454409142462
41,QCOM,short,2,6726,0.0008347030977462644,148.67633168230338,153.76594147765607,148.606162889216,4.719567149217084,335.56056294754,153.4016804784357,-317.82791132011573,23.689316094311717
41,ASML,short,3,1332,0.0010010897749051144,750.2032387804342,769.9065022862335,749.7610575737143,5.894152195859382,261.6609244459864,768.4816841618028,-243.64658050641017,18.506378634284392
41,AMAT,short,4,6009,0.0007387772615448547,166.40999704604104,170.69031869350442,166.2912382011795,7.136521060611175,257.7229057861217,169.75322782083657,-200.90324103969246,54.900059935473834
41,MPWR,short,5,1455,0.0023647001462701123,687.2610326269601,701.5166735951732,686.1725522143806,15.837947459626271,218.72782156632312,704.2936566064471,-247.83340202458794,-39.585417079858026
42,MU,long,1,8509,0.0004686345572962061,117.51059873678636,121.02022786388208,117.56184623757294,4.361096048992409,-285.7688906518152,119.88076472879251,201.69806106725048,-94.15476695112373
42,ON,long,2,19087,0.0017836159081681235,52.38999938964844,53.10954158956261,52.47470579028779,16.16842939992323,-119.53328540865796,53.155436521768934,146.10367265469682,8.641560599600972
42,STM,long,3,34213,0.004587078470911275,29.22861494761916,28.707944178375886,29.290246000040817,21.085861417691557,202.83647552287874,28.839747142801137,-133.04352789720497,45.91166946901447
42,TSM,long,4,4746,0.0004239513769040294,210.6701229107952,210.9107296738917,210.73554661598257,3.1055046763839185,-8.306028725043522,211.8874037726783,57.781371419171904,46.307463840115766
42,MCHP,long,5,15480,0.0015536615426614583,64.59855260802435,66.06466731521432,64.6669127181446,10.582297491253863,-211.57369799511966,65.79950633803999,185.91031556122823,-40.13657949856463
42,INTC,short,1,48995,0.000604161469628478,20.40999984741211,21.071325198092012,20.395485480385855,7.111399870047139,320.73906664748074,20.880072841093675,-230.3150402723636,90.76427571610674
42,MPWR,short,2,1474,0.002588848980882211,678.2632806789956,687.9179253553108,677.4162570747602,12.488124130609107,152.65873868785212,689.0898934733054,-159.622569918153,-17.036452675503817
42,AMAT,short,3,5828,0.0008706856948641048,171.5765535362741,171.11117146721708,171.47399253754034,5.977564918978366,-21.20382130589155,173.24775865044097,-97.40288400265288,-124.865440690016
42,ADI,short,4,4455,0.001027240907015675,224.42445005667065,225.71821913566927,224.29392622041104,5.815936553555263,63.10048522942471,226.07534537723024,-73.56129513262515,-15.8217729578271
42,SWKS,short,5,14430,0.0036767469325407393,69.29558027446697,68.86761671739394,69.21692612699019,11.350528730006804,-50.72186700313378,68.82706256719193,67.61148480456166,5.888711143937411
43,MU,long,1,8106,0.0004041617793887963,123.3557080859994,125.53539868362277,123.40221891376723,3.7704641714193547,-169.92655396201306,125.71294955636199,191.09301928040549,14.143490569276457
43,MRVL,long,2,13740,0.0005369023664147641,72.7752514240073,75.66580627738796,72.8325793908248,7.877398661737759,-374.4395290227467,75.72928039363498,405.9112008307267,8.388745110879855
43,ON,long,3,18993,0.0017573923269880425,52.650001525878906,53.53689750806964,52.73719441300757,16.560851776197556,-149.3741946741556,53.7998157831493,218.38826665659786,49.10973315927135
43,MCHP,long,4,14960,0.001457652088846623,66.84376470173802,68.14176112253975,66.91200272805987,10.208585142733025,-180.47059163445905,68.1368368068108,193.44692969382672,-0.7226575374368512
43,AMD,long,5,7664,0.0001661860231786568,130.47000122070312,139.27628532850906,130.5177046812776,3.6562780814091145,-628.8637456529462,139.02072612753858,655.3786178303965,-18.3490822122156
43,QCOM,short,1,6751,0.0008221016381145365,148.10831955893082,153.67876833028836,148.03289929927737,5.092236538639024,367.3811999115464,152.1987056507217,-276.1753089881873,96.30885877388657
43,MPWR,short,2,1471,0.0024628108859254794,679.6902941781201,710.7314917965299,678.7973403771814,13.137657085694544,449.31386589649935,707.7460505282509,-412.77264940285363,42.005191872568844
43,NXPI,short,3,4879,0.00188462058442938,204.95460303042253,211.99371427189848,204.72470807294164,11.216872130789364,342.8878174016885,211.36908507195693,-312.97086997271595,29.46451511955756
43,INTC,short,4,47460,0.0005312274370352495,21.06999969482422,22.202127351000133,21.055285888995762,6.983296650009553,516.5457543205695,22.013122793421875,-447.6141966102314,85.12903047092193
43,SWKS,short,5,14408,0.003517080100962266,69.40113599449323,70.82138799106862,69.32878883111933,10.424492673959366,210.75542322575305,70.71357470032807,-189.10910996312424,15.223267122941486
44,MU,long,1,8026,0.00031706044749925784,124.5825834564367,121.59434830764872,124.62782581737652,3.631515713080705,249.47520603940652,122.23082309257475,-188.77119887984114,52.34410922748457
44,AMD,long,2,6944,0.00012909658326297377,144.0,139.00830252187373,144.04945889848918,3.43464572841512,362.65145931281285,139.376432239128,-321.08109450499944,26.48257050663213
44,ON,long,3,18772,0.0017582689312231358,53.27000045776367,54.40005111214028,53.3519593391121,15.385560473837481,-192.66374784605375,54.08657570714307,153.2898896869426,-57.62410118898873
44,MCHP,long,4,14629,0.0015076927992183785,68.35348215368222,69.4176873456669,68.41577349306397,9.113118661854228,-144.33120590922127,69.08900741860397,107.60611482353347,-47.34815284558055
44,MRVL,long,5,12792,0.0005258215499280756,78.16933721109518,75.8819961853242,78.23740259517042,8.707427554544855,310.4038544391598,76.34554153540549,-233.31343730912806,61.08765891571802
44,ASML,short,1,1266,0.0008795942472035017,789.2660898885155,785.9235075589762,788.8415632979061,5.378751172109192,-37.12900442427462,779.5978683731844,122.49634995336908,80.4867029036811
44,QCOM,short,2,6446,0.0007672663191392238,155.12052793736223,157.09760736193562,155.05134787395667,4.459761988012889,130.2540199268972,156.49833541476985,-88.82173724705143,38.146471943719945
44,SWKS,short,3,13927,0.004291231891984329,71.80025450763483,73.69051320255053,71.73596522428912,8.953907445951911,265.237395333239,73.14696440938542,-187.5633883174306,73.7610269684351
44,MPWR,short,4,1365,0.0024239948856371644,732.3554401389883,743.4635854694086,731.4152461795709,12.837946001179755,162.05688516984492,739.2987155003989,-94.80745251367054,56.01982464790251
44,ADI,short,5,4279,0.0012511110591317365,233.68159449998453,237.0945372888237,233.55712689512163,5.3263760515340275,149.19830857987503,236.13464435821052,-104.97402944698572,40.4856620312531
45,MU,long,1,8265,0.00032426763673628646,120.9858119896976,122.64603149544676,121.02579367924882,3.304659355811947,-132.10682779068102,122.79308614750082,149.37901627317402,11.990167986765373
45,KLAC,long,2,10988,0.0008776007347949363,91.00594263462952,91.40498191100306,91.05320614185389,5.193452851109441,-38.48540438328398,91.23931463650896,25.643600310409028,-18.124534465243972
45,AMAT,long,3,5334,0.0007682956339375224,187.46286556166345,193.25166039012512,187.55924405441908,5.141204497587861,-294.5597633787221,192.78876598503933,284.10428953055765,-23.95293288302553
45,LRCX,long,4,10223,0.0009695193657296764,97.81862859401213,99.34941818580585,97.87292712185457,5.550939388836616,-148.61597490081928,99.12413551102476,133.46199346456092,-22.675792057458743
45,TSM,long,5,4364,0.0004030416530249135,229.09632120907983,227.64959355138492,229.17553351522085,3.4575983465367472,67.03020813834617,228.63516043289806,-20.129558333715117,43.29315357598805
45,AVGO,short,1,3661,0.00014885054527032576,273.1287709767681,273.2030603274203,273.05205795733156,2.8086758916764873,5.52711122297746,273.6344321524647,-18.513654709029908,-15.789421411583097
45,ASML,short,2,1284,0.0008871998618068751,778.346014143184,788.6471563334042,777.9263380821571,5.391895807275825,135.93935088906522,786.030433078345,-98.72754270631383,33.17989843803984
45,MPWR,short,3,1345,0.0023950496371811423,743.0307147664097,743.5670459763504,742.109588694685,12.396877456327257,19.60088588584015,746.1521147478412,-42.00903030519826,-34.7657791651651
45,QCOM,short,4,6337,0.0007367786484175304,157.78437133990954,155.845012510193,157.71965226087505,4.101742047383593,-120.2887227821586,156.27099602100836,95.91414574520626,-27.333791691762325
45,SWKS,short,5,13328,0.00451082523598236,75.02463306654968,74.09106811648988,74.95301081676115,9.54649784491461,-116.33557487875319,74.11970277144704,120.61775687725623,-3.8647917603425674
46,AMD,long,1,6892,0.00012221927649096613,145.08999633789062,155.76734534753766,145.13943072922035,3.407153668582442,-682.2941351799387,155.1336320635611,692.2348872544253,-40.683320535678575
46,NVDA,long,2,6055,3.306195772656041e-05,165.1500194092157,170.08261830708008,165.16598206890305,0.9665551202748336,-289.07340956500127,170.43637442853918,320.0941203781954,20.799075471686425
46,ON,long,3,16911,0.00211152724564375,59.130001068115234,59.31629688262383,59.20127812902371,12.054297246903547,-19.390750880440088,59.53407780039371,68.33700743772977,36.715191138925604
46,AMAT,long,4,5155,0.0007276582109630073,193.97808314919,193.21827040154506,194.07352970060043,4.9204812142106755,44.263893744519166,193.4891147741011,-25.207403184453934,14.017534262840375
46,INTC,long,5,43029,0.0005051276104907218,23.239999771118164,23.024571272162632,23.255376747760405,6.616599308813525,100.24311543938423,23.1428456986055,-41.80467877345052,51.368785565993804
46,QCOM,short,1,6527,0.0008055478762267728,153.19118576267417,150.84151444653526,153.13512639925125,3.6594379202577465,-152.054423553865,151.39376121120284,117.332112975215,-36.61105940853746
46,ASML,short,2,1265,0.0008939992508780981,790.3958042682119,751.6643568200678,789.9832315763134,5.219823911900497,-509.7870400341237,767.5755605765664,288.7191906689537,-211.6796361585014
46,MPWR,short,3,1380,0.0025047417665689576,724.3614635059903,711.773874848859,723.4689345402209,12.321596478220824,-164.30863936731626,718.2752310009042,84.02203612030952,-91.3401907793503
46,SWKS,short,4,13897,0.005091688497261253,71.95378435161587,70.24349466574785,71.87283992855235,11.249501856353149,-231.9567485299116,70.63039713378166,183.92183673998662,-55.080184987218686
46,ADI,short,5,4180,0.0013174628439232027,239.1807905903764,237.43156028167311,239.0567495795117,5.1860774671135434,-68.44874775327074,238.18113417674908,41.79501251583966,-31.570103577920463
47,AMD,long,1,6344,0.00011943842477586703,157.6199951171875,159.472607524822,157.66725840582407,2.998559199385346,-113.20747475185796,158.5752598374084,60.60555448632482,-56.269706838143165
47,NVDA,long,2,5796,3.242345252765455e-05,172.52022673163836,170.63678163629447,172.53706913406873,0.9762566830247313,111.36447133799354,171.7128114112452,-46.80119749953215,63.059661852053374
47,ON,long,3,16321,0.002228632485926816,61.27000045776367,58.60000508221265,61.330094658365,9.808095340680268,465.8855527951207,58.679728338552685,-422.76352209211825,13.604650072673389
47,AVGO,long,4,3547,0.00018523774745258929,281.89456055291646,282.78432555302277,281.96235215068225,2.4048565404320636,-29.067148638208238,283.2056199277102,46.50885679461773,14.898080855914573
47,TSM,long,5,4210,0.00034873872138799667,237.49346307002887,237.05577930286236,237.5848969522302,3.8499536374341554,22.320385983580394,237.01994712789184,-19.93806212667853,-1.5115503648929576
47,MU,short,1,8817,0.00032658349658804144,113.4079772164368,111.01976516076762,113.3616114067424,4.088408137808427,-210.9395784240359,111.38881153158711,178.04441401826256,-33.241501662796175
47,ASML,short,2,1380,0.0006542082657792189,724.3792854812434,709.100663207777,723.9189068952398,6.35549076610767,-208.97235690669376,712.6162927913567,162.38720412983525,-49.578709568201816
47,MRVL,short,3,13636,0.0006790260089967461,73.33375683227572,72.84879061647922,73.27889928433609,7.480531519079276,-59.041291450015564,73.15959415824827,23.749318397227434,-42.664200618690856
47,QCOM,short,4,6590,0.0008714061109502294,151.7221497027021,154.96740502597535,151.66823601020795,3.5534490250627275,212.89438351338487,154.65914694564412,-193.5773549674218,19.89180113582973
47,SWKS,short,5,14288,0.006151514629651954,69.98652713065948,69.77561722087496,69.89659037413678,12.85058142044951,-17.33745369516031,69.74297731739503,34.79952831632327,4.677838015622356
48,AMD,long,1,5914,0.00012013809176872259,169.0800018310547,175.5289855128579,169.12548355464722,2.689952868463766,-364.8116542974956,174.43698537528942,316.8312920641823,-62.21195515816871
48,NVDA,long,2,5754,3.550416782154966e-05,173.78854323017163,176.55714943435646,173.80568513508345,0.986365648345465,-155.8398687387054,176.8682456002381,177.2097465589328,17.620139817522116
48,TSM,long,3,4160,0.000342133258436854,240.3419461628436,238.00402655987196,240.42685793570337,3.532956864808895,101.7979153903904,239.03854251992698,-54.23121780138679,43.46632176808051
48,AVGO,long,4,3444,0.000202464136687983,290.3326589009196,293.10667369410857,290.40784439996963,2.5896328485616906,-92.07669208362955,293.17606237778466,97.93605334064016,2.3673525683182013
48,ON,long,5,17403,0.0020182597829585024,57.459999084472656,57.47958906113352,57.53769871395668,13.522386133316136,10.10961521686576,57.75490525813187,51.3237344862587,47.89808025689535
48,STM,short,1,38020,0.004408092943283194,26.30127860271422,25.66424873801385,26.225832302584383,28.685411560961537,-218.81940527591456,25.805038906213724,188.6751226038437,-54.85848022947823
48,MU,short,2,8965,0.00040158070047499855,111.54097965207744,109.57592591335195,111.4947829467904,4.1416800740986215,-175.11666156996876,110.6119427927371,83.29107940760673,-94.54785535687675
48,ASML,short,3,1372,0.000572302160524082,728.4915944115878,706.548341346992,728.1032364871974,5.330987033613334,-305.073182948987,709.0217430259183,267.26253995278455,-35.00682875018858
48,TXN,short,4,5499,0.000751257731677078,181.82309680350392,181.00435991720727,181.6653388545423,8.6764526473824,-36.51729370703457,181.51141150376884,17.142228089532146,-28.01322502913755
48,INTC,short,5,48030,0.0005784808728545291,20.81999969482422,20.186350604168442,20.80433749722308,7.522669467200584,-306.1409688024666,20.31516331337894,242.47665170272813,-63.81178635820231
49,AMD,long,1,5727,9.92442310066739e-05,174.61000061035156,170.2202723148023,174.65255223012934,2.436952043356204,260.384962087834,171.64070414127235,-170.05305874233986,83.44668981865706
49,NVDA,long,2,5716,3.4840007202056075e-05,174.9270307365029,179.31993345162618,174.94362525352594,0.9486536730869238,-244.05029122324603,178.61569573954938,210.86878268704007,-39.272695373087494
49,AVGO,long,3,3447,0.00020172764777779176,290.0746056810316,297.3229547666142,290.14370833932907,2.382237429410393,-241.4629046358206,296.48545115463645,221.00678060230766,-28.16814506081969
49,MPWR,long,4,1272,0.002030683759319274,785.9206516064613,801.0646647134768,786.9373443249078,12.936327813352857,-176.3568037746611,802.4998910465507,210.95309566176428,17.916485351245708
49,ON,long,5,18518,0.001803323947310376,54.0,48.59053939488955,54.0675589571579,12.510917992203632,1127.178177166807,49.00340254344596,-925.2958252877856,84.96780519374802
49,STM,short,1,39802,0.00437892040831931,25.123755664691743,24.707780945385498,25.056382010266788,26.816712964471378,-141.08958860038618,24.810963851865075,124.50041984218801,-41.76130050191687
49,TXN,short,2,5645,0.0007168977693621134,177.1327801876216,180.88071508712773,176.9803456839696,8.605663135334304,215.63213089241546,180.80819014069436,-207.49462347848464,4.009545539358755
49,MU,short,3,9447,0.00043117268518529084,105.85010200375424,111.46579770045307,105.79570314420117,5.139235439862447,508.68469729964977,109.70465959545974,-364.15246832438464,157.99807127618692
49,INTC,short,4,51229,0.0006251727938477793,19.520000457763672,19.944164004792796,19.50578897519323,7.280472457565687,219.80115561335128,19.861531537550487,-174.964688410639,41.431903198575604
49,SWKS,short,5,15331,0.0071048393637111445,65.22671740445949,65.57043887176502,65.14460182444844,12.589255335641763,64.94344931095841,65.65419500075362,-65.53719293329003,-12.773458654500892
50,AMD,long,1,5880,8.506133457472732e-05,170.0399932861328,178.77316739851526,170.0880257341169,2.8247735756653873,-485.8190852007288,176.65431424942167,388.98619292219627,-118.5218777474756
50,AVGO,long,2,3302,0.00019441306771397727,302.83111270408006,306.1564981570437,302.9085609230551,2.557472324541005,-106.08748315126542,307.0793855571802,140.28521756453344,30.14430220138982
50,NVDA,long,3,5500,3.471804904258983e-05,181.80785936297343,181.27483768317407,181.82655059791696,1.0280762893872104,30.43516252968093,181.61846873685113,-10.417075850620492,18.95635699189781
50,MPWR,long,4,1249,0.0019078897120598792,800.6277006772588,827.8744015836099,801.7090989913256,13.506881077835482,-316.0540118432662,826.1374476506719,318.62183823809994,-20.980887071945716
50,MRVL,long,5,12856,0.0007626457805180665,77.7842735058727,77.75000040881694,77.84606069605225,7.94340390347401,12.355020801313104,77.8917670041877,13.819438489308343,18.233645610975145
50,STM,short,1,40440,0.0045352592858424546,24.72795200571672,25.431629589697405,24.664251626965065,25.76047492203489,301.74156163520564,25.29248718878545,-228.29839807931498,54.71234174011478
50,ON,short,2,20833,0.0018952228249127236,48.0,50.175730131535204,47.91179322836193,18.37641075793132,451.20158635228324,49.815027194225294,-378.13066546360295,71.88792995424883
50,MCHP,short,3,16687,0.00171023388501452,59.92422567103863,62.20739703649427,59.861026507591234,10.546513157188372,377.1851324250921,61.78415832171045,-310.380756671292,68.03671829180153
50,INTC,short,4,48899,0.000530516353229785,20.450000762939453,22.940867132634583,20.438053705527743,5.842081645963201,1090.9846662014172,22.04823851620004,-781.5343245155258,389.09977171906104
50,TXN,short,5,5473,0.0006709755565308859,182.7083782112712,185.9907584217335,182.55671667174053,8.300743568272146,184.63507429795396,185.34548213173156,-144.3340445729861,34.693997458667745
51,MPWR,long,1,1222,0.001819399985111293,817.8671272164735,831.0682171713617,819.0395416918178,14.335023823912959,-144.73752251632058,825.8102991656551,97.12056744737271,-63.26698455155066
51,AMD,long,2,5657,8.049684640050532e-05,176.75999450683594,167.2701253327497,176.80741764462292,2.682911250325054,570.1730833823866,168.41820606986917,-471.92739851800343,68.63632910154158
51,AVGO,long,3,3327,0.00019286990064330546,300.49824040001744,292.17274734472426,300.5786348110616,2.675370442673274,287.702653403862,294.35670177570626,-204.37852202181563,74.74873857434855
51,INTC,long,4,41666,0.00033626648485388474,24.0,24.504846142905514,24.015508296415707,6.461790173211135,-199.6902341831177,24.210994564507843,87.91440187826774,-119.91570021864642
51,MU,long,5,8253,0.000414651939564216,121.15554108489653,118.49084277982749,121.22821346072195,5.998270914781874,231.01959752120882,119.36847505300497,-147.5017994133109,74.06751885529634
51,STM,short,1,39399,0.004497682322004556,25.38102970985408,25.944138657012264,25.311797082482993,27.27731229289207,243.73195922554143,25.68806858535543,-120.97179626331125,98.70054852933855
51,ON,short,2,19607,0.0017188756780450387,51.0,50.101056127857866,50.90343812924062,18.933700148898136,-160.15271201770176,49.88372506937027,218.87743737837818,43.37853835515287
51,AMAT,short,3,6232,0.0007984686621549941,160.4600587522155,160.660901664687,160.29496453234742,10.288804650322456,22.77698734091034,160.4534138448604,0.41411597420458135,12.914643057316791
51,MCHP,short,4,15742,0.0015352439523315627,63.524322664777706,64.65420898436246,63.45057010777784,11.610128830347588,186.16558697295793,63.71171844544583,-29.499847114785744,145.7740422042094
51,TXN,short,5,5272,0.0006507171836486324,189.6584159537964,194.54795091735076,189.4900868842685,8.875380967482165,259.9803292315829,192.6134085874324,-155.80603785891904,99.4378157568063
52,INTC,long,1,39215,0.00027951369535138395,25.5,24.72453191943025,25.516171765572494,6.341868851958519,320.1839568578918,24.805033088505915,-272.53604372317045,32.55922876032295
52,MPWR,long,2,1196,0.0017267267267267268,835.5632226348401,843.7455630396234,836.7694761599499,14.436412379496828,-82.67998298612576,843.7561241522799,98.05244289719317,0.1251694008130352
52,TXN,long,3,4980,0.0008071849182846834,200.79988665365283,199.61352334685552,200.90261098114792,5.11575624901944,64.57917342866776,200.0814258772177,-35.779939342015915,23.440422398092608
52,ADI,long,4,4023,0.0010628138015209094,248.5363365000161,250.38538940507794,248.6972962255598,6.476305549940975,-67.41979568093412,250.17687371760059,66.00794236718735,-8.327789731373601
52,SWKS,long,5,13508,0.005029273514217899,74.0266019593156,73.36083865414795,74.12319274894169,13.048118793724596,103.91839962296163,73.41155894097042,-83.08405384907421,6.913809568288009
52,AMAT,short,1,6195,0.0007489233094068757,161.41718514434783,162.34048155661716,161.2568967552125,9.930069651009779,66.74766460063522,162.06520672178942,-40.1457612373863,16.956635349867252
52,ON,short,2,19364,0.0019153825077425411,51.63999938964844,50.702363601525356,51.54126309162237,19.120119905706414,-165.45569683693708,50.992359550292576,125.4143778099433,-57.19574555662256
52,TSM,short,3,4315,0.000418696268120864,231.7371177645495,233.30265893350543,231.64674315597318,3.899876267044485,70.97714981483357,233.31452442192708,-68.06879590952057,-0.5085877921790032
52,KLAC,short,4,11552,0.0010879587118161997,86.56004070621289,87.90246911352578,86.48063715506449,9.173234035078654,161.75108308106854,87.72933865197166,-135.08518898776862,19.695744988747233
52,MRVL,short,5,13729,0.0008519420947449712,72.83482249053841,68.47829267165203,72.76752838496004,9.239276389684534,-626.3642894653582,71.94292165267919,122.45527720961871,-505.94558448467484
53,INTC,long,1,41876,0.00030541831609891333,23.8799991607666,24.202784841164622,23.895393977352047,6.44674084023333,-127.00640270526142,24.112769953477322,97.47520975341946,-37.19195467713303
53,MU,long,2,8644,0.0004888415856926179,115.67433407250353,123.17179302643761,115.74445230368958,6.061693092791728,-603.0066251575815,120.30341851065116,400.18250161234255,-232.87592437424274
53,ADI,long,3,4107,0.0010382577897774458,243.45511404764684,242.6272788952958,243.59865130796774,5.8958408363032255,40.03558120482937,243.04526351222827,-16.834747424461913,17.227437031631155
53,TXN,long,4,5145,0.0009000490697306238,194.3469903097915,185.9356893804783,194.43300251146175,4.42570278722367,457.0028034583233,187.54568144547682,-349.95699462457884,86.58865171946692
53,NXPI,long,5,4465,0.001729055292980965,223.9593507922167,223.2194166968748,224.1858730988792,10.114438439887413,43.29625156743553,224.2347928842292,12.298753815733496,45.48780757425129
53,MRVL,short,1,16173,0.0008325043721535961,61.8282675574967,63.20159051446701,61.74365883834721,13.684471923916012,230.67958642371104,62.85545496403228,-166.13556341043474,54.7669050125396
53,ON,short,2,20768,0.002550812359059265,48.150001525878906,48.24356033064571,48.04576274629926,21.648759351257997,40.999790021881864,48.21775117657391,-14.070539677676512,5.3497614800621305
53,AMAT,short,3,6416,0.0007681789991164026,155.85794702877897,157.30031270610868,155.7073546377915,9.662156717595085,101.26858878490495,156.79903056518913,-60.38085027748965,31.867841347278492
53,AMD,short,4,6312,0.00010380861848359159,158.4199981689453,157.49218483607254,158.36973545657932,3.172750470075746,-55.72026455917095,159.29722379496104,-55.37341473014166,-114.6113352079849
53,TSM,short,5,4470,0.0004184098460167523,223.6762509693863,231.43018544708445,223.58621749988708,4.025168926474037,338.9345228257124,229.72758700961435,-270.539943959284,73.56855520730649
54,INTC,long,1,40849,0.0003160497472159088,24.479999542236328,24.517023313777553,24.495666556467683,6.399924233790726,-8.71099114951248,24.567029627908536,35.55150624984734,20.396568331719475
54,MU,long,2,7672,0.00043168446971231537,130.3407984782381,145.37544230613244,130.4229912761771,6.305991592703352,-1028.5403636790584,140.53411510210677,782.0511108477335,-333.02235420414263
54,ADI,long,3,4081,0.0010325110689437065,244.98595980137543,244.5848824331781,245.13434670707295,6.056955501361258,22.465177259880647,244.97132149982127,-0.597515937893971,15.79979362578717
54,SWKS,long,4,13716,0.006330510234694113,72.90643078266051,72.04371545221005,73.00397938322756,13.37997204359811,133.28906275724987,72.60697401075353,-41.074123186701854,78.18288590586594
54,AVGO,long,5,2938,0.00012714035464282995,340.25687305490715,353.52247865018893,340.3610181619159,3.0607789366232767,-372.29486901443386,353.0438815477656,375.80456136135115,-13.537953915991945
54,MRVL,short,1,15751,0.0007003057362958313,63.48473912784053,66.39253270569154,63.40348694752615,12.798694840780607,450.2081237682851,66.21093232183533,-429.424965975683,27.35253144524776
54,AMD,short,2,6587,0.000130141857983957,151.8000030517578,156.52208935788227,151.75355708600816,3.0596814766741818,304.6555467944863,156.56857269218727,-314.1350161108737,-2.969761935564655
54,AMAT,short,3,6138,0.0007075500244668447,162.90892842292124,164.46461777301147,162.75814289246725,9.255817462781362,103.75939236361707,163.4160970720962,-31.13203518583816,63.75357296378537
54,NVDA,short,4,5976,3.308252945167202e-05,167.32715219255022,174.09551501638595,167.31290221123075,0.8516239673444063,389.5914725038617,173.91177097197482,-393.5176504915001,10.554208957872001
54,KLAC,short,5,11048,0.0011588304706962108,90.5117284164596,92.95231677578744,90.43208434027171,8.799310054210224,271.13175044306183,92.26753352677062,-193.98647457402018,73.6703799076466
55,MU,long,1,6381,0.00032219998818448564,156.7084818407223,161.31952343405618,156.79599987127224,5.58476666495289,-280.40769439993113,159.4020204937443,171.88212286809645,-118.86366259293617
55,AVGO,long,2,2799,0.00010414947663864727,357.2524052685907,347.87930363695705,357.38253983556467,3.64265054775922,273.1762453027414,353.22981216663305,-112.59806911400207,153.80358859346623
55,LRCX,long,3,8535,0.000787521452693351,117.15162815488812,123.02552459366767,117.2498125907899,8.380970665808787,-469.4726579670324,121.67443412406435,386.0642861229855,-109.82196369946337
55,ASML,long,4,1205,0.0008959007892105292,829.4666345951199,890.49513120689,829.9045460654077,5.279434422356392,-680.4145583520915,881.9683804113125,632.9578988046919,-95.75291876128738
55,TSM,long,5,3888,0.00035223995803560995,257.1560251725064,261.6982549059958,257.24975950277434,3.645037296133418,-169.9856731875946,260.7506296351238,139.78301539721016,-36.210607182397
55,MRVL,short,1,14857,0.0006262713166514529,67.30659048043749,71.43377563268761,67.2236529758617,12.322345253827889,589.3742308224561,70.14180229116306,-421.23836469619056,180.8630903352888
55,AMD,short,2,6249,0.00014100437127089526,160.00999450683594,157.865861390234,159.9613060780349,3.042836727236353,-132.73577132811,157.7785266082968,139.45803231958763,5.532214575594747
55,AMAT,short,3,5946,0.0008385081999925259,168.17981067509962,182.49345070781456,168.00569538804612,10.35292442978563,793.878096094769,177.86140226920293,-575.6690743817533,253.8199820676241
55,ON,short,4,20725,0.0030984700509883337,48.25,50.25051389207239,48.19745911397031,10.889302804080664,408.5639367811467,49.845714544218616,-330.71804025256296,80.55626032466041
55,TXN,short,5,5832,0.000883707997542225,171.4402170365433,175.00907086471247,171.3654250967824,4.3625667917205995,208.19753798628724,175.08866797308025,-212.8118477451108,-4.5481704447942315
56,MU,long,1,6093,0.0002747625026972316,164.116610744404,161.69322734262374,164.1955075678892,4.80736368654781,154.75479501458554,161.98489083333465,-129.89056387408004,18.0380771355918
56,LRCX,long,2,7746,0.0006804803773301467,129.08558203618887,128.97777491754252,129.16330498102838,6.021039965386539,14.384653759492188,128.2626554990111,-63.75046106598278,-55.44516634657533
56,ASML,long,3,1047,0.0006590605083012039,954.632172102248,948.448604793965,955.2230115672296,6.189184507374262,71.42618734450232,945.9309628956244,-91.14724457130127,-26.54484265794878
56,INTC,long,4,33704,0.0003335394699093543,29.670000076293945,32.36863509545622,29.69960619978394,9.978470985461671,-824.5725801539738,30.947804337163245,430.6721461353325,-438.9529413590956
56,KLAC,long,5,9677,0.001044254281367016,103.33157209815924,105.74919767943851,103.3989608208343,6.5216004466714885,-222.2463063718522,105.2273916296298,183.46953336485015,-49.343736052775824
56,TXN,short,1,5718,0.0007600559873350587,174.8713220188777,177.77428624402003,174.8015969559477,3.9872211249402687,167.21705657655687,177.4910306965739,-149.8077928074103,15.933437474604059
56,AMD,short,2,6352,0.00014113609445630886,157.4199981689453,160.3051399934247,157.37689530801003,2.7380803860141927,182.6669241881304,159.69644303377135,-144.60963608847973,37.97114426139491
56,MCHP,short,3,15667,0.0019923280048170923,63.82819335941716,63.49803393885681,63.77336826478037,8.589479311762664,-43.36107889398431,63.55235803661808,43.21527968774724,-8.555240909282873
56,ADI,short,4,4122,0.001334721374484544,242.576103048796,244.45558954194027,242.4909230671762,3.5114745660939177,80.36905510916955,244.36684629925412,-73.82191518254785,3.6302398669809954
56,NXPI,short,5,4520,0.0019793092123268925,221.20135068129875,223.08268876719708,221.03661661140944,7.447245208129433,91.71810538480938,222.06112554998208,-38.868427612906984,45.79302960979993
57,INTC,long,1,28968,0.00022468202816017856,34.52000045776367,35.41186511206545,34.550042985218944,8.702933678123859,-243.37100689815597,35.15167568172008,182.9881852780627,-73.47521219850104
57,MU,long,2,6260,0.00022517742614288334,159.74361509493687,176.1346540608263,159.81903243087817,4.721148691700438,-926.3152510756746,171.75983355790098,752.2190139382268,-248.3793167365311
57,ASML,long,3,1044,0.0006280738167215629,957.4237625615306,992.9802134358431,958.0153892865562,6.179361199922593,-352.12004908238754,987.2478713785194,311.5037456057728,-57.728663469425896
57,LRCX,long,4,7540,0.0006347132594462001,132.60887606369906,139.17870086897108,132.69470270973,6.4721645019984155,-465.87574957646734,137.4774899165488,367.1408730220352,-122.23213335091273
57,AMAT,long,5,4873,0.0005589238565172609,205.2050006408442,212.0915247423252,205.32139397469632,5.67205153327844,-319.2079823017,210.95698335302683,280.3042174517924,-53.49300924102191
57,TXN,short,1,5531,0.00071884054957316,180.7881048787047,177.71811612440388,180.7173242781583,3.915113806514098,-168.76209466765582,178.10363772674881,148.4869346773098,-21.692870189726158
57,AMD,short,2,6245,0.00014098882722806934,160.1199951171875,164.73894841032026,160.07942768452315,2.5335644455057693,282.84268964686476,164.22138416459862,-256.14471474405315,31.417236222276422
57,NXPI,short,3,4445,0.0019489715831612364,224.92259349479875,223.85443742488465,224.80041677894565,5.431945006268396,-42.25868224651221,223.74888189836742,52.18291227192672,4.715364490045255
57,ADI,short,4,4060,0.0014886135727825707,246.25016363488365,240.0462418882298,246.17161814905668,3.189662279511185,-255.1748451733309,241.5500465587069,190.86757169207976,-62.64645755951097
57,MCHP,short,5,15816,0.0022738856113044435,63.224019620834376,63.37592090158925,63.18024191943615,6.924219886804038,30.875919334876375,63.18495993585947,6.177981914018847,30.13146996732487
58,INTC,long,1,26888,0.000180382890996755,37.18999862670898,37.30869117532164,37.220000242001774,8.067119225772222,-23.77219101658897,37.287446458719835,26.202698469817275,-5.694307661979635
58,MU,long,2,5132,0.00016708008025834254,194.8194216803748,190.6266829638681,194.90113923289172,4.19452803073136,224.23179182285952,192.80360110846973,-103.47123271992196,114.19797641940097
58,LRCX,long,3,6694,0.0005367773472582176,149.36930830276782,140.92453263206903,149.45228147013407,5.554900689374782,605.1287649347469,143.40425456432462,-399.3493580590324,175.96098322566274
58,MRVL,long,4,11278,0.0004774817684353137,88.66109853020124,89.25084027620332,88.70542493478875,4.999532525802063,-61.11038727777562,90.06460089583355,158.29968147239023,91.17680204599715
58,AMAT,long,5,4522,0.00047249952457478176,221.1170038254433,216.00946465959305,221.23864221857966,5.501087253894599,242.08094618572432,217.64004897437454,-157.2450237166557,75.48670690662128
58,TXN,short,1,5667,0.0008116358824123359,176.43093906051985,173.92041476315612,176.3726805458731,3.302057731879341,-140.99930626640125,175.37180877094804,60.03087073115366,-83.45161836052539
58,ADI,short,2,4132,0.0014604215853986117,241.98350637901532,233.44087630189134,241.89494873147063,3.6596563488911125,-362.1504752512276,236.36066282804896,232.3647439904183,-125.0760609029622
58,ON,short,3,19948,0.0025902994920166626,50.130001068115234,48.9625143008402,50.086734018684126,8.630969181971134,-229.6082490650683,49.9687056861543,32.175419613849485,-205.50239293917087
58,MCHP,short,4,15263,0.0022681239644244985,65.51404490169483,63.045793167306535,65.47047007199464,6.6512195614811604,-384.5898009806407,64.73663919582468,118.66244971389948,-268.19331529878536
58,AVGO,short,5,2993,0.00011583613038434336,334.04798807504466,335.81032524201004,333.94754201078877,3.006935166252989,55.47129111884249,337.6441270108336,-107.65336311443515,-54.60826040717996
59,INTC,long,1,27442,0.00016750204051935522,36.43999862670898,36.695405327592354,36.46852416898474,7.828085442038887,-61.82821979541197,36.48276797120813,11.736922642968496,-57.94658881294125
59,AMD,long,2,4541,6.443315882745272e-05,220.1999969482422,228.3322882611737,220.31045527546286,5.016272876998847,-351.32276064851607,226.38277176591492,280.7799683633053,-85.38067524768307
59,MRVL,long,3,11193,0.00045747903425452435,89.33890255024764,87.91759397708715,89.39866144037538,6.689010993181649,168.46087299366025,88.09310987439024,-139.44571069212768,19.963682963028813
59,AMAT,long,4,4563,0.0004420723436906598,219.13794511904632,221.6633185143353,219.28340714258812,6.637920395884622,-107.36604449027308,221.89490758593524,125.80945145721826,10.447785098235753
59,MU,long,5,5246,0.0001792627571370651,190.60354324747644,195.980390223993,190.69417346297325,4.754907172903034,-269.7319234326423,193.74570938809316,164.85350099378726,-114.0257366232275
59,AVGO,short,1,2850,0.00011688315682951361,350.8040366415935,349.1719436466937,350.73283845028493,2.0295716089862137,-44.70275553326247,350.758269816338,1.3046265286353247,-45.43108913840424
59,ADI,short,2,4434,0.0013687424177411737,225.4996875644864,233.78679623835566,225.35656413609843,6.346945751179861,360.59487695200085,232.9712540846514,-331.33378590727966,34.88401256300107
59,SWKS,short,3,14443,0.005495469272286938,69.23545725143276,71.07967976637342,69.09888196903415,19.726205014091047,278.6728645725196,70.6492146739973,-204.19557820357824,60.56092174176562
59,MCHP,short,4,16340,0.0022689449614216872,61.19711115329421,62.981872688236336,61.124077067950175,11.934237412136815,294.9730678035488,62.58642601819167,-227.02294907635985,62.787378838693066
59,TXN,short,5,5935,0.00085993804389089,168.46719227588235,170.30611027195206,168.38341900833163,4.972675475800541,112.89619970476694,169.42570793690996,-56.89628040205813,51.69528759926712
60,AMD,long,1,4228,5.5807118034232544e-05,236.47000122070312,239.1987287162158,236.58424895954528,4.831384034016323,-109.3015740803681,237.2972630068065,34.98379421630208,-79.4931360887456
60,INTC,long,2,26616,0.00019193805368063717,37.56999969482422,38.23346440160619,37.58949579335177,5.18927300663251,-168.430619179612,38.0428262351992,125.85215443590221,-49.861598835124774
60,MU,long,3,4774,0.000164491563777607,209.4551226526565,206.6673961096902,209.55513745254737,4.774998989006054,139.7289266336176,204.9033619663529,-217.3143644642149,-85.35618953659427
60,MRVL,long,4,11558,0.0005300504873318484,86.51304127577838,83.5912506255355,86.57900176812566,7.6243409519062135,357.4239074343351,83.59386368619911,-337.42630550621556,0.31259978096581614
60,AMAT,long,5,4426,0.0005048123121282127,225.90053225166957,224.49235360931158,226.05952874857118,7.038340959926308,69.80973356388739,224.12327250224362,-78.67443833403435,-16.440698363841598
60,SWKS,short,1,13951,0.006846007763159832,71.67632148148535,72.67925226544325,71.50794819508393,23.490782300387902,161.1607210929226,72.59376055691163,-127.99751109761824,11.762876731227589
60,NXPI,short,2,4674,0.002163267950865955,213.9168064413535,216.59578787455962,213.65794374959287,12.10109182475949,135.63717714899343,215.08156179616086,-54.44898763139927,69.9102273990536
60,QCOM,short,3,6215,0.0008397213179098438,160.8786907964392,165.67382759068337,160.76592060021665,7.009641591703691,296.2391261094231,164.9538447343733,-253.30601074385962,43.4578512961555
60,TXN,short,4,5946,0.0009150768373676382,168.1552699740809,168.2497524431366,168.07159205086901,4.976229601652818,10.589043352548083,167.61108527163884,32.36203673699588,37.959471691562136
60,ADI,short,5,4168,0.0013222783922642908,239.86993333670844,239.07407144475175,239.69562392878126,7.266830215127564,-25.99832262333574,239.72287575988048,6.130721544893875,-27.138213324762926
61,AMD,long,1,3877,4.807189482310826e-05,257.8800048828125,258.7044984513929,257.99897531911824,4.613402902633252,-27.271390196070435,260.1996810138597,89.95176388728923,57.79499666286982
61,MU,long,2,4452,0.00017735582071286523,224.59030693239927,223.51712699227528,224.70426815769642,5.074182713123406,53.11186580624607,225.16088459250614,25.405266500597687,73.54056587742666
61,MPWR,long,3,916,0.0016821691902265236,1091.5759142335637,1054.1677048646197,1093.2571218782177,15.401655741318384,370.8083337519622,1071.5460494670108,-183.49493155147744,164.8536994843989
61,LRCX,long,4,6427,0.0005350952818450172,155.58722426435605,158.46082230525604,155.71087331203606,7.947249413609561,-173.54125475396918,158.45951343454797,184.60957728197874,-0.08259901021788423
61,AMAT,long,5,4315,0.0005199938540703227,231.71836838804776,232.05968193225183,231.88122263979844,7.028111447684145,-7.69023257152859,232.20900601205958,21.173877039828067,6.434727418584284
61,STM,short,1,39960,0.005872795772645205,25.02461321779183,24.7829081671735,24.94783789511237,30.679923805924975,-66.54978779178639,24.81581344046642,83.43776405581332,-13.277405973083946
61,TXN,short,2,6041,0.0007382481850838671,165.53318346413272,160.15912334366413,165.44114391603685,5.560187158232946,-329.798294477345,160.9124797509029,279.14063008587226,-47.037995183217106
61,SWKS,short,3,13826,0.00670663678609195,72.32528285598812,78.49900940539713,72.16381858978502,22.324733457952743,807.040861228567,77.65245520299939,-736.5574162521524,107.84266053929802
61,ADI,short,4,4224,0.0012511014520655466,236.7390984736224,234.66620995975117,236.5590081858092,7.607120622420223,-80.65917229338972,234.76488793297622,83.39182472920233,-4.205035451928758
61,NXPI,short,5,4576,0.0018537648521970921,218.5263993046791,208.7569594929716,218.26749254145636,11.847848317024644,-455.57920902775817,209.71128097049035,403.3891723030831,-45.71447485327505
62,AMD,long,1,3856,5.472803918561669e-05,259.3299865722656,246.78221131306424,259.4585391558043,4.957104469014778,513.6645698769219,247.520860720578,-455.3706267360966,29.931225738825095
62,MU,long,2,4279,0.00019456646213467918,233.65145134169785,233.4367858731228,233.76213513829651,4.737132851650787,13.937360555955676,230.53536897042468,-133.3645630437847,-124.29133188438819
62,KLAC,long,3,8267,0.0007325718437912609,120.961456217934,120.07546455647575,121.06743529536995,8.761392326908377,82.61227575160758,120.21542476774621,-61.6751379748335,11.65602080220431
62,MPWR,long,4,975,0.001443428698323402,1024.645729742895,970.3945749771474,1026.2740006351626,15.891062100812462,575.8423130027405,974.8638036082108,-485.8452506035959,46.05578747355066
62,AVGO,long,5,2703,0.000126137565544985,369.9268581464133,354.75539847149645,370.06308847523655,3.6826287635853467,431.49984664630927,357.1993480767381,-344.05477162292914,68.89111809916561
62,STM,short,1,41185,0.006002358095276959,24.280127859127496,23.599259477529372,24.204476215747267,31.157843903935767,-256.45581752010764,23.685241677646694,245.0094929204297,-36.43427888031466
62,TXN,short,2,6263,0.0006993994857520945,159.65441822921915,158.3647615212714,159.5612930587964,5.832921597512591,-75.55541561335836,158.49979227765644,72.32032563639966,-8.526565827392862
62,NXPI,short,3,4799,0.0016642016322977876,208.33989820736025,204.22842009026698,208.08517219220545,12.226463454507085,-188.84502461674148,204.85403381634242,167.3162184013527,-30.633039505418868
62,MCHP,short,4,16356,0.0022976621610611165,61.13864899323781,57.1905541475152,61.04881231812724,14.693925461209435,-674.6320661031174,58.580128392620395,418.47843266873565,-242.97268418154823
62,ADI,short,5,4309,0.001326836177763408,232.04777875932496,228.7645240990702,231.86393405809858,7.922708944223807,-135.48472916570438,229.57432189843752,106.59256788029224,-35.398749109220304
63,MU,long,1,4036,0.00017534019952115964,247.71768201485665,244.4446998667812,247.84129353773034,4.990016129178632,138.95141407443992,243.06651452066103,-187.76081934743235,-56.38025070174428
63,KLAC,long,2,8234,0.0007646660042161569,121.4388863697728,117.37112456059153,121.52189906844193,6.835759216068142,353.64528740692174,118.49437695976876,-242.4684133744625,95.7009148018656
63,LRCX,long,3,6098,0.000574386758774516,163.97741612160212,156.5183715006543,164.08920569070085,6.817375937661547,483.70259142486066,158.77247181584525,-317.4183633859064,144.01506312513166
63,QCOM,long,4,5843,0.000430469394348054,171.1416826774562,171.55778992199288,171.26286517748667,7.0808290613140175,-17.19098530240487,171.07174384995903,-4.086603941424314,-28.331332098347055
63,AMAT,long,5,4256,0.0006134071843298678,234.9305945364773,224.21484011178515,235.0786873332232,6.303682882942676,484.528464575393,225.05300222539663,-420.44725296717303,37.38209804460749
63,STM,short,1,42614,0.006388062744345574,23.46615979757835,23.61059920904116,23.392962606445238,31.192658604781723,92.17750073559391,23.564271319625654,-41.80979030809685,19.621649160756725
63,MCHP,short,2,17899,0.0022131999404010074,55.86672777305126,53.717345846638416,55.792654491987534,13.258926022056476,-386.3386421350877,54.02020159708834,330.5234169905402,-56.379507527152754
63,TXN,short,3,6276,0.0006687847692687218,159.32004544758718,158.65405098188012,159.23893719530616,5.090900649265465,-36.86550767574448,158.5561787723199,47.94542162734795,6.16890706253698
63,NXPI,short,4,4872,0.0017670612813370473,205.25036624338145,199.92662402530394,205.04806432817952,9.856348561251458,-256.1659972924558,201.01802321563736,206.20392086051007,-54.58998748437252
63,SWKS,short,5,14604,0.0040677286286874585,68.47026732997807,66.6854413474535,68.33905199481732,19.16384151508882,-247.97176324408713,67.05089647781442,207.2974018522949,-54.80283596786444
64,MU,long,1,4053,0.00017002636184697376,246.6787220907077,221.73739019172348,246.80632715418432,5.172925430904637,1130.5687751075802,228.64527816685737,-731.0498356327287,311.5346477723508
64,QCOM,long,2,5875,0.0004171994096006993,170.1961582484634,162.20578951482298,170.30953870863087,6.661752023917159,499.5967910915618,163.59856915338824,-387.6461820861771,85.86497699812256
64,AMD,long,3,4119,7.489875984273624e-05,242.75,220.55866455642519,242.83518831812006,3.509302497221856,1010.0044723473517,230.29613474192516,-513.0325544006114,441.49116540415264
64,LRCX,long,4,6812,0.0006123391003055853,146.78847968203513,144.38077114582637,146.90615658802298,8.016767136137288,174.9114803969247,146.0516380470202,-50.19751118146633,115.72641480812027
64,NVDA,long,5,5384,2.852787451253511e-05,185.73311754704963,183.1276448564759,185.76071315176384,1.4857665169603873,143.783222754356,186.04109391912397,16.581661695110444,159.09389676973328
64,STM,short,1,43648,0.006792717686230538,22.910276690286164,21.90244533388955,22.844139697580577,28.867828005599335,-429.949418585672,22.04200520978766,378.9877757638107,-63.71885594078907
64,MCHP,short,2,19242,0.0022721717413252563,51.96882581425565,49.41828206460579,51.9105897875705,11.205953910387583,-504.32909013438643,49.794161928328535,418.4554589899127,-76.06089245096518
64,SWKS,short,3,15642,0.004090347465106397,63.9275253419774,61.07019530901796,63.81978242361303,16.85391664826804,-450.2338826136105,61.470867704089734,384.28792992469005,-65.6085006842294
64,ON,short,4,21491,0.002271819125522473,46.52999877929688,46.10319001182906,46.47104997518766,12.6689889653403,-79.79056617648799,46.15983225527012,79.55438077326295,-12.285970542716896
64,TXN,short,5,6410,0.0006964499523024136,156.00580872970542,154.0428942829578,155.92463353280232,5.203344514161468,-122.15683551024375,153.64515347014262,151.31842069117178,25.820133714482516
65,AMAT,long,1,4503,0.0005322122561284779,222.06858044718143,239.49069269424547,222.21489555976046,6.5887354385927015,-721.3556794267902,237.7412984044206,705.7602622432621,-73.04644160256747
65,ADI,long,2,4333,0.0011500339064923965,230.76383682342825,244.00912718401023,230.91465633016378,6.535664721631909,-536.6385677848741,241.76372336518074,476.67289178283096,-92.02130447916406
65,QCOM,long,3,6176,0.0005490058380761683,161.89317931163956,162.46117289359077,162.02724455224808,8.281092580833786,-26.709664445603142,161.9676022896374,4.597042217237523,-30.380834704219012
65,AVGO,long,4,2891,0.00013051603494001386,345.79212752621737,379.6245560536737,345.8872276765373,2.750211550513449,-888.7024782550266,377.32755962111537,911.9765773877266,-60.50705614084582
65,NVDA,long,5,5578,2.4791961750865406e-05,179.2613745727385,178.03320525854468,179.28813234380823,1.4926679622702481,70.48837229218597,178.54562053143047,-39.92795676224167,28.78200570178164
65,AMD,short,1,4827,8.812721721560715e-05,207.16000366210935,208.94613460677448,207.08191690324716,3.769393583789891,89.2200139062479,208.66816542210793,-72.8017828411748,13.30338966019491
65,MCHP,short,2,20123,0.0021777784992667868,49.69425431519815,50.77462220175522,49.64021824864209,10.873705079327934,223.41947688069922,50.47062014883208,-156.22849046282872,59.8728340538257
65,MPWR,short,3,1132,0.0014086873199474854,883.0754817751725,899.6920245553174,882.0592334340256,11.508057489084116,195.98696709584596,897.4484789287568,-162.76068637633824,24.93681799246248
65,SWKS,short,4,16152,0.0038722205573868745,61.911416106571366,62.704124718808316,61.801280495934975,17.78922492207393,143.98482187927422,62.43135784438461,-83.981561158,43.50062705554232
65,NXPI,short,5,5269,0.0018349166991697777,189.76332240620496,189.92655310919466,189.58448298938032,9.424340518333818,18.010652761000244,189.52836996921283,12.381340820392836,20.96511169519814
66,ADI,long,1,3850,0.0008896827991962813,259.7019035883626,269.4352573385489,259.8810618080448,6.8986101837048714,-354.6007907383528,269.3374926935087,371.0249702450726,-3.628502297952284
66,AMAT,long,2,4010,0.0004764026255606047,249.3413839900356,262.837998962615,249.50766075423178,6.668638857110627,-507.16936900281644,261.00589544208964,467.8128943296543,-69.70466704800816
66,AVGO,long,3,2546,0.0001131797257147582,392.64955094985896,382.6674012742467,392.78988306877943,3.5739788465564613,264.524277762512,383.912214073432,-222.52252308172717,32.529888750392296
66,TXN,long,4,6094,0.0008061934282138595,164.07998792338392,174.31973078173542,164.16274663635153,5.043802965554027,-582.6640564344021,172.4349886319055,509.20290854865766,-108.11984055836982
66,MU,long,5,4309,0.00015517705813971914,232.06300667817797,234.14965167498778,232.20938420235788,6.307663003905906,-82.86441849262681,233.16974108276,47.69111718512003,-41.84975656457308
66,SWKS,short,1,15596,0.004715030292769642,64.11553601100576,66.71907220723509,64.00528688890822,17.195383358975196,406.74805996966256,66.24321413689482,-331.8506337565103,71.32264502453066
66,MPWR,short,2,1106,0.0015873243681559194,903.9961471873615,939.943274656313,902.8638654278611,12.525294084751662,394.485605974571,937.777321762915,-373.6871521041117,23.043442639556417
66,AMD,short,3,4675,8.645110538140101e-05,213.8800048828125,217.79701312989698,213.79396573903057,4.022776408158097,183.79716660663954,217.1569247099316,-153.21300506396344,29.38921938216101
66,MCHP,short,4,19232,0.0021077908363924904,51.9950970416748,60.35291565112072,51.93619417058676,11.328543351084173,1394.5840709980123,58.20736409358939,-1194.7793937061733,355.50089575357333
66,NVDA,short,5,5729,2.6350653234257515e-05,174.5373804488289,180.8774281650464,174.51364869449455,1.3596946552845333,351.82828145616173,180.38501658116854,-335.036318140116,27.223495428548087
67,ADI,long,1,3580,0.0008009835541072221,279.28223493164086,277.2771445247853,279.45459712364476,6.171613172821066,78.52982627152078,277.3963336552497,-67.52671815494364,4.298555896797034
67,AMAT,long,2,3723,0.00044816895355618994,268.5429709936205,266.6967284564364,268.70055625781674,5.8681582174050115,75.13507244644191,267.28180594714047,-46.963249189269476,21.937932800688085
67,TXN,long,3,5540,0.0007462480493493566,180.47420853227015,177.7886854659081,180.57531523817616,5.602280055874394,156.7383078943132,177.7198068362586,-152.62023966815366,-3.874185214260065
67,ON,long,4,18135,0.002108649824598938,55.13999938964844,55.58018725548684,55.22218839900132,14.9055151002251,-64.41123611906892,55.40490805696528,48.04292169915718,-31.536273477426004
67,MCHP,long,5,15339,0.0015549572308197611,65.19052163980426,66.42476806462263,65.2884283555243,15.018550742852632,-171.07168639155995,66.34417747982486,176.9668060634449,-12.132610642969373
67,AMD,short,1,4564,9.484862251287335e-05,219.08999633789065,218.6521328248633,219.00580516177763,3.8427667862653077,-16.17511488889197,219.6242467210132,-24.38497384876527,-44.459383203390374
67,NVDA,short,2,5481,2.6204477250798934e-05,182.41751577930148,181.77495873155584,182.39466013226502,1.2529305060878657,-34.091681551381704,182.67894157750715,-14.331178510398708,-49.73087889879821
67,LRCX,short,3,6185,0.0005640806056137192,161.67226601067506,164.07534335945047,161.5503357583989,7.541816248689267,153.89317793593682,163.6970833521585,-125.2420957191102,23.054043316142387
67,SWKS,short,4,14711,0.005194415411994012,67.97520417378816,67.00444060201346,67.86889565792345,15.639308061939554,-129.01459189019914,67.13865174325447,123.0672920665192,-20.03018606456025
67,MU,short,5,4110,0.00015754768404904447,243.25207000901648,251.2728071852155,243.11625328779772,5.5833737083398844,324.6094947076986,251.75280832810077,-349.46211634578077,-19.102789046785237
68,MCHP,long,1,14942,0.0015101685219511111,66.92107265585986,64.25496925211478,67.0138157512659,13.858578729448174,429.3592435359105,65.50050882282504,-212.27451633060898,193.84330662787926
68,ADI,long,2,3582,0.000809948208085689,279.13355547983963,274.0572669777939,279.2979737198936,5.89030723201071,191.22670235649431,276.1535843651835,-106.75789621686445,76.49194675649534
68,AMAT,long,3,3809,0.0005144884763496037,262.494496110446,255.93059207525354,262.6602136693093,6.3131822312035935,262.94713498248,258.38832559026474,-156.42882350011476,96.03125187506032
68,ON,long,4,18122,0.0020136685447350103,55.18000030517578,54.73019734491463,55.26076723713116,14.636993749310507,96.94280634013326,54.863890296762555,-57.28706173703578,24.427639280264533
68,NXPI,long,5,4370,0.0013846158720703652,228.81232775558303,225.32667855295486,229.0453717823323,10.184941914414956,165.03563862294683,227.11521903419947,-74.17033592684771,79.37544247891971
68,AMD,short,1,4710,0.00012056254329116801,212.27999877929688,207.34742959083712,212.2076226642992,3.4094646416931003,-234.39852054364997,207.5003571050529,225.15741952746433,-7.375423679837784
68,NVDA,short,2,5626,2.7326491170461473e-05,177.7232402429772,176.05794304079322,177.70496358956902,1.0283772332302785,-93.5499143253184,176.0771332336567,92.62193324125761,-1.0899930177549506
68,MRVL,short,3,11800,0.0005280429988098896,84.7456424187401,83.98089971935981,84.65849392489021,10.283536871345227,-80.68432319667014,84.53299889873001,25.091970978211315,-65.74104126237754
68,SWKS,short,4,15094,0.005405540912216365,66.2510891450466,64.11292390448774,66.14645676830088,15.7933066604611,-317.1798663936451,64.79465293048145,219.8358145292547,-106.33254334325947
68,MU,short,5,4050,0.00016304013081857015,246.8685076120937,246.98485304911506,246.7260735251867,5.769633732740425,10.477546324547001,245.24674449478343,65.69339819798192,70.3730829188134
69,MCHP,long,1,15397,0.0015730542559153,64.94471534290551,64.63195069480913,65.02901264703465,12.979855817990865,61.43431351785011,64.71628386837911,-35.17321976396287,13.048217276961541
69,MU,long,2,3611,0.0001347087980774432,276.8791524562695,279.425527746642,277.0154704332177,4.9233745386345715,-86.25043434147297,280.2723884387535,122.55296046602764,30.307205606475264
69,LRCX,long,3,5703,0.0004866757265894511,175.34623271970156,175.40891785557207,175.4564278145054,6.284428989129154,2.708525855705752,175.87808193244823,30.331373791009685,26.746877103617624
69,NXPI,long,4,4390,0.0012880019246680242,227.7812039430838,224.61399421202063,227.98405037858078,8.90531931456757,150.0376758973904,225.29372770453773,-109.20463126393943,30.262294871773587
69,ON,long,5,17966,0.0017365072967425747,55.65999984741211,55.67297659757705,55.73171144261305,12.88386550440714,10.54997390575231,55.69585564501258,6.44193275220357,4.10954269625426
69,AVGO,short,1,2900,6.461668380494228e-05,344.7600156991574,344.69004176530274,344.6367536106834,3.5753011619992354,1.5459731399963557,345.81157394107333,-30.501165855426002,-32.53741158365813
69,NVDA,short,2,5443,2.8691456619339907e-05,183.6959478478248,186.97814165448872,183.67606930957612,1.0821435356406384,176.60205175289434,185.95062397102203,-122.73956772661126,54.95389323985351
69,AMD,short,3,4545,0.00013365740475255737,220.0,215.34590056936722,219.92393746220057,3.457388081792281,-212.5899253586523,215.7801890112757,191.80959039655932,-20.167016913729697
69,TSM,short,4,3411,0.0002899442637192258,293.15551451119416,295.19200568111813,293.0550021957026,3.4286346500805838,72.39367748068382,294.85339356445246,-57.91734998024304,11.47091080208516
69,SWKS,short,5,15615,0.005869164428691438,64.03717477190874,63.502953858639124,63.96076891756771,11.931484268812996,-72.09350606708917,63.55351202752132,75.52843268150944,-7.961546008512103
70,MU,long,1,3569,0.00013248590365204873,280.16918631071405,297.3952900274442,280.2997022294146,4.658467992829438,-574.8439323451289,290.7333713965379,377.06448824489667,-224.00888158960214
70,MCHP,long,2,15644,0.0017408925579736473,63.92211442546514,63.595891887969806,64.01079689471969,13.873519368317568,65.24085038083558,63.88035666817859,-6.532599502045178,44.730055946050406
70,STM,long,3,38319,0.006692526948952431,26.096097453838016,26.691012931347533,26.137919291115676,16.026088709868944,-207.22092550570488,26.445961901088506,134.06772712639219,-91.81031491361077
70,NXPI,long,4,4533,0.0014438558883392632,220.5632698806935,218.86712430529118,220.77055573294044,9.39802227084613,86.96744354324375,219.1839646787019,-62.535580050916415,14.476380334250743
70,LRCX,long,5,5676,0.0005425224426126718,176.16468139869664,177.73695892112764,176.27318074739014,6.1589728333764535,-82.35643180927045,176.06418686110695,-5.704579192139937,-94.11503775998543
70,AVGO,short,1,2878,6.760593818801756e-05,347.4401421635981,348.18501719259643,347.33963966852906,2.8926563995516115,24.279549157043657,348.96384912693713,-43.85523658407743,-22.36833568027699
70,SWKS,short,2,15950,0.006481948079392688,62.69510604465687,62.81756550746266,62.63254723473399,9.978260484688652,29.453270153662572,62.79600600080684,-16.093753167608305,3.4320824886564822
70,INTC,short,3,27770,0.000366824265484604,36.0099983215332,37.82507152864629,35.982857199734624,7.537107210124148,487.0352531961482,37.00854791054825,-277.2978715797212,215.86836061358295
70,MRVL,short,4,11736,0.0005946871874959621,85.20496815130339,86.82485957477769,85.13270103586174,8.48156122930749,194.893322857445,85.99477185412289,-92.69455994831165,95.60484459406368
70,AMD,short,5,4726,0.00016699814821456683,211.5800018310547,218.10413035848123,211.51514496726665,3.0653588820660445,302.10273323961184,215.5094637864646,-185.71991310159697,118.96457750488099
71,MU,long,1,3077,0.00010656075928610179,324.9435130260007,332.2764723589983,325.09733810067445,4.733902001651999,-216.05906091862522,331.83381959428846,212.04628780314917,-13.321820879078409
71,LRCX,long,2,5269,0.0004990779040811861,189.7588148344955,202.8970990411366,189.89465722750998,7.158686837971911,-640.8392172719255,199.28857828554695,502.20399296671167,-177.84979542058667
71,TSM,long,3,3042,0.00026840983057622086,328.7018245469152,322.0727220190401,328.8176426616997,3.523500818535938,209.4222882452268,324.27805049186793,-134.5831913511591,68.4729976200051
71,STM,long,4,36428,0.0070317401182509055,27.45070097850514,28.40192160835012,27.485820702743172,12.7937440524863,-322.54891702032364,28.28960260639358,305.6029893536523,-39.54626856075738
71,KLAC,long,5,7662,0.0009164249618754299,130.51271363467043,135.62893693984935,130.6040229060861,6.996197448722072,-370.48981929215984,134.68333085010076,319.55639410767793,-69.72008415637475
71,MRVL,short,1,10766,0.0006843422232350267,92.88369881936504,87.18385642068048,92.80803108625484,8.146503000203337,-645.0935868719239,88.04475371598906,520.9681747048514,-98.74503499301115
71,INTC,short,2,24044,0.00034895680868519887,41.59000015258789,42.25822204403077,41.567482354863564,5.414233623878726,163.45687436813813,41.206020658202505,92.32495623385887,248.99329288674883
71,AVGO,short,3,2829,6.599963255771906e-05,353.43803761093864,340.7370451134275,353.34054476353214,2.7584141216237392,-369.8893275871747,342.8426238712843,299.7813651092556,-61.79482941621058
71,SWKS,short,4,15738,0.00641865643792709,63.5375689463189,60.98850234217415,63.49201257322889,7.169989951692588,-410.488884775178,61.89156322755591,259.0602294138212,-148.0706773737723
71,TXN,short,5,5711,0.0009372881828819765,175.0750344906982,183.38415119410178,175.01684529834444,3.3236716201728242,456.2720301222225,180.57718648088334,-314.2739343842589,153.0647384161034
72,MU,long,1,2938,9.041237954119872e-05,340.3546446314014,346.80304671256994,340.51741309410187,4.782319420871461,-181.24505185439145,343.894186676716,103.99570275140088,-83.87642679116352
72,LRCX,long,2,4635,0.00038448282083473835,215.70940983834623,216.78841866091946,215.87729427457398,7.7828981291806,-42.02827770844044,219.00349317320948,152.70930170973296,102.17679182182847
72,ASML,long,3,799,0.0005626106825615333,1250.0549062895186,1306.6500962423875,1251.03911007391,7.873284440863313,-425.5996791214519,1297.1971685365784,377.12153290122274,-72.34475191938104
72,KLAC,long,4,7238,0.0008153058523370487,138.15038165825945,149.08392660975312,138.2734371212763,8.907355994226666,-725.1277675811906,147.33559435509105,664.8705987329752,-117.27168008115085
72,ON,long,5,16149,0.0016346184017806803,61.91999816894531,60.17342431249312,61.97419702521179,8.753045521512377,299.26379183057304,60.4036351780891,-244.89067113970233,38.25789677523512
72,AVGO,short,1,2943,7.21738794563784e-05,339.698674448018,346.3421521671833,339.6013346796605,2.8654738943459437,194.62885026680019,346.31772906306304,-194.85076371877136,0.7051727307071911
72,SWKS,short,2,17246,0.005484549065502295,57.98317624121962,57.579482183765755,57.879953427429,17.802200652339554,-52.183734946467155,57.8724101219528,19.103147921047814,-50.87366663912638
72,MRVL,short,3,12142,0.0009151176041434282,82.35844427368856,81.62876580349985,82.29366634557516,7.86536568103868,-81.45419516398076,82.52126460280743,-19.76971888611664,-109.3363093907421
72,AMD,short,4,4970,0.0001813965269682253,201.17999267578125,223.36281595477348,201.10851422598896,3.5529601548146252,996.3297442171655,219.16916777619645,-894.1831074328693,187.7505063074673
72,QCOM,short,5,5743,0.0007133944370637167,174.1149072102845,163.6062235298613,174.0473510166197,3.879977581886413,-638.1864492369202,165.1745702817043,513.4733763940541,-95.86106921884553
73,MU,long,1,2743,8.65128432778685e-05,364.4708256342844,384.32693233482547,364.6268048379532,4.279607384140725,-512.5877433879526,382.69477236287753,500.0111242615434,-42.46800925535984
73,LRCX,long,2,4591,0.0003569497319767015,217.7954546759902,223.14123911403294,217.94450963041945,6.8438046446380865,-232.88969373150184,223.32396458648026,253.83954493975656,8.188780934121162
73,ASML,long,3,761,0.00047617110874033656,1312.8132571465867,1350.7989487540685,1313.6464606128122,6.346702104734359,-275.040842869507,1349.2210315980503,277.3263771771799,-11.681362037434363
73,KLAC,long,4,6579,0.0006760311555930044,151.97608656885262,150.3305448492999,152.09512654318345,7.832809556975989,117.38011697173464,151.14905036061072,-54.418838312909116,54.44705280163264
73,AMAT,long,5,3174,0.00044307455210942015,314.97747372805946,320.0884553241903,315.1624866399058,5.8738458232119966,-153.89398156504598,320.83861841476266,186.08139233993302,23.43611830087971
73,SWKS,short,1,17843,0.005428890900378042,56.04354467255882,57.617192989494576,55.939088850172666,18.638332567372906,291.2505889740031,57.1388408653916,-195.43663757033514,83.02246244279804
73,QCOM,short,2,6519,0.0007591885219173615,153.39493131269805,154.60959246542745,153.3195607901599,4.913494982732309,83.43801019694317,155.08679231035907,-110.29445257302135,-30.864827810624117
73,MRVL,short,3,12618,0.0009427727665837937,79.2507627026136,81.74468947487634,79.19802511538619,6.654521095943072,311.5388138177283,81.26219745756732,-253.8063592525389,59.02426450066876
73,NXPI,short,4,4366,0.0016273829736081422,229.03044687351905,231.57405393782093,228.79448891264624,10.302471313044085,120.02920784558277,232.97790512067314,-172.3551737788842,-60.62212752164153
73,AVGO,short,5,2916,9.681438829143522e-05,342.837095865828,327.4274819252354,342.77173767200577,1.906392120642253,-468.630661560476,332.30907584450927,307.0852060139658,-149.08931561183195
74,MU,long,1,2529,7.635756596596246e-05,395.2731172676128,419.8415065579739,395.4174429491842,3.6512900894718534,-581.7448543624904,421.5049282208174,663.6376168087552,39.620228987860315
74,ASML,long,2,725,0.0004032751504633492,1379.2442939839666,1430.5196534944007,1380.0923099272427,6.148410016811377,-352.51066592462854,1432.6851580123337,387.46481867981754,15.137887219117715
74,LRCX,long,3,4575,0.00037585723176014146,218.5639849379073,237.20689304537837,218.71799721030095,7.046553092331823,-779.4417606380619,235.77564986080128,787.4886124437984,-60.33733531947925
74,INTC,long,4,22583,0.00017621608056983426,44.27999877929688,46.212611063270394,44.31604167323688,8.139768503528359,-410.4008292102107,46.29484606550552,455.0242415884341,17.7949266105163
74,AMAT,long,5,3116,0.00046787770313490073,320.8565195191279,330.55414968975066,321.0663428635798,6.5394757995362545,-287.02730959741,331.32641672336797,326.31087627365133,23.362799539565312
74,QCOM,short,1,6525,0.0007885301194336118,153.24644227338678,151.33273071978056,153.16324363988343,5.429074389532627,-120.95948519506968,151.6613074841149,103.43697157054036,-21.71220744987161
74,SWKS,short,2,17399,0.004787336492056417,57.4737773253427,55.55062607721119,57.36937558375423,18.16510875864078,-327.40396193106994,55.58495848470153,328.6401083313361,-6.180381737303882
74,MRVL,short,3,12537,0.0009119907469711243,79.76039027490945,81.506785799448,79.70891331438125,6.453950432135587,220.57948518427818,81.76726559616125,-251.6130267586101,-31.95805038296819
74,AVGO,short,4,3138,0.00012901743030417154,318.6262615696849,328.87783629859587,318.5480295511162,2.4552909789453423,314.09251726227586,329.43216335869,-339.1403375155183,-16.85510541947368
74,NVDA,short,5,5349,3.4219971143652676e-05,186.93200550896395,189.74054350258632,186.91451927227143,0.9354330011551275,148.9415060243234,189.40505550938056,-132.29676714178385,17.68140783264843
75,MU,long,1,2427,6.514898434558758e-05,411.9435595687579,400.01915098456357,412.09476186894165,3.6704615637643747,301.8758190615746,402.33914628973326,-233.14876652226332,57.997105875044085
75,LRCX,long,2,4293,0.00030119171733301154,232.8867365899888,224.40659663530684,233.05243584324754,7.115014606884214,385.27562636634224,227.01825090749927,-251.988832357652,116.38045901283108
75,ASML,long,3,719,0.0003088753329323825,1390.5599529398569,1378.7219669206015,1391.3487620887697,5.672600791106988,91.58333203590249,1379.8290818056025,-77.16942452979212,8.030008308881666
75,INTC,long,4,21915,0.0001484844775790641,45.630001068115234,49.03464349103779,45.668020725106736,8.332162196259151,-686.5804513387322,48.40202951494253,607.5012890508775,-129.01367911666148
75,AMAT,long,5,3130,0.0003985415670578019,319.4615063256379,311.7819055513104,319.67828851084045,6.785862487656315,253.26623575435616,317.16822751216665,-71.78576348205296,172.75928669856145
75,SWKS,short,1,18389,0.004023344983946221,54.378205202421945,57.39126603123077,54.26914135062873,20.05653761230772,544.0069363347144,56.746901013235956,-435.59654129748867,112.2757977919792
75,QCOM,short,2,6690,0.0007073926764238921,149.45488312929615,141.35230875460067,149.37892942127604,5.082049273318125,-567.8450346792885,142.56004358412866,461.33250388363916,-85.44146467566519
75,MRVL,short,3,12894,0.0008858449276721426,77.55203845541534,76.01247506450967,77.49836392030433,6.921099197395263,-195.4796044377746,76.09354933752215,188.06586479756803,-10.665916738491985
75,AVGO,short,4,3077,0.00012145958340586567,324.9130958822625,317.58797197009204,324.83170362994036,2.5050468372510903,-228.08583130253058,322.13711715671957,85.43757579253894,-143.24047470714444
75,NVDA,short,5,5348,3.2316325829536454e-05,186.9719553243457,179.28898812052216,186.95469217130318,0.9233017332780202,-427.5613427874307,180.6761573706712,336.72418640287543,-77.37057722789734
76,MPWR,long,1,825,0.001198875237050331,1211.7247520930769,1173.9695739838016,1212.864527085462,9.406220269218185,331.3114237677596,1183.0391986791078,-236.73324626256053,77.25604561052548
76,INTC,long,2,20165,0.0001379530584702733,49.59000015258789,48.051206962983755,49.62883564739352,7.831315726181763,328.32238441483753,48.35092750965196,-249.86340776836406,62.375237920473964
76,MU,long,3,2628,6.8295440148909e-05,380.4716132230319,399.5502581100799,380.6108570706733,3.6597696858868,-474.0179903522569,395.73965821261174,401.29261839646705,-95.37222965372933
76,ASML,long,4,709,0.0003115634420509575,1409.0707547043687,1415.3361656043494,1409.7902021144873,5.105828842992083,-39.184779027348114,1424.114815818661,106.76583176583436,62.025195339816825
76,TXN,long,5,4565,0.00046434888927542246,219.02004993824184,221.1170199013269,219.14540302381914,5.723361199700602,-89.1662196961404,219.7236527539764,32.12504133447911,-63.01492069548859
76,QCOM,short,1,7367,0.0006440380583043712,135.72408455105816,137.9511495673008,135.64275615163237,5.9921862574943985,167.33411957123718,137.2237198563655,-110.49146584909928,52.73096405625917
76,NXPI,short,2,4555,0.0014000716172748245,219.522228601066,238.3647342514199,219.33805518244444,8.389738925083979,798.2170319249781,234.29052890246658,-672.7473748564555,170.92315949120078
76,MRVL,short,3,12570,0.0008389029391968889,79.55054634369296,80.6521213464884,79.48750731375287,7.924399370901839,144.3996776888542,81.11859228731858,-197.113158324643,-57.83740502325766
76,AVGO,short,4,3034,0.00010694444493400922,329.55599651471385,337.1661426805221,329.4555854095364,3.0468602070470863,228.68717510262448,338.45094793514556,-269.90713306697705,-38.10599855635126
76,NVDA,short,5,5433,3.071971317863821e-05,184.03552934237337,188.25570157821133,184.00837815119354,1.4753233398380665,225.6145971362906,189.47638366503105,-295.6415178145144,-64.84170607244985
77,MU,long,1,2495,6.07855120472865e-05,400.72000141223486,414.1266269277923,400.8712791282019,3.775147620130583,-320.07958285429555,407.7029747848338,174.2606645036251,-155.1132365144565
77,TXN,long,2,4459,0.0004520464759332646,224.23670497292125,220.08969356749702,224.36185459652057,5.581139074195738,194.1099994177313,221.3733750934807,-127.69229193705513,58.32538112876185
77,STM,long,3,30655,0.003120065261322641,32.62012033301387,33.2575542551953,32.68761586297341,20.691379820333317,-171.37110800408914,33.30445219379689,209.78826987662157,14.101439402827626
77,ON,long,4,13867,0.001309173989289263,72.11000061035156,70.25726353246519,72.1872404508382,10.711390907345633,274.7014075606847,70.85542685659618,-173.98054959595763,85.13900115887493
77,MPWR,long,5,872,0.0011847423660881085,1146.1063589611906,1174.2348211854694,1147.4436945942061,11.66851246011464,-228.15816826327645,1161.2000522501542,131.69539782192808,-111.00649291047051
77,QCOM,short,1,7164,0.0006194659656889873,139.58493163874445,140.7091442871674,139.5029795712794,5.871125665421881,85.7204215119359,140.20951593609124,-44.745825356224955,35.5078807143112
77,AMD,short,2,4946,0.00011635607405290131,202.1499938964844,200.82909506700636,202.03307828208426,5.783607119969112,-59.95063686744146,200.1396051376986,99.45034971483967,34.33217328782571
77,KLAC,short,3,6934,0.0005049133295225751,144.20275432083588,146.9384548254515,144.04891967279053,10.667941036901496,196.6493492866411,145.29165619042118,-75.51186346708803,112.07404058975192
77,AVGO,short,4,3139,0.00011520181328167907,318.5067020490309,330.65173451415836,318.4093617966272,3.056144557633148,370.2497655280546,327.3862767952676,-278.78768921068973,98.75822135604014
77,INTC,short,5,21772,0.00016270094934793327,45.93000030517578,44.93643132012223,45.89331977527562,7.9861810704203995,-212.94268971575,45.15446186859416,168.85226027186104,-48.51977383755822
78,AMAT,long,1,2691,0.00031024231988853874,371.5403134371029,378.32626873536776,371.7735605551709,6.277841451718508,-173.20256936164196,377.5785705167904,162.51956682244997,-19.763317548016786
78,STM,long,2,29642,0.003018662712661845,33.73567869123483,33.93225786062825,33.800981399072064,19.35716439408706,-38.687806185896015,33.946316810279725,62.43778907570104,4.143240249211494
78,ADI,long,3,2862,0.0006270883773923904,349.40509070246503,352.74661971772565,349.5713193328379,4.757475915381615,-90.01646528685895,353.8353935750704,126.79560173832628,30.865607109601516
78,TXN,long,4,4615,0.0004818796543414068,216.6839283606111,212.64608615202945,216.81239415652172,5.92871824332158,195.92686044141908,213.81057440448907,-132.60577181987026,54.7618003948156
78,TSM,long,5,2738,0.0002186707089067982,365.1236667255391,377.01406955780755,365.24356844588635,3.283866023326248,-312.2032322487748,376.6974812260404,316.9834101496693,-8.397255098157752
78,AMD,short,1,5048,0.00012877938672643718,198.08999633789065,207.47432022026936,197.97786075260433,5.66084039372943,457.71734340823105,206.63767670146572,-431.5048978543531,40.325160141043035
78,INTC,short,2,22680,0.00021530624227667175,44.09000015258789,45.40710923236429,44.054218939055964,8.115494082126064,297.9468008820178,45.08563052816897,-225.81773012823186,70.79920074854378
78,QCOM,short,3,7115,0.000612636411698557,140.5452114061178,142.31917940506614,140.4656581388532,5.66033281879126,130.2369275849659,142.30299413548158,-125.06884523333306,1.137251469001778
78,MRVL,short,4,12766,0.0009815613175957515,78.33145343852343,79.51614428846212,78.26345082889931,8.681392549097362,157.53951235592967,79.21800347298154,-113.1793162951966,37.49437528044726
78,NXPI,short,5,4350,0.001294221079737407,229.8533878466937,229.51284018240008,229.6192063546546,10.18829847290646,-4.634432311934824,230.96761376871632,-48.47550573262756,-63.38528097861923
79,STM,long,1,30853,0.0035920732921264987,32.41095439138932,32.36538232958126,32.472465704034306,18.97855641712614,33.085774597872,32.08157752185474,-101.62516831719209,-87.68776615597928
79,ADI,long,2,2892,0.0006049740919635928,345.68836581783205,333.1561159291345,345.8341462051352,4.2171042394863285,380.54322492754227,335.541697816921,-293.52066786818244,71.60552586985743
79,TSM,long,3,2751,0.000217490557423318,363.482134090646,351.8924492696464,363.6126542536196,3.590827463917297,333.0621332824419,352.3843601161428,-305.31827932251696,13.97901113017102
79,AMAT,long,4,2734,0.0003159782236222038,365.73375256661006,348.5404284795079,365.98140041384494,6.771260390843191,500.40025515612325,350.74686213721463,-409.7759729371959,63.30495625234047
79,SWKS,long,5,17466,0.004754528997835881,57.25251656412362,56.45580382461529,57.34548340895265,16.238036405772935,157.58868425666736,56.526203740055756,-126.86129233365324,12.469916407385092
79,AMD,short,1,5158,0.00012062133786322036,193.8500061035156,195.80074835269775,193.73491105989598,5.937324735401749,105.50711936404664,194.0424664402054,-9.928312129483862,89.79955016949886
79,KLAC,short,2,6795,0.0006239755368531247,147.14567265519938,143.76947854808066,146.98464353468805,10.943517237415676,-223.63334826537243,144.44507850398793,183.53201303715147,-46.991890262809385
79,NVDA,short,3,5720,2.892877333934364e-05,174.79680413295333,180.37000370118457,174.76952194953432,1.5607941778073204,310.49961948930587,178.75947421286884,-226.70151777497256,89.29031741795973
79,QCOM,short,4,7328,0.0006180138209750248,136.44675710467496,136.88712585701606,136.36268128976914,6.161803819296153,38.31219071651192,136.14685455529616,21.979455997530952,54.07895717623166
79,INTC,short,5,22624,0.00025415053184121747,44.20000076293945,44.524574882405666,44.17802113843399,4.9727656393824695,77.83426228930031,44.24015853105505,-9.085467742631737,63.87851026130843
80,MRVL,long,1,11381,0.000611983882255613,87.86433422093693,90.53756171340366,87.97148664019947,12.195212108830212,-283.42657176113164,90.32376535489125,279.9123393765243,-23.614106064528535
80,STM,long,2,32117,0.0036653597426704503,31.13602627804552,33.218868549287286,31.20298779307143,21.5061210534514,-606.8481089971103,33.187872938729285,658.9943888024507,-9.33072434782442
80,AMAT,long,3,3127,0.00038751668354126056,319.7401855380069,339.72051379083257,319.97749811078404,7.422044006692584,-581.1546515028642,338.3277109646825,581.3321649075647,-40.99849051233923
80,AVGO,long,4,3067,0.00011995929910445123,326.0489173166492,336.3263856129129,326.1413736451224,2.835658196142889,-302.8311902805226,337.5973494114052,354.1932354751707,37.78959525212906
80,NVDA,long,5,5662,2.932995505295761e-05,176.61458806542095,182.93437384648965,176.64183350810677,1.5426496182598728,-343.9780182407543,182.61788435129262,339.90942377013334,-17.30071219215566
80,MCHP,short,1,15907,0.0017676663847794223,62.8643587754408,63.58870988028551,62.80489813649194,9.458561274959761,123.26272152229603,63.70974435356794,-134.47772228886703,-19.03395642249894
80,TXN,short,2,5241,0.0007441225182605337,190.79867458516432,192.72934251530975,190.7194172311869,4.153978225988578,104.28745607136578,192.4140343856197,-84.66305145816611,16.360151784620946
80,MPWR,short,3,990,0.0016690691146347015,1009.4883209082968,1045.4648808145116,1008.0915087392935,13.836833374619806,357.4808944906962,1040.4824652580014,-307.028260830371,47.65741679078165
80,INTC,short,4,23397,0.0002898185577522655,42.7400016784668,46.111334832679965,42.71494852849633,5.861756899062092,736.5621308747179,45.656029121691645,-682.2712514524765,98.7405184951697
80,ON,short,5,17866,0.001972906492337678,55.970001220703125,58.61765691609148,55.89781008057121,12.898184484085741,463.9978768536591,58.26437339228444,-409.92891219245405,60.26913090585412
81,MRVL,long,1,11225,0.0005522906037532636,89.0834188761048,89.33342693296667,89.18147322407282,11.007025685036657,-17.009725710833656,89.46118464168798,42.40584503257172,14.301221066686548
81,AMAT,long,2,2882,0.00040912423706208483,346.8973700430836,351.68224995818446,347.1512690096968,7.319137835542014,-128.83735101860782,348.8632096887541,56.66920004110698,-80.15873049508525
81,MU,long,3,2242,6.98160493458093e-05,445.9040847734957,445.6847672232967,446.0509260622677,3.2931137835752193,8.21564625715683,446.27961143413404,8.421691423371865,13.34674762485868
81,INTC,long,4,20872,0.00026427127562929343,47.90999984741211,45.41466290974639,47.93643953681307,5.518616047832751,555.2780678078055,45.83731083417605,-432.62137754901613,93.06419939075607
81,KLAC,long,5,6894,0.000741170778906628,145.04073268059602,147.56695912053263,145.1562314006126,7.963191986276188,-163.3650062512267,146.28195368804967,85.57740880880839,-87.07948175806547
81,NXPI,short,1,5183,0.0019957681859225757,192.92097318380283,190.99311477100852,192.75922917492616,8.383951532453015,-92.47005610831187,191.08052458072402,95.39909387277193,-4.576594806587439
81,MCHP,short,2,15947,0.0019227812867936745,62.70611077386668,63.19098392068414,62.6589814546597,7.5159053281011925,84.18961583066887,62.82147628963954,-18.39781073153998,58.47473929325041
81,ON,short,3,16688,0.002275747564937832,59.91999816894531,59.88284581910576,59.84824805428926,11.974318566191304,5.777575254358525,59.83993743611533,13.361270907294141,7.165388084602829
81,TXN,short,4,5198,0.0007910425615291258,192.3527822949836,188.1036814055485,192.26300857882177,4.6671389459891754,-221.11886073647926,190.1986970411445,111.98617603231186,-111.37557861396475
81,MPWR,short,5,930,0.0017465608714024132,1075.047061585977,1073.0893875383667,1073.805009027532,11.553471497449468,-6.6687966303235955,1068.708946844342,58.9566258828192,40.820836967488994
82,MRVL,long,1,11187,0.0005069017617860777,89.3831901887931,95.33324102256464,89.4818265905063,11.035229499514395,-613.7853249606137,93.79819427769947,493.9412074665385,-161.01904523542174
82,AMD,long,2,4844,0.00013730843715559506,206.3999938964844,208.6104713104736,206.48289579471373,4.016564955467063,-101.9879540271694,207.84732568823864,70.12266640279633,-36.58232577880397
82,KLAC,long,3,6536,0.0006146438714288401,152.98361555560055,150.5032828819562,153.0980038618233,7.477160597055086,172.40294897103252,150.35193169044345,-172.02390305650985,-10.056338214992179
82,INTC,long,4,22471,0.0002624140433728805,44.5,44.82542503386718,44.52665798513717,5.990558457791059,-66.65124725627867,44.773991516320606,61.57112726305761,-11.47418401670715
82,MU,long,5,2347,5.867162638148307e-05,425.90552375147496,382.8538596687748,426.04006950114143,3.159051530521649,1128.0076912305146,387.8941894634419,-892.4827730154896,131.6515340612653
82,MCHP,short,1,15571,0.001725520268574332,64.21936506992064,63.856574774617314,64.16762233533373,8.057185637163045,-48.71034217138397,63.85610965653245,56.56477808410028,0.072837931959677
82,NXPI,short,2,5086,0.0019029801882027202,196.57953205939668,194.83956289433465,196.4237906486847,7.922564932392104,-81.30934656270047,195.01155952198047,79.76275663035183,-8.827602828235777
82,TXN,short,3,5191,0.0007536169184167222,192.6299457701982,190.90569596643456,192.5432569725364,4.500276284415836,-85.77853048395963,191.37980930490806,64.89834487009105,-24.834949846486527
82,ON,short,4,16444,0.0022152111886755343,60.810001373291016,61.098383484758074,60.739799078513144,11.544531029842371,58.68967160716847,61.352308627764124,-89.18060224075259,-41.56004275782448
82,ADI,short,5,3188,0.0007563463819691578,313.6625960147727,314.03076088660987,313.506444488906,4.978327918299878,16.696338798897543,314.4476021928675,-25.027089237565523,-13.27390046378816
83,MRVL,long,1,10520,0.00044294736842105263,95.0489608790416,99.87271537401192,95.15003445569602,10.633843412874304,-472.86998262037844,98.63873509403075,377.6763240533961,-123.55529489310995
83,AMD,long,2,4879,0.00014469016169177466,204.9499969482422,205.43901396433574,205.03732396641635,4.260893850914182,-19.552761190195564,203.7033885294635,-60.825003041766756,-84.48373078608877
83,STM,long,3,30374,0.0033293580676701288,32.92287751090586,33.49950549787431,32.98764291563142,19.67185423087695,-152.79705614620818,33.165230222441174,73.61225076849085,-99.78513726250287
83,KLAC,long,4,6823,0.0006457933044967961,146.54711132010314,145.98054889442125,146.67181954861383,8.509770502284672,47.353613849782974,145.32351129762588,-83.49533549006945,-45.00857146869322
83,INTC,long,5,22872,0.0002648968886081482,43.720001220703125,45.79384803191603,43.748790715493726,6.584971177212173,-446.57905031195423,44.19704786396157,109.11405076369185,-348.69316219977094
83,MCHP,short,1,16200,0.0017893444537777534,61.7269426894081,62.83947839877035,61.66825865392329,9.507037434218985,186.38279226550412,62.23390819547658,-82.13034438128328,96.36779596592307
83,NXPI,short,2,5186,0.001894751071871569,192.79601109966777,192.83535025927293,192.63386711361173,8.410131782872588,10.448454880824492,192.39366602549458,20.868952209036493,22.904733659284393
83,MU,short,3,2757,5.995540857262308e-05,362.6042190325812,345.0645761700385,362.4787830088412,3.4593095489806474,-504.6651566523443,343.5327218895185,525.9590523779622,44.39326393692616
83,ADI,short,4,3202,0.0008083704972538881,312.2209080812624,312.18365726423923,312.0420286647499,5.729258095230298,4.536707678116254,311.0754126691569,36.688619578524936,35.49976333784497
83,TSM,short,5,3063,0.0002119536898833113,326.4355412347163,331.6574009926045,326.307435848673,3.9243700474152403,161.30998819624745,329.2267358799153,-85.50523128215451,73.28843274459032
84,MRVL,long,1,9143,0.00040319184355644926,109.36825465350309,117.46597729364237,109.49943247941508,11.994140925772633,-678.20019019741,114.8781517672796,503.7930916272544,-220.30426051738345
84,INTC,long,2,19654,0.00021653241634818642,50.880001068115234,57.220116660989326,50.91507681036952,6.893817122237902,-1101.8921698421425,55.6331468277431,934.1874331458097,-277.3447392022131
84,AMD,long,3,4560,0.00013447396351096185,219.27999877929688,231.0146679345467,219.36821554861947,4.023019418719934,-504.14341608936354,228.37507726971367,414.7700903433013,-114.26073887139108
84,KLAC,long,4,6582,0.0006604720237617404,151.91218640014415,165.35051906691277,152.04755851206082,8.911208187083139,-804.5309219421688,162.27603526139967,682.2262984193139,-185.93735434655267
84,MPWR,long,5,887,0.0016735849056603773,1126.6309786297086,1270.878875902276,1128.216761831094,14.07544467944648,-1122.5468986562337,1241.8415512946813,1022.6114393294977,-228.48223507515027
84,MU,short,1,2675,5.2220391526045774e-05,373.742491438278,398.35580158478615,373.60516059161296,3.6744777436617793,621.3199580552678,398.06533516740063,-650.791501804376,7.291632661805071
84,QCOM,short,2,7930,0.0005996083264651842,126.09427391985956,126.26435445829156,126.05490807067993,3.1219378926477614,16.587926854749863,126.78196683813164,-54.53799739622968,-40.994339381116056
84,NXPI,short,3,5108,0.0018444195296152463,195.74600893006905,201.418658774457,195.56698498343715,9.145726526452846,290.5229250668567,201.20089301102672,-278.671535157912,10.811598327348253
84,AVGO,short,4,3179,0.00012173001362809433,314.56214534661507,345.97377716468975,314.4717869988705,2.8725118098675,910.5311513486095,340.77281209425104,-833.2428785655221,150.32830271303942
84,TSM,short,5,2950,0.00021327333725418892,338.9562037807292,360.86912640781446,338.80403138011076,4.4894413768240184,611.4431358355707,356.7666897874024,-525.4509523063582,113.68211687291667
85,MRVL,long,1,7695,0.00031258848041376236,129.93795005453418,133.8437844704393,130.04359373905388,8.130317930624061,-283.92732217047575,133.13755753489622,246.24118504402884,-52.76501544971247
85,INTC,long,2,16082,0.00015303936395690785,62.18000030517578,65.78255302227589,62.21679453906585,5.917374350190814,-542.0523101319236,64.99519596579611,452.7493803157797,-119.6908633529555
85,MPWR,long,3,749,0.0013696500900604366,1334.37402927302,1385.8426325486748,1336.2365301448237,13.957862120701947,-357.94902854605874,1370.3372580207617,269.5138541278036,-111.88409249178223
85,LRCX,long,4,3803,0.0003688648216636065,262.93478019500407,265.05888182222174,263.14937087985174,8.161365517659112,-72.04100950107846,266.5955379482016,139.22683604209894,57.97414202518594
85,AMD,long,5,4081,0.00012020243256027941,245.02999877929688,264.8720527657161,245.1160735417587,3.5128254862933437,-745.8687701352883,259.19471046341897,578.0807147977223,-214.34282110988988
85,QCOM,short,1,7841,0.0005923426809304335,127.52898198976972,132.59432904630324,127.4902036512957,3.0407471202999354,384.94296337704856,131.91875517244193,-344.21769186743444,50.950434963579276
85,SWKS,short,2,17964,0.005579488453713913,55.66630314212999,57.126365008796675,55.58498808779269,14.607590184260129,269.8188342224534,56.89411727891944,-220.5668541800829,40.655086288349345
85,NVDA,short,3,5381,3.197548922171683e-05,185.81343445538195,196.0562027475833,185.790071237941,1.2573481303672531,523.6320690582622,193.91107619109513,-435.79420182654286,109.41385819095801
85,MU,short,4,2401,4.530303218987046e-05,416.4059702509256,448.0140904028957,416.2674225769979,3.3272259243593703,708.6086912433552,445.5171738607801,-699.1062974508299,55.73299134119129
85,NXPI,short,5,4985,0.0018433878399266343,200.59954583213903,210.33882715376177,200.4362199641403,8.141886230161601,470.79311621256113,208.57426182647382,-397.5440702646456,83.89156444226167
86,MRVL,long,1,6780,0.0002449610464967138,147.47360740434513,156.52080387400014,147.57559680596924,6.915773162344481,-571.5027553290503,155.54572756237343,547.3603243389883,-62.29691437130928
86,INTC,long,2,14609,0.0001383194157843861,68.44999694824219,72.82908267720057,68.48862346061216,5.643026163928102,-595.9788393637439,70.3837566713328,282.5069115127662,-335.762296596012
86,ON,long,3,12096,0.0014600328676380504,82.66999816894531,92.10839661837066,82.8009838647409,15.844405309880795,-1010.4847218427678,89.8936523474278,873.793920222443,-240.4497692125863
86,STM,long,4,22649,0.002402708550254099,44.15021806941176,47.231436596819364,44.226864060146646,17.360274555017636,-636.1382911810585,46.64763032007491,565.662494970419,-123.6054456119949
86,AMD,long,5,3563,9.98724894878809e-05,280.6000061035156,309.4783477663122,280.69654124398255,3.4403114172176372,-930.0103457985,297.62978759246033,606.9059557561906,-382.85586889583436
86,MU,short,1,2182,4.508044649062566e-05,458.1795183616903,473.614524412899,458.02473473223284,3.378231091842395,329.16620747624984,469.99669244105644,-257.915808232125,76.38769052379266
86,QCOM,short,2,7357,0.0007791612234642226,135.90803059694986,140.61930514548337,135.8569122186843,3.7612478115552697,338.672767716491,138.022912441049,-155.6112493728236,184.63984740560173
86,ASML,short,3,686,0.0003620100529030726,1456.4211988726431,1439.4568156532541,1455.4217521460582,6.8623467397928835,-110.90945083725137,1457.0919701970956,-4.605613575054618,-122.51256412883998
86,SWKS,short,4,17554,0.005964986203803129,56.96501330605252,60.77546579394796,56.88058375394126,14.821299462821205,640.8642022114379,60.2343088787719,-573.9128954740395,89.04200208202252
86,TSM,short,5,2714,0.00020075286021047244,368.3573563560101,382.804783815103,368.1997960164738,4.277377302708848,381.5257388654662,376.93897091930376,-232.96981627264447,153.23248673486992
87,INTC,long,1,11951,9.511391365501457e-05,83.66999816894531,90.40632873110357,83.72174179971186,6.1842514520045695,-739.3936934740199,88.00233026277657,517.7879991204816,-265.9104182271619
87,AMD,long,2,2887,7.278621312645274e-05,346.32000732421875,338.0482787601682,346.42922126895763,3.153555741197445,247.92146670669376,335.64532176449524,-308.2318472501665,-71.08324895148431
87,MRVL,long,3,6169,0.00019645308086453368,162.09002143470772,157.28977418948082,162.18832829756215,6.064954645837238,311.4350016282833,157.30386251165723,-295.27782652422127,0.895692186539349
87,ON,long,4,10190,0.0010236967205539012,98.12999725341795,98.60479402553102,98.26419905420445,13.675920161286356,-34.54142110356006,98.82240291778163,70.56004114374505,22.068794362499833
87,MPWR,long,5,621,0.0010913020938590095,1607.9765246130617,1558.2878282806553,1609.8193148707455,11.460305728824718,330.6929930072532,1559.0749576139056,-304.11866249678997,5.051244827592348
87,ASML,short,1,686,0.00036296872437128634,1455.9569379983684,1407.0225293797403,1455.0458501365777,6.257656651873919,-341.31166881888936,1413.158246268944,293.95575248443544,-43.6078084116284
87,SWKS,short,2,15834,0.005403348683884992,63.15126037102255,65.10862697088997,63.05410424531104,15.384669306789474,315.5530720218551,63.303970992125414,-24.181721822441226,277.1761689232701
87,QCOM,short,3,6421,0.0005260478047273846,155.7348017760628,162.63097998997353,155.63425357661146,6.456373161595638,430.22100794039545,160.16600417841036,-284.53514255081956,151.56865018676848
87,NVDA,short,4,4775,3.170513257293691e-05,209.4059296471886,207.46994308568554,209.38258023541758,1.115031069576769,-92.18863808827052,208.35675818953024,50.1022802661809,-42.74426891216913
87,AMAT,short,5,2409,0.00044036073386143716,415.0396829536639,389.02893860788544,414.79018675928694,6.011381673226648,-662.1936209575165,391.1614977341554,575.3229438105159,-54.81749336954629
88,INTC,long,1,10082,7.131078445116512e-05,99.18000030517578,111.0132908571093,99.23201173552057,5.24414500753706,-1061.2494261388028,106.72502384891399,760.7404235251316,-386.2841084240036
88,AMD,long,2,2775,6.88648833763894e-05,360.30999755859375,397.8037486019696,360.4291817601264,3.3078238833296276,-939.5227413816809,391.45189930780174,864.3085665182988,-159.67293713270922
88,ON,long,3,9533,0.0008682837346857174,104.88999938964844,102.53255162129773,104.99974422546241,10.462850267191515,240.62530046820785,102.53195321810497,-224.81134381398218,-0.058362264792174615
88,STM,long,4,17775,0.0014890220748046156,56.25656759556704,56.80126220429973,56.32152344981702,11.54635930100699,-84.45917148059345,56.713356098814735,81.19736464044212,-15.476083113931699
88,MRVL,long,5,6044,0.00021563688518156456,165.43918740997023,167.18498398261016,165.51308308562764,4.4666367632894834,-100.00305393195029,168.44209362709825,181.51118027959097,75.19273648516432
88,ASML,short,1,714,0.00039604619429560353,1399.959393709515,1495.5498659562297,1399.135338362276,5.886280351715665,644.6761140412258,1482.6016560205512,-590.3189955535524,86.5782561345732
88,AMAT,short,2,2588,0.0004541613764529259,386.2662421458197,415.57647145627834,386.0261741439889,6.215091448250155,711.0676215315609,411.33760712721016,-649.0695340631329,101.9996226979404
88,NVDA,short,3,5018,3.3851377006624194e-05,199.2677487020073,205.6801503403821,199.2422368694807,1.2802790563341646,313.00606598387054,203.7628321122363,-225.5800770324917,93.21843770401829
88,KLAC,short,4,5826,0.0006239691549748313,171.63670294256028,177.8560398330682,171.5045236197191,7.701110576880343,357.11557613171277,177.20070454094713,-324.1731810852189,36.846389514584345
88,TSM,short,5,2477,0.00018099692992086774,403.5748660890813,406.97735366254625,403.4401889092863,3.3371052340330363,86.91306092163722,408.29474623909994,-116.95178631309555,-32.370169118698186
89,INTC,long,1,7640,5.038242502745645e-05,130.8800048828125,119.62633911051141,130.9456723087532,5.017376489211304,946.2241578574867,120.78509786011914,-771.3101043763066,96.86485085339446
89,AMD,long,2,2171,4.5293592083322686e-05,460.5499877929688,446.3949554013068,460.7396324480065,4.117786560944027,321.3449630900042,448.2385290336618,-267.32079221857214,41.29915918735327
89,MU,long,3,1261,2.8399538490608448e-05,792.858027429677,772.8109964320578,793.0743045313872,2.72781625748666,262.2026367751205,780.1811780535471,-159.88801194617753,95.3684879681612
89,QCOM,long,4,4326,0.0001695005239587972,231.15622304747632,216.6259020642401,231.3060474172799,6.48152006588247,677.6726704033026,216.98966510813148,-612.8564376324501,16.792222925561973
89,ON,long,5,9734,0.0007243661702989778,102.7300033569336,111.1102902341632,102.83428828478074,10.151360307544266,-744.845678284245,109.04748429829797,614.9596743820209,-185.6539058189747
89,KLAC,short,1,5410,0.0005164801069237929,184.8299099522055,183.16670025773448,184.70093979923317,6.977775026005194,-83.76192503003324,182.8424942044528,107.52673894969764,17.700054257978085
89,ASML,short,2,642,0.0003415656689260367,1557.2859964714623,1540.015854158159,1556.3916128996686,5.743219767083329,-106.33500101504661,1539.6746602779508,113.08992846153976,2.2155218680834787
89,AMAT,short,3,2281,0.0003706285411599162,438.2359793664792,435.6824477723762,437.98233085921476,5.787943464412725,-52.78805925273718,435.6229964797908,59.6250196176452,1.3645556044167222
89,TSM,short,4,2464,0.00016567757691164626,405.7896903250927,402.4241988438189,405.6521047848993,3.3905627341884523,-80.21152680068195,401.4927315189099,105.89127591537192,23.14640440572681
89,LRCX,short,5,3421,0.0003545033636887417,292.30409719396056,290.72123215840287,292.12247762912256,6.2133773211357575,-48.19893821708219,291.86721811445324,14.946047068831424,-39.41872244906982
90,MU,long,1,1332,2.7311454848598273e-05,750.3446270815475,720.2259638019743,750.5650796911897,2.938018101090596,421.2444068117082,728.8196939026652,-286.86729273458184,119.31991531276887
90,INTC,long,2,8812,5.522902339079504e-05,113.47000122070312,114.13956298445429,113.53555423351423,5.7771227730583385,-52.91843907115003,114.74763942616107,112.59700288298191,53.274817758817335
90,AMD,long,3,2328,5.026762435703919e-05,429.5,437.8633355034189,429.69626236810103,4.569554554156726,-186.52105515818207,436.4831802785262,162.58859787022632,-31.520228185031794
90,QCOM,long,4,4854,0.000160724325663112,206.00911178467027,209.20112300720467,206.17529874654176,8.0669714281956,-144.63709454173002,202.89206342911072,-151.30633439251085,-301.57866685432055
90,STM,long,5,15840,0.0012249680031242872,63.1288210131168,63.26784758420694,63.21831858876763,14.176975621362539,-7.828462217461882,63.55865223429349,68.08795321670615,45.96404985952783
90,KLAC,short,1,5498,0.0005129138037997415,181.88242007411424,180.08976454896677,181.75035974067703,7.260753039430472,-92.20930439157402,179.94809436744782,106.3503391849639,7.866642608687877
90,ASML,short,2,658,0.00038258038258038256,1519.2851592284712,1537.307281530541,1518.330689072942,6.282363450544609,123.4404642818447,1526.0509713249307,-44.532865047502675,73.2209516005388
90,AVGO,short,3,2376,0.00012299756877911714,420.74410259925855,415.0154667651053,420.616275926815,3.0381096646130517,-134.95422725726186,414.3039013610879,153.0669401753839,17.1455153120867
90,MPWR,short,4,640,0.0009535942307549039,1560.8983925673328,1517.6866202176004,1559.303017632091,10.220876277652948,-274.2094241334473,1518.1841972933842,273.6513502566511,-3.2785231757027504
90,LRCX,short,5,3418,0.0003533216420876575,292.53390667670527,289.1164554120977,292.3447014338131,6.467805562835911,-111.65902048411427,287.4482883429806,173.84714105449117,57.69879361378221
91,QCOM,long,1,4169,0.00013252205296972256,239.8341890858605,243.88854920640787,240.01267121330207,7.4418967588347815,-158.92004793655025,242.28059502022344,102.0040530371233,-65.92987622488108
91,MU,long,2,1218,2.3145528651570575e-05,820.373834573117,919.9815005276283,820.5998960007615,2.7555904164363394,-1080.2565537444982,915.7328355117035,1162.3847192567596,-46.18207011215089
91,INTC,long,3,8190,5.4551928840305925e-05,122.0999984741211,120.08227578086004,122.15395522277396,4.419062188956654,172.52166720212347,122.9746639535862,71.6351752985887,240.86720158473014
91,AMD,long,4,2062,4.934228433957973e-05,484.739990234375,505.0577392313158,484.94291285550565,4.186215810924517,-398.2678575804889,503.24030609028756,381.65441739121906,-35.98466075966515
91,STM,long,5,14353,0.0012209017217921132,69.67143839283015,69.20999085685466,69.7595059222068,12.640406371415951,79.39822828306505,70.11777148967892,64.06256382022579,131.16323547879043
91,MPWR,short,1,606,0.0008955488561801738,1647.9754495437824,1625.0569705205687,1646.2611832618254,10.402256189141177,-130.48288845199173,1651.6291316509416,-22.17073141575472,-163.51525892572764
91,KLAC,short,2,5169,0.0004786576472712625,193.4523551525107,195.66403783104587,193.31924700467764,6.8806682517838915,119.83759777016077,196.44878383769046,-154.89233422965967,-40.10680835086328
91,AVGO,short,3,2393,0.00012681300063777454,417.8387067463364,431.0360601631407,417.7188198414324,2.8692149139935226,308.9588448044912,423.6835695171595,-139.88322949629082,170.57715874626257
91,ADI,short,4,2475,0.0005690603606348185,403.9096463604696,414.08956207520504,403.68910266268944,5.460223586324894,251.1644910920676,417.55094127370205,-337.7313474969169,-83.59010985812711
91,TSM,short,5,2426,0.00018591234991371093,412.1547776294236,419.3596324718221,412.0214612012678,3.234620472498216,174.98516076287774,421.30255207842583,-221.94997960759184,-46.33063023142217
92,MU,long,1,990,1.7620721969035585e-05,1009.5647539871434,995.368192323822,1009.8482069119719,2.8076745321100613,145.47395325486957,1018.0172546133883,83.72420484038209,227.5445655611021
92,AMD,long,2,1999,5.029986798486374e-05,500.1600036621094,507.1884168673604,500.3687777248775,4.174145498230213,-134.45967840914594,510.9933691447156,216.59799670676696,75.02048845784796
92,QCOM,long,3,4301,0.0001474910827220592,232.47137988104703,234.3156330073879,232.64251195589054,7.361425519609302,-71.40458491920631,235.05191802428027,111.00455224009394,31.42278675316351
92,STM,long,4,14576,0.0012882009331856238,68.60264733566325,75.45798283614387,68.69408767443059,13.328981069773706,-896.3790055720145,74.76628880129765,898.455337368623,-91.66611786432556
92,MRVL,long,5,5028,0.00017494214696601676,198.86094204095252,285.3742739255306,198.97047051382455,5.507792115833029,-3027.73625047412,270.489905314014,3601.9623832572665,-521.5735955021908
92,MPWR,short,1,652,0.0009770424983516154,1533.7397160046771,1573.9577881663558,1532.1670136570463,10.254036791377382,265.51394721961,1592.2149568233865,-381.2592202478446,-115.99528776626258
92,MCHP,short,2,10831,0.0009349937219630292,92.32452330161092,93.18812579922293,92.25607305574722,7.414091447846873,100.01840207451413,94.49791859352304,-235.4082332829324,-140.5536148588397
92,ADI,short,3,2488,0.0005333178996963647,401.9211889176684,415.66037015436257,401.69563962903067,5.611778996900651,335.96492540642885,415.5922875176111,-340.14376392440346,1.637939087774278
92,TSM,short,4,2359,0.00017729243857895487,423.887329084468,433.0090178778353,423.7532729887798,3.1625407623693906,213.75409072119535,434.09187275153954,-240.73717157603699,-25.007674875024644
92,NVDA,short,5,4640,2.722170470997679e-05,215.47885750139108,217.62592414364534,215.45283428039693,1.2076925456122662,99.85436577923711,218.44745401008564,-137.7674145443896,-37.74963252530728
93,MRVL,long,1,3464,7.185576324604676e-05,288.6188138696449,275.7001276090624,288.83990796455663,7.660418665970675,476.5968180517561,276.5385087288204,-418.5557060143906,30.40916691002688
93,MU,long,2,1065,1.9032714555657154e-05,938.1257167401805,942.3856124244317,938.4370572929622,3.3187508585055165,-41.899569342014715,941.5469350451955,36.4686549357495,-8.899513831482926
93,STM,long,3,13394,0.0010655351024366339,74.6558216714114,74.20195887433619,74.78757284868306,17.647810220553165,78.92163269417584,74.66475994405774,1.197263983735048,62.370465246789664
93,ON,long,4,8158,0.0006886384365425758,122.56999969482422,115.98779444401679,122.73738738404771,13.65649748227559,581.9226904334932,117.97200590811022,-375.1320713194192,171.0707125352869
93,AMD,long,5,2061,6.315122788692039e-05,485.0,481.48544545384954,485.1937897590913,3.9956651359034367,77.01882456169126,483.48838181926806,-31.167385169730792,41.59910510961649
93,MCHP,short,1,10951,0.0009486152997242337,91.31063004383876,90.71640176875121,91.22342713209603,9.550137996075064,-55.89125598668494,91.12060251932311,20.81110648611327,-44.556523703648104
93,INTC,short,2,9009,6.991263094019219e-05,111.0,112.9782138127724,110.94896849967351,4.597432461845751,179.61386046178342,112.1689312313335,-105.30911993995517,71.63173802517687
93,AVGO,short,3,2487,8.798197059449385e-05,401.98377332105593,384.9128459196204,401.82142598361696,4.038654000824801,-439.2833401961209,387.77011788964734,353.5877907205088,-74.23166049967618
93,MPWR,short,4,642,0.0009130147262733498,1557.2939312482692,1539.6680983218453,1555.361325716289,12.410024165644428,-101.92604114840404,1553.483698738063,24.467009302169384,-89.73102989713111
93,NVDA,short,5,4757,2.673599928958791e-05,210.17999267578125,205.09002634937494,210.1483772030431,1.504209431908588,-246.64050922940407,206.30211837730826,184.50254227836555,-59.100486235664164
94,MRVL,long,1,3371,5.94662520199518e-05,296.6368207867827,306.93364440873034,296.85711565023604,7.426416682494809,-328.2966511509512,298.5872039738359,65.74986820180041,-271.9297993862094
94,KLAC,long,2,3798,0.0003280149653589251,263.2724454706089,252.07622978859203,263.51288493562197,9.132724261488454,453.6982783589504,253.5093126548746,-370.8376240545163,56.85117027831042
94,AMAT,long,3,1696,0.00019822729166703193,589.3497616432984,600.2912659603955,589.7344402349282,6.527169715946386,-175.8617245342998,596.184691101716,115.9740769107907,-68.40970528047768
94,MU,long,4,947,1.7167725871844467e-05,1055.7275939797146,1080.6927294439251,1056.0522896796554,3.075563258859128,-228.00597332554116,1081.2399408848382,241.6565319558547,5.063524774471816
94,LRCX,long,5,2592,0.0002529525772471499,385.718279577729,386.16697703891407,386.01753371815806,7.758360344152825,-3.869914561362066,387.6020981661535,48.8392354774278,37.16322763390536
94,AVGO,short,1,2532,7.860372222152374e-05,394.8850313070967,394.78597439792566,394.73652360536295,3.7607832649972144,1.2525975026879992,395.30239533017146,-10.56925408626531,-13.081035440364449
94,NVDA,short,2,4786,2.74288163901219e-05,208.9199981689453,208.9807058166218,208.89001417984556,1.4351899943776885,4.339713392288411,208.9750008460766,-2.6327148005623613,0.27299029941079667
94,TXN,short,3,3241,0.0003899353135694722,308.53027821047027,312.5383975044338,308.33638703761864,6.284348297231595,134.44781506424567,308.7963690272787,-8.62446364589479,119.73019977815875
94,MPWR,short,4,606,0.0008043535970268118,1650.042435313423,1546.8008408213782,1647.9358923813022,12.766598525211501,-653.833699147846,1591.1144445873595,357.1301529276751,-286.48551640591285
94,ADI,short,5,2337,0.00044144439396787106,427.8664166577917,427.10360409127037,427.56868737178826,6.958463539371071,-10.889238022409698,424.46607607098923,79.47201403100735,61.75382260922127
95,MRVL,long,1,3191,4.422672495834947e-05,313.312723038874,282.99332129909004,313.52104258198017,6.6489334070322945,1078.7435245026854,286.75652790824597,-847.5938951043847,132.97863680601392
95,MU,long,2,836,1.5206335512332092e-05,1196.036022632204,1134.4993059860535,1196.3898005410272,2.9579201807357896,545.5313566823327,1146.079321930591,-417.68558602164563,102.07160007447277
95,AMAT,long,3,1598,0.00016703966617154074,625.5510448561254,622.7973752947611,625.9076318522204,5.700366085665938,49.940103809643155,614.2778545685295,-180.2121566304579,-136.79442245881992
95,KLAC,long,4,3769,0.00029117737948084057,265.31012955787185,249.95347872127178,265.55162298454854,9.102307065287569,624.0418954388938,251.35829722779073,-525.8688144825551,56.20319883947252
95,LRCX,long,5,2510,0.0002176806087772117,398.3900146484375,384.5119534565092,398.6698236433967,7.023494180849446,368.2036425556484,385.81314422811846,-315.6924109008506,33.840060365156255
95,NVDA,short,1,4729,2.7555713790006115e-05,211.44000244140625,199.3240451172208,211.40830772493743,1.4989933836007843,-606.2621597213708,201.37249821752764,476.13999752333984,-102.7699944129747
95,SWKS,short,2,13717,0.002588582082792355,72.9000015258789,72.01558712954014,72.72169257054418,24.459389794584556,-98.04897372202403,72.03911247732663,118.0917737356524,-3.2667022132544488
95,AVGO,short,3,2417,6.755076088931122e-05,413.6600036621094,381.68370075708907,413.50427768529624,3.76458868235983,-833.6896981738921,386.9708381127357,645.1956996832172,-138.52143398209864
95,MPWR,short,4,628,0.0007130327166205882,1590.2635452653217,1403.01767766378,1588.0837519733727,13.707119794318585,-1319.057323766252,1459.153220448841,824.4565827270225,-400.10574120872474
95,NXPI,short,5,3132,0.0007376562691361979,319.276948310953,297.2881555005614,318.94098902973013,10.522503519285376,-728.3449787197407,303.24067422095095,502.26845924322305,-200.22724115486355
96,AMAT,long,1,1575,0.00013088374365733223,634.7512355684455,668.5115720336861,635.1765938050661,6.701180128301071,-498.6447448802018,664.0200842042594,461.1073913011368,-67.18638864788919
96,MRVL,long,2,3671,5.117214673985961e-05,272.3428089040106,272.5816503948164,272.5453634865345,7.437485988303282,-1.3312307790839797,275.8170047237894,127.56701136189379,118.69303470306315
96,KLAC,long,3,4004,0.0002775102671521479,249.7477165178119,268.91953550283864,249.9976361000717,10.006881574109144,-703.6268067095187,270.287325533335,822.4142867812044,50.8624272289768
96,MU,long,4,886,1.52376143433762e-05,1128.526353776065,1070.7695831526607,1128.8890777962647,3.2141386772762672,542.782458131497,1099.2425831650307,-259.486812275587,265.91155053673737
96,LRCX,long,5,2610,0.00019803505220424014,383.010009765625,395.8059908963541,383.31544578165114,7.974622287627432,-315.57241178731294,398.99153120134105,417.2611949618655,80.48236707516412
96,ON,short,1,11086,0.0007826128085605953,90.1999969482422,92.0304037487541,90.00165111212743,21.989561288852528,220.44373967599034,91.3294731201567,-125.21909203196657,76.16294181550626
96,QCOM,short,2,5180,0.0002303281731818859,193.02999877929688,185.02507977045923,192.86729776001985,8.428794503752185,-423.8462158367732,186.86621364552767,319.3174725559961,-99.50726016994744
96,MPWR,short,3,753,0.0006898731567881044,1326.366217646853,1337.378932097245,1324.4322143460322,14.581216522930442,96.80665247889128,1331.532584004026,-38.95128124070159,43.714970775343744
96,SWKS,short,4,14598,0.002606580911499811,68.5,66.35167646641916,68.36362535595904,19.908707159263603,-303.2250271111289,67.22551420886626,186.05631987353897,-131.69791465470306
96,NXPI,short,5,3610,0.0007944752062114316,277.0,277.5075100588214,276.67909684775196,11.584951344694437,29.85192043609439,277.72653129166997,-26.228566486280553,-7.892443444219681
97,AMAT,long,1,1594,0.00012068068753165597,627.0894783995512,581.067117099118,627.5696118825851,7.656538653132881,800.2947235359517,584.7271113629469,-675.5394325020571,62.98746145024933
97,KLAC,long,2,4064,0.0002448420651199163,246.0419223512236,226.17630337287187,246.34190048994284,12.192155542136542,891.587527798002,228.48041299958436,-713.7608576545862,101.87228247841497
97,INTC,long,3,8158,6.166238867153531e-05,122.56999969482422,113.12878195563742,122.6330135155504,5.141047636703598,840.1249793036745,114.35028683695573,-670.6137617960345,107.9747222768927
97,ASML,long,4,547,0.0002284807284650648,1827.6363324313409,1788.4090744786809,1828.9863007009294,7.386416245034122,226.89007118842076,1782.3142475374254,-247.9819649548253,-34.07960196708373
97,LRCX,long,5,2737,0.00018361893670077627,365.3399963378906,342.48566298884776,365.6788327952358,9.274551397098838,677.2011886273692,344.0846553020219,-581.7961692924091,46.68786130256714
97,ON,short,1,10750,0.0007044867944769546,93.0199966430664,94.63870361120883,92.82766893614992,20.675952898007623,191.363005404103,93.56540295090535,-58.6332323717192,113.41032995472627
97,QCOM,short,2,5613,0.0002461908512005916,178.1300048828125,185.8446469051078,177.99456645125474,7.6033474341877865,422.4001382112072,183.46359625708737,-299.4212781717329,128.12048599044036
97,AVGO,short,3,2676,8.2241062815146e-05,373.6099853515625,385.3544609309672,373.46118990291194,3.9826411092986533,308.63198000414064,383.6076586773137,-267.5965235871169,45.32975301319922
97,MPWR,short,4,754,0.0006100940629108931,1325.739990234375,1322.331145895953,1323.954985713961,13.464212693007092,-12.280129852857659,1319.109215285864,50.0156516161125,24.365535214750903
97,SWKS,short,5,15873,0.0027583845907214496,63.0,60.070257770326045,62.879395474754496,19.143575435794308,-467.64202597048455,60.35228585078495,420.27208717699176,-46.9497037181395
98,AMD,long,1,1860,6.214357236669118e-05,537.5,520.2882531678016,537.7161025746873,4.020513017437838,334.9652678255819,529.4851821458801,-149.11289030920713,176.76603156197638
98,AMAT,long,2,1720,0.000134729823621428,581.3883143507304,568.0420358636958,581.8316523528132,7.625505899235067,242.75697252141893,579.8238600056277,-26.908940315558855,207.41113153743797
98,TXN,long,3,3257,0.000327984576568085,306.94839963505274,295.0608392033661,307.175043814116,7.383787611622686,410.5663307762916,299.75469506872844,-234.36201572893938,159.08095015371384
98,MU,long,4,1076,2.050872893245109e-05,929.0,897.7852580322528,929.3151916513655,3.392805719757448,351.19682949817286,916.637071307623,-133.0778115433472,209.98131910396057
98,LRCX,long,5,2985,0.00021159325467640585,335.0,329.4375513335334,335.320019051442,9.552807505731007,178.56093496618357,335.2891753360278,8.632099582920132,177.62468118183776
98,SWKS,short,1,16708,0.0029677021711579776,59.84999847412109,57.78431281878842,59.74423317569918,17.67172951017535,-339.1786215502928,57.88821417550814,327.7835168970331,-17.980893369027672
98,ON,short,2,10753,0.000758236826137558,92.98999786376952,90.4553962327536,92.79675802789923,20.7807119377918,-258.8415829964416,91.18717572274124,193.8726941008655,-80.8994842170256
98,MPWR,short,3,765,0.0006358679389566778,1307.1700439453125,1322.7518626443116,1305.4509979680147,13.150897890142662,130.7944835678459,1328.1604556050218,-160.57904445511772,-40.888946093773434
98,MRVL,short,4,4371,9.095226774633036e-05,228.77999877929688,204.66469543071815,228.6341842462069,6.373569974123571,-1171.1589419486738,212.91129570883396,693.6228322027131,-402.93223317098165
98,QCOM,short,5,5403,0.00026558277305182773,185.05999755859372,176.38235114788753,184.93292574110095,6.86652000265714,-484.7749526847045,178.76708744262098,340.04702253280226,-135.20265940518985
99,NVDA,long,1,4857,3.535810086886509e-05,205.8699951171875,207.85394697765074,205.90006970864417,1.4608535566121812,-94.00241358980095,207.23953628048693,66.52456384039093,-29.55973201845761
99,AMD,long,2,1934,6.834482544152029e-05,517.0,533.4273207802848,517.1957949116893,3.7871356226168382,-304.2874865286702,532.3981504036522,297.8365648675465,-19.29354452875128
99,AVGO,long,3,2640,0.00010716151472801067,378.760009765625,386.66566482926,378.87928266537864,3.1490362413773494,-201.37247426195898,385.862334734269,187.51517545473905,-20.775832148058033
99,TXN,long,4,3486,0.0003845816516160207,286.8413470555714,285.550739157152,287.0681121954187,7.9055945795473805,53.138473489700445,284.2535659880102,-90.21645917245849,-45.42706395965203
99,ASML,long,5,562,0.0002578082172928761,1776.3924856892684,1780.605805104419,1777.5143886094163,6.3156252302689495,-17.361599553031986,1782.1069982788983,32.1692004197634,8.430800181465804
99,MRVL,short,1,5181,0.00016177793987143946,193.00999450683597,203.1633359072066,192.86948928187408,7.2796864908935275,506.6783619872318,202.03220353253008,-467.44776345634085,55.676009139422774
99,ON,short,2,11125,0.0008309053469972761,89.87999725341797,89.46386915508815,89.69281126416088,20.82621216924546,-25.590454698069834,89.55251519500882,36.43547712688568,-9.908585528198541
99,INTC,short,3,10248,9.365917000318321e-05,97.58000183105467,99.82706824120345,97.52959329888948,5.165867105892017,230.145488873096,100.74072250168774,-323.9107000741185,-91.52369959184917
99,QCOM,short,4,5696,0.0003125222897086015,175.5500030517578,171.77344337765965,175.43341876766434,6.641086987569256,-213.06992035770617,172.47276271589345,175.29138606492023,-40.711726124991785
99,MU,short,5,1129,2.169856313806196e-05,885.5700073242188,942.880127804824,885.2852579022937,3.215436606592688,610.8397897474036,936.5313120675335,-575.4633097534108,67.33428301295986
100,NVDA,long,1,4803,3.670413104116048e-05,208.1999969482422,196.57981520796247,208.22831447223462,1.3601116430115625,592.5582569069545,198.2000554798862,-480.30459245597086,82.4214973551418
100,AVGO,long,2,2565,0.0001194929307003893,389.8200073242188,382.2643281924086,389.9390830761285,3.0546341817354072,200.77088856318574,384.05245723911753,-147.95418338557272,46.77729295758171
100,AMD,long,3,1895,6.973747062378052e-05,527.510009765625,471.77753501092224,527.7159777987989,3.904533172089565,1185.6953465701083,483.5784260478933,-832.8104283225016,250.13677339888272
100,ASML,long,4,575,0.0002821407367062645,1736.9435977682272,1621.758619563272,1737.9401600861004,5.7374477740882375,716.3923109230345,1643.4782988310974,-538.1020952967151,133.92670774689188
100,MPWR,long,5,746,0.0007930053947753063,1340.0,1341.189666191926,1341.574293535246,11.748459218253304,2.867807238717526,1336.1036316047182,-29.077376084192515,-37.921814605452575
100,STM,short,1,18843,0.0014965677347208003,53.06999969482422,51.412641351883245,52.95561127134613,21.55425365288741,-300.11488981909014,51.672143448602256,263.39857815342936,-50.47437554178596
100,MRVL,short,2,5032,0.00019171904777507608,198.72000122070312,180.76040744362874,198.56428552462893,7.835934738207595,-984.9434581824808,186.03678554840795,638.2455512471992,-291.89899377852885
100,INTC,short,3,10815,9.653730979572518e-05,92.45999908447266,88.51107266621621,92.41420927907015,4.952390856144437,-440.9772128254559,89.7561175986504,292.4379745398818,-140.6654438738283
100,ON,short,4,11386,0.0010446508892515002,87.81999969482422,83.83334171144381,87.63956515798803,20.545950519608354,-454.02263214620825,85.22362129487458,295.6477350230125,-165.83850232478395
100,MU,short,5,1072,2.3840735878116908e-05,932.4500122070312,834.0605124687593,932.2036068103413,2.642558780247582,-1176.6903345068513,863.4679516386055,739.7936582696904,-352.5816020566944
101,MPWR,long,1,705,0.0007367810506184258,1417.780029296875,1361.9167538406527,1419.3588703309267,11.136008417573217,421.77406459157805,1368.503196274737,-347.56331732628473,48.3615640641056
101,AVGO,long,2,2601,0.00012858601606064555,384.4100036621094,412.8521960435738,384.53054697510044,3.1358006254440767,-685.9997195094058,411.6637222564479,708.9752694962157,-28.78690723981261
101,NVDA,long,3,5058,3.915183411016465e-05,197.69000244140625,215.3056447631712,197.7230228340953,1.6703117143640234,-816.6354369582908,213.79996900155987,814.9105347362465,-69.93201517161829
101,SWKS,long,4,16420,0.002741876231506529,60.900001525878906,65.46535344849806,60.99531820291615,15.65134230690327,-682.8093044817228,64.71726724372172,626.8088049588475,-114.27207910285945
101,ADI,long,5,2763,0.0007083235061885377,361.89738536174985,374.8750031614326,362.10348011920195,5.694839636547294,-340.6875074231295,374.3271164132328,343.4600954372261,-14.615184890411705
101,INTC,short,1,11312,9.648236405673712e-05,88.4000015258789,97.70532932126062,88.3540861044302,5.19405211042556,957.086300388284,96.67553959649001,-936.1468244079679,105.3974979588475
101,MRVL,short,2,5539,0.00022593675647166654,180.5200042724609,209.63403422236533,180.36371404742513,8.657778713537173,1396.2580209610553,206.14615281901996,-1419.5738943082015,166.37953929015484
101,STM,short,3,19561,0.0015374011075638468,51.119998931884766,53.69232458826835,50.99869129454975,23.729976500322724,501.6793954022901,53.495168310950376,-464.62625756906283,36.71963894836672
101,KLAC,short,4,5625,0.00045092222613689516,177.7690834735078,191.62161203388916,177.60762899664758,9.08225849543121,731.3362458699673,190.3054907583263,-705.2073982643188,68.68334221768795
101,LRCX,short,5,3529,0.00030493165823978656,283.3399963378906,306.8836403089168,283.0476282053059,10.318632609709997,776.7117230366856,304.37547436382346,-742.4111773068372,81.73019397738452
102,SWKS,long,1,14160,0.002395606700931512,70.62000274658203,69.21730328113578,70.7444229153829,17.618261676843268,220.6268608940894,69.60880332919585,-143.1888102602944,56.56100851978218
102,AVGO,long,2,2341,0.0001252697634322524,426.989990234375,412.53864637436413,427.12216612977625,3.095526790421837,353.50675345402885,421.47633875992926,-129.12835430683728,216.65103291812548
102,NVDA,long,3,4476,3.525922680438561e-05,223.3999938964844,222.21892117278762,223.43539601776865,1.584696609287007,54.74218120405503,223.70385015722076,13.60144445111978,66.82279693359344
102,MPWR,long,4,700,0.0007528581722754601,1428.219970703125,1404.7114025457201,1429.7422720397972,10.658731623271796,178.1922567775435,1415.5984550473452,-88.3723510011287,77.50383802605086
102,ADI,long,5,2553,0.0006477089800169221,391.6467332072514,385.4891139953047,391.8792745641171,5.937528316945825,165.7676011284261,388.61147096759527,-77.50000146305084,80.99728005104164
102,STM,short,1,17568,0.0014390304237636609,56.91999816894531,54.833977919557334,56.79096844440859,22.668610099695684,-356.89377263896586,55.53963753036847,242.508904248339,-128.69020953510935
102,NXPI,short,2,4162,0.0009148006703849218,240.25,235.10050570980727,240.01064596562955,9.962706945700317,-208.85281556489042,236.59454235967777,152.15224309353695,-63.54884883636321
102,ON,short,3,12269,0.0011767679213966218,81.5,82.17589011732902,81.39426325587993,12.973833634363851,95.1163243054737,82.36218266169027,-105.78928364297784,-22.669975840269753
102,KLAC,short,4,4888,0.0004005705343822359,204.54879990333683,203.64147221246742,204.3732471777938,8.582437326740749,-35.934476282064765,205.4627977352136,-44.68360764319792,-89.43784892921595
102,AMD,short,5,2096,7.018473217543036e-05,477.0899963378906,485.7001775968674,476.8755014717096,4.49589947027792,181.6897858431977,482.0550591521016,-104.06973217469327,75.04873609066794
103,MRVL,long,1,4390,0.00020270891138850062,227.75,235.48639885652707,227.9307628558957,7.936898173246697,-320.8523310611558,235.75565468667554,351.5106338825704,11.434028948419819
103,SWKS,long,2,14407,0.002522379619270721,69.41000366210938,67.82888996796001,69.52987125406007,17.269498001212348,250.7753387831562,68.00848322298843,-201.91908445122698,26.477398511645347
103,MU,long,3,1000,2.394394913060119e-05,999.5499877929688,967.2519312269914,999.8796367236274,3.297973434890802,337.3237565444477,968.282781061898,-312.8128369058307,10.657511260784167
103,NVDA,long,4,4425,3.669082581347603e-05,225.97999572753903,219.66038422744847,226.01284865601926,1.4537980839611435,289.19481548357356,220.99036486201845,-220.79967076096906,60.547132303694895
103,INTC,long,5,9657,8.098512870006205e-05,103.5500030517578,95.5126395095171,103.59810124596714,4.644924460823426,846.5331685911988,96.97214153429739,-635.2352799229343,152.80721297989717
103,STM,short,1,17917,0.0016650744204719493,55.810001373291016,52.26344169423963,55.680051738359076,23.284291656392927,-653.7284827332786,52.52524847854447,588.5599021537616,-50.09367462565975
103,NXPI,short,2,4248,0.0009419371576248017,235.3600006103516,228.17634681206363,235.13276426783364,9.654841176439078,-304.8702266015166,229.41090027724402,252.76598902447117,-54.105234062548625
103,ON,short,3,11999,0.001219634292672589,83.33999633789062,78.54859127223115,83.23894650974856,12.12500990909262,-597.1278620722462,78.98314632022218,522.7802026777391,-55.32308612448047
103,KLAC,short,4,4833,0.00041412391327818536,206.88999938964844,193.14631986940856,206.70817133329928,8.788634389558553,-702.1542772888581,194.6834522023292,590.0017991845955,-79.58382711924988
103,AMAT,short,5,1932,0.0002453945651200585,517.4467118764579,507.5771922167382,517.0063880105369,8.50954998485335,-185.76870549716017,504.7521752255424,245.3303182636981,55.656893858018584
104,MRVL,long,1,4362,0.00018187435659131933,229.22000122070312,233.76652008963075,229.4108545494118,8.326207472833394,-186.32546433719003,237.14827211052298,345.88041390795416,144.6636592611981
104,SWKS,long,2,15012,0.0026182114992365293,66.61000061035156,66.42446615620722,66.71988468505116,16.496633192121106,44.47435499883696,66.71518333226982,15.790830348965377,43.76658073230643
104,MU,long,3,1069,2.787512777186724e-05,934.780029296875,928.2600491854782,935.0891626234625,3.3070168050123576,73.56896856626099,935.298302380201,5.544332004138233,75.82199838179638
104,TSM,long,4,2416,0.0002046597362464591,413.8699951171875,418.7121599113364,414.01579838195295,3.5229242633103524,-112.16205257516131,419.5500862700238,137.24336675404567,20.011990071290146
104,NVDA,long,5,4639,4.012178895956305e-05,215.52999877929688,218.1962175760187,215.56279497170084,1.5216532542900214,-120.69057078867088,217.89882672761792,109.90711092365036,-13.62951437493114
104,NXPI,short,1,4481,0.0010381396426399467,223.1499938964844,223.51518101572375,222.9342187449603,9.669511872099509,25.992072132343488,224.72078343492086,-70.39164604078461,-53.938278989304756
104,ON,short,2,13614,0.0013849130538278898,73.44999694824219,72.96316094875264,73.3580777534497,12.514526700015251,-54.12550656548997,73.57679772868457,-17.263551492280207,-84.10227462087683
104,KLAC,short,3,5554,0.0004840684058208485,180.02000427246094,181.20260743352532,179.85100249904775,9.387944084114167,74.5908104536191,182.93516345684807,-161.93529136767665,-95.61429870474413
104,AMD,short,4,2134,8.275269430984098e-05,468.5400085449219,472.66068974939805,468.3237023076202,4.616601215623949,91.75688894452615,474.2680654889762,-122.2533153965476,-34.00696894066641
104,AMAT,short,5,2075,0.0002570297640466766,481.8800048828125,480.5684070804118,481.47014306532674,8.505474668645684,-18.76394643570561,482.75230108304623,-18.10193806331238,-45.44397780749233
105,MRVL,long,1,4623,0.00018523089152834116,216.3000030517578,209.22198487032372,216.46835644938056,7.783328490405404,346.3484768844039,208.98053543134304,-338.39424489806015,-11.5403474032775
105,MU,long,2,1073,3.64923349941937e-05,931.3900146484376,945.8846088121254,931.5841900052355,2.084791051482563,-151.18565915612928,934.5624877195851,34.06170370362996,-119.69875592710024
105,QCOM,long,3,6068,0.0006058291587730662,164.7899932861328,167.63672093506216,164.89105121839748,6.132528453302049,-163.78688996954764,165.49190286934677,42.59418725718386,-127.94440584090329
105,LRCX,long,4,3298,0.0004162664509182979,303.19000244140625,293.9105274287217,303.3883578019788,6.5422790651189455,322.4733205773194,296.5286287721898,-219.70954238518536,89.07817512943687
105,NVDA,long,5,4568,3.576816699693625e-05,218.8699951171875,220.60622848644033,218.90874356347257,1.7703864005809766,-76.94637339181459,218.15895927067936,-32.48667530364022,-110.93382233817533
105,ON,short,1,13596,0.0015993073902681744,73.55000305175781,72.99120169085062,73.47545568472766,10.135603526445763,-66.34415966023862,72.97060774394123,78.77570139716474,2.8214286698019597
105,MPWR,short,2,792,0.0013059932226866854,1261.9000244140625,1242.3175816537753,1260.722354054056,9.332517134654042,-148.14869138195965,1243.3064136017515,147.346148288923,-7.9595746094158
105,AVGO,short,3,2706,0.00013773722577579628,369.5199890136719,368.26349335144573,369.39948879833867,3.2609931510024612,-30.84735433736891,367.74741042304663,47.969761943234424,14.013958421520377
105,AMAT,short,4,2162,0.000298271899255286,462.4100036621094,447.00496228507444,462.17164389064095,5.1547278298632495,-339.29559815253367,452.07542015515855,223.49394314796166,-113.43180272908161
105,KLAC,short,5,5654,0.0005965050543094958,176.86000061035156,172.32930368132315,176.7303643298721,7.329881263829781,-255.3866669529122,173.71312193553277,177.93049100750753,-80.30080924417913
