week_number,ticker,side,direction,shares,notional,arrival_price,fill_allatonce,fill_twap,exit_date,exit_price,pnl_gross,pnl_allatonce,pnl_twap,ret_gross,ret_allatonce,ret_twap,exec_cost_allatonce,exec_cost_twap,borrow_cost
6,AVGO,long,1,5808,999889.3958013207,172.15726511730728,172.22033451244295,176.14095176183662,2024-10-11,178.71583557128906,38092.17719672622,37725.870149778246,14954.925165299797,0.03809639081750516,0.03773004325097816,0.01495657942578217,366.3070469479717,23137.25203142642,0.0
6,AMD,long,1,5845,999962.6107025146,171.0800018310547,171.1344734154489,170.19023065277318,2024-10-11,167.88999938964844,-18645.56427001953,-18963.95068080367,-13444.851732964125,-0.018646261440635525,-0.018964659756109,-0.013445354445321278,318.38641078414,-5200.712537055406,0.0
6,NVDA,long,1,8013,999982.3355189583,124.79500006476454,124.81318623805235,130.86007812221214,2024-10-11,134.5897216796875,78485.1043003777,78339.37849382243,29885.633826050027,0.07848649072350512,0.07834076234273363,0.02988616174958766,145.72580655527418,48599.470474327674,0.0
6,INTC,long,1,44642,999980.7829704288,22.39999961853028,22.41168585365309,22.833325979794992,2024-10-11,23.559999465942383,51784.71318817107,51263.016279818614,32440.157768591816,0.051785708355659904,0.05126400142164987,0.032440781184043144,521.6969083524527,19344.55541957925,0.0
6,MU,long,1,9839,999994.8478420917,101.63582151052869,101.71122411873304,102.10743692067368,2024-10-11,106.37140655517578,46593.42125428277,45851.53499216011,41953.197233866194,0.04659366131218338,0.04585177122772585,0.041953413384476744,741.8862621226654,4640.224020416579,0.0
6,SWKS,short,-1,11185,999958.939623924,89.40178271112418,89.26393678495981,88.92819493373122,2024-10-11,90.74476623535156,-15021.270718483225,-16563.07740263175,-20318.350008623533,-0.015021887522834284,-0.016563757516744618,-0.02031918432197335,1541.8066841485233,5297.079290140307,0.0
6,STM,short,-1,36466,999981.6107487285,27.42230051962728,27.366442671414266,27.252507335772385,2024-10-11,27.363540649414062,2142.737427195246,105.82513425940897,-4048.9408152573938,0.0021427768312568146,0.00010582708034018068,-0.004049015273616663,2036.9122929358368,6191.678242452639,0.0
6,TXN,short,-1,5268,999964.1690796562,189.81855905080795,189.71792265483845,190.43579727866717,2024-10-11,194.0958404541016,-22532.718432550908,-23062.870966518247,-19281.107448188548,-0.02253352582951997,-0.023063697360021188,-0.019281798332768694,530.152533967339,-3251.61098436236,0.0
6,NXPI,short,-1,4355,999823.5691838918,229.58061290100844,229.39194126082623,226.97448787595656,2024-10-11,230.6656646728516,-4725.400466376939,-5547.06545937045,-16075.074950477881,-0.004726234319755092,-0.005548044305355049,-0.01607791158954094,821.6649929935111,11349.674484100942,0.0
6,MCHP,short,-1,13749,999991.6996806937,72.7319586646806,72.66009915154022,72.6449432822915,2024-10-11,73.82062530517578,-14968.077640168185,-15956.074086335293,-16164.452132635884,-0.01496820188102324,-0.015956206527944394,-0.01616458630386366,987.9964461671079,1196.3744924676994,0.0
7,INTC,long,1,42408,999980.6367645263,23.57999992370605,23.59265768514172,22.945506852746867,2024-10-18,22.770000457763672,-34350.45735168442,-34887.24769864827,-7442.875198447333,-0.03435112250055818,-0.03488792324172119,-0.00744301931938305,536.790346963855,-26907.582153237083,0.0
7,MU,long,1,9323,999955.512087286,107.25683922420744,107.33114185289809,108.43054156763746,2024-10-18,110.57970428466795,30979.070958673383,30286.347551390492,20036.64401087528,0.030980449214193864,0.030287694987721415,0.020037535439002895,692.7234072828905,10942.426947798103,0.0
7,NVDA,long,1,7339,999990.8877861175,136.25710420849128,136.27317788450233,137.05908129071867,2024-10-18,137.7847137451172,11211.1263892975,11093.161681052428,5325.41658283075,0.011211228548409918,0.0110932627652354,0.005325465109607852,117.96470824507196,5885.709806466751,0.0
7,TSM,long,1,5361,999916.9492099603,186.5168717048984,186.6096217231378,192.3525259505328,2024-10-18,196.46849060058597,53350.628899781084,52853.39605199966,22065.686488935055,0.05335506007967332,0.05285778593288114,0.02206751921383998,497.2328477814226,31284.94241084603,0.0
7,AMD,long,1,5960,999909.2254638672,167.77000427246094,167.82292541294993,161.31475760668178,2024-10-18,155.97000122070312,-70328.01818847656,-70643.42818579095,-31854.748060432787,-0.07033440276126139,-0.0706498413923712,-0.031857639922919075,315.40999731438933,-38473.270128043776,0.0
7,SWKS,short,-1,10983,999927.4955886106,91.04320273045712,90.90546379632995,92.58464193019287,2024-10-18,91.96651458740234,-10140.734124829338,-11653.520838348055,6788.892605868386,-0.0101414694261007,-0.011654365831282768,0.006789384866221808,1512.786713518717,-16929.626730697724,0.0
7,STM,short,-1,36518,999976.9947202437,27.383125985000376,27.32605462004197,27.304766851622578,2024-10-18,27.412508010864254,-1072.972820497103,-3157.104926048215,-3934.491653187546,-0.0010729975051048857,-0.0031571775578011726,-0.003934582169351076,2084.132105551112,2861.518832690443,0.0
7,ON,short,-1,14084,999964.0,71.0,70.91476203162159,71.08581439567169,2024-10-18,68.48999786376953,35350.87008666992,34150.378540028425,36559.48003531001,0.03535214276380942,0.03415160799791635,0.03656079622397407,1200.4915466414968,-1208.6099486400853,0.0
7,MRVL,short,-1,13394,999950.1537762999,74.65657412097207,74.60001541041183,79.4972296596722,2024-10-18,79.4843521118164,-64663.25840936908,-65420.80577861292,172.48187598050606,-0.06466648178928625,-0.06542406692128805,0.00017249047397925816,757.5473692438391,-64835.74028534959,0.0
7,MCHP,short,-1,13439,999963.083983154,74.40755145346782,74.33967272650492,73.59178757056534,2024-10-18,73.21475982666016,16029.926672668164,15117.704461013715,5066.875850341823,0.01603051845555752,0.015118262567049321,0.005067062906121425,912.222211654449,10963.05082232634,0.0
8,MU,long,1,9047,999964.5207646772,110.52995697631007,110.60663660949648,107.68220878270276,2024-10-25,107.3563232421875,-28711.864392606934,-29405.58503404431,-2948.286485041546,-0.02871288310374337,-0.0294066283587319,-0.002948391091702912,693.7206414373759,-25763.577907565388,0.0
8,NVDA,long,1,7250,999880.1105818378,137.91449801128798,137.93108615280377,140.7516593461785,2024-10-25,141.31918334960938,24683.96870283015,24563.70467684062,4114.549024873746,0.024686928404312754,0.024566649958210306,0.0041150423749097866,120.264025989527,20569.4196779564,0.0
8,TSM,long,1,5089,999977.4991319837,196.4978383045753,196.603778479016,194.9244050803884,2024-10-25,199.07139587402344,13096.834470921518,12557.704923192847,21104.036148808722,0.013097129167696312,0.012557987488811883,0.0211045110186257,539.1295477286712,-8007.201677887204,0.0
8,MRVL,long,1,12437,999936.5468996349,80.40014045988863,80.46031460687026,81.65979705465206,2024-10-25,81.23628997802734,10399.191557091153,9650.805691080704,-5267.157511981595,0.01039985145990962,0.00965141810348229,-0.005267491750664322,748.3858660104488,15666.349069072749,0.0
8,AVGO,long,1,5660,999826.6068774095,176.64781040236917,176.70794776683746,174.14937469002697,2024-10-25,170.36497497558594,-35560.84851559312,-35901.225998483635,-21419.70238373627,-0.035567015591487755,-0.03590745210372817,-0.021423417056916326,340.37748289051524,-14141.14613185685,0.0
8,KLAC,short,-1,14982,999933.3551825709,66.74231445618548,66.63996642127071,66.16612167994299,2024-10-25,66.30590057373047,6538.352786941018,5004.9745278479495,-2094.167386724015,0.006538788563311027,0.00500530810569283,-0.0020943069614291,1533.3782590930687,8632.520173665034,0.0
8,ASML,short,-1,1404,999740.1437048486,712.0656294194079,711.3123405078877,707.2126867744837,2024-10-25,699.968505859375,16984.36147828613,15926.743846511847,10170.830004812615,0.016988776118707492,0.015930883586899227,0.01017347364598308,1057.617631774283,6813.531473473515,0.0
8,LRCX,short,-1,13965,999955.2702484838,71.60438741485741,71.52710112391978,73.1880821759301,2024-10-25,76.59362030029297,-69674.63724510753,-70753.94029805162,-47558.339906727386,-0.0696777539137263,-0.07075710524578727,-0.04756046727461057,1079.3030529440875,-22116.297338380144,0.0
8,AMAT,short,-1,5457,999883.6900974202,183.22955655074588,183.0437625303896,182.21773831128763,2024-10-25,183.5838623046875,-1933.4464992594028,-2947.3244683435632,-7454.9386319830755,-0.001933671404392069,-0.0029476673112413714,-0.007455805816031192,1013.8779690841604,5521.4921327236725,0.0
8,TXN,short,-1,5371,999947.4461494471,186.1752832153132,186.07960326593908,189.56110520033337,2024-10-25,195.81809997558597,-51791.5688194251,-52305.4658275134,-33606.31893788168,-0.051794290808843756,-0.05230821482561803,-0.033608085172167186,513.8970080883009,-18185.249881543416,0.0
9,NVDA,long,1,7003,999866.6865536214,142.77690797567064,142.7947608683493,138.8168651075932,2024-11-01,135.1887664794922,-53139.754897737694,-53264.77870516636,-25407.574692591403,-0.05314684008615371,-0.053271880563159305,-0.025410962315553485,125.02380742866808,-27732.18020514629,0.0
9,MRVL,long,1,12162,999981.1042004379,82.22176485778967,82.27588760622037,82.83742474236668,2024-11-01,84.3818359375,26270.78447143709,25612.543605022915,18783.128955211454,0.026271280888294998,0.025613027583658313,0.018783483884158007,658.2408664141767,7487.655516225637,0.0
9,TSM,long,1,5128,999863.2509023312,194.98113317128144,195.07692142054813,190.87214983697905,2024-11-01,188.806640625,-31662.797777331234,-32153.99991957082,-10591.93123902856,-0.03166712822854225,-0.03215839755141845,-0.010593379874167615,491.20214223958465,-21070.866538302675,0.0
9,MU,long,1,9413,999962.9661312265,106.23212218540598,106.28691999683316,103.85445524897976,2024-11-01,99.2182846069336,-66021.2531261606,-66537.06492512465,-43640.274253580574,-0.06602369823913713,-0.06653952914131513,-0.0436418904816257,515.811798964045,-22380.97887258003,0.0
9,AVGO,long,1,5869,999872.1071206528,170.36498673038895,170.4265331778555,170.51463907731323,2024-11-01,166.3471221923828,-23580.84697355802,-23942.063073739224,-24459.15659765664,-0.02358386318172646,-0.023945125484783805,-0.024462285149739853,361.21610018120555,878.3096240986233,0.0
9,ASML,short,-1,1435,999783.2801417635,696.7130872068038,696.0127614380763,683.7521232153287,2024-11-01,665.1481323242188,45295.7102565096,44290.74277838554,26696.726928742708,0.0453055288643024,0.04430034354255791,0.026702513893768324,1004.967478124061,18598.98332776689,0.0
9,KLAC,short,-1,15079,999945.621974136,66.31378884369892,66.21845115986662,66.43949927812999,2024-11-01,65.94239807128906,5600.2014571681775,4162.604522660955,7495.789097954289,0.005600506001628386,0.004162830889186715,0.007496196726333755,1437.5969345072226,-1895.5876407861115,0.0
9,AMAT,short,-1,5447,999981.4357439118,183.58388759756045,183.418947279637,182.19174223151776,2024-11-01,180.4933319091797,16834.25683461,15935.826922880957,9251.241025775505,0.01683456935586666,0.01593612276514502,0.009251412771371372,898.4299117290448,7583.015808834496,0.0
9,STM,short,-1,36492,999979.7370570052,27.402711198536807,27.3588951151862,27.122793247914316,2024-11-01,26.11974334716797,46818.06283215163,45219.12631852132,36603.296978035716,0.04681901152311319,0.045220042609666944,0.036604038683584944,1598.9365136303095,10214.76585411591,0.0
9,LRCX,short,-1,13142,999984.66792682,76.09075239132704,76.01581277770445,74.97113107603964,2024-11-01,73.75390625,30710.83198932001,29725.975587091936,15996.76866381295,0.03071130285726287,0.02972643135491285,0.015997013931201204,984.8564022280734,14714.063325507059,0.0
10,MRVL,long,1,11978,999994.6781262278,83.48594741411152,83.55334222633806,88.59855270782177,2024-11-08,93.3704833984375,118396.97202025657,117589.71695940709,57158.18581219525,0.11839760211734997,0.11759034276036809,0.05715849000246405,807.2550608494785,61238.78620806132,0.0
10,NVDA,long,1,7299,999933.3066695797,136.99593186321135,137.01479593505948,142.34236428915315,2024-11-08,147.399658203125,75936.7985550297,75799.10969461022,36913.18827808051,0.07594186337081622,0.07580416532685559,0.03691565030574403,137.6888604194828,39023.61027694919,0.0
10,TSM,long,1,5275,999826.2302899848,189.54051759051845,189.64026369737743,191.7423196637852,2024-11-08,196.8794860839844,38713.058803032916,38186.89808935176,27098.55286655082,0.03871978712921421,0.038193534968847746,0.02710326259263201,526.1607136811581,11614.505936482095,0.0
10,INTC,long,1,43554,999999.8001251221,22.959999084472656,22.97603880531526,24.261577164019496,2024-11-08,26.200000762939453,141115.03310394287,140416.43910236415,84426.10142735983,0.14111506130929852,0.1404164671680884,0.08442611830201992,698.59400157872,56688.931676583044,0.0
10,NXPI,long,1,4349,999878.6416265714,229.9100118709063,230.1379069391483,224.2432161012523,2024-11-08,226.5871124267578,-14451.289682601722,-15442.405334386267,10193.60511962347,-0.014453043680473877,-0.015444279627040581,0.010194842349108318,991.1156517845448,-24644.894802225193,0.0
10,MPWR,short,-1,1336,999814.9069562256,748.3644513145401,746.9205840991192,760.8421139276919,2024-11-08,750.8202514648438,-3280.949000805632,-5209.955600608004,13389.208250365144,-0.003281556394066927,-0.005210920105671228,0.01339168695846556,1929.006599802372,-16670.157251170775,0.0
10,ASML,short,-1,1500,999674.1253101703,666.4494168734469,665.7857064019089,662.5994036024782,2024-11-08,659.962890625,9729.789372670382,8734.223665363344,3954.7694662173285,0.009732961098349431,0.008737070855618439,0.003956058645601412,995.5657073070379,5775.019906453053,0.0
10,AMD,short,-1,7057,999976.8784637451,141.6999969482422,141.63973353580477,144.90443235324096,2024-11-08,147.9499969482422,-44106.25,-44531.528901570884,-21492.54934692364,-0.04410726982783843,-0.04453255856273822,-0.021493046299172872,425.27890157088405,-22613.70065307636,0.0
10,KLAC,short,-1,15213,999989.4919894803,65.7325637276987,65.64250175217947,66.62837013912662,2024-11-08,67.71857452392578,-30213.182243002528,-31583.295076576633,-16585.279305949694,-0.030213499726775492,-0.031583626957660954,-0.01658545358607045,1370.112833574105,-13627.902937052833,0.0
10,AMAT,short,-1,5545,999852.9789455005,180.31613687024355,180.15399676032536,184.71232196599203,2024-11-08,189.00711059570312,-48191.44930767332,-49090.51621716973,-23814.60295174801,-0.048198535507188923,-0.049097734617886794,-0.023818104714619332,899.0669094964105,-24376.84635592531,0.0
11,MRVL,long,1,10744,999964.0585715856,93.07185950964124,93.14637687284905,91.25502334228165,2024-11-15,87.42781829833984,-60639.57877422223,-61440.193324526874,-41119.490992110725,-0.06064175832563802,-0.06144240165220747,-0.04112096893847216,800.6145503046428,-19520.087782111506,0.0
11,INTC,long,1,38520,999979.1647338867,25.959999084472656,25.97955195051417,24.930394410768123,2024-11-15,24.350000381469727,-62017.15003967285,-62770.326439592005,-22356.77800857424,-0.06201844221042024,-0.06277163430329707,-0.02235724382769895,753.1763999191535,-39660.37203109861,0.0
11,NVDA,long,1,6736,999946.0590006841,148.44804913905642,148.4686266478236,147.1871418828759,2024-11-15,141.75848388671875,-45060.911539746565,-45199.521638802355,-36567.440262114505,-0.04506334230146282,-0.0452019598776892,-0.03656941285278818,138.61009905578976,-8493.47127763206,0.0
11,TXN,long,1,4815,999889.3577949549,207.66134118275284,207.7974541230545,200.76289295313225,2024-11-15,191.57308959960935,-77464.9313728359,-78120.31518038845,-44248.90314721278,-0.07747350321206385,-0.07812895954074991,-0.04425379948516944,655.3838075525564,-33216.028225623115,0.0
11,TSM,long,1,5162,999926.2060795949,193.70906743114972,193.8102896150004,188.0795075350855,2024-11-15,182.01568603515625,-60361.23476611829,-60883.743679155574,-31301.446582634773,-0.06036568938699611,-0.06088823686086009,-0.0313037566095584,522.5089130372871,-29059.788183483513,0.0
11,ASML,short,-1,1510,999967.6361340126,662.2302226053064,661.5922299498629,668.6887634096832,2024-11-15,649.2767333984375,19559.76870237201,18596.399792652413,29312.165316981078,0.01956040175259299,0.01859700166352202,0.029313114002674334,963.3689097195966,-9752.396614609068,0.0
11,MPWR,short,-1,1611,999846.534777192,620.6372034619442,619.5068266285173,610.1630897324505,2024-11-15,565.487060546875,88846.88023617645,87025.8431575257,71973.0830179622,0.08886051723525279,0.08703920064784615,0.07198413007852333,1821.0370786507556,16873.797218214255,0.0
11,KLAC,short,-1,14840,999958.6452401301,67.3826580350492,67.29798094133757,64.61948528347654,2024-11-15,60.53207778930664,101662.61084681963,100406.002776139,60657.12721348124,0.10166681525355117,0.10041015521399636,0.060659635778152636,1256.6080706806388,41005.483633338394,0.0
11,AMD,short,-1,6785,999973.3331298828,147.3800048828125,147.31493151728725,142.8017985820627,2024-11-15,134.89999389648438,84676.87454223633,84235.3517571475,53613.74479164895,0.08467913266966887,0.08423759811023529,0.05361517454054473,441.5227850888332,31063.12975058738,0.0
11,SWKS,short,-1,12080,999983.6945935371,82.78010716833917,82.63730515653812,79.48998697819059,2024-11-15,78.05169677734375,57119.197523224684,55394.149220667976,17374.54562622978,0.05712012889014345,0.05539505245951436,0.017374828929877704,1725.0483025567082,39744.6518969949,0.0
12,MRVL,long,1,11415,999920.1172506624,87.59703173461781,87.67547557036028,89.77312776114614,2024-11-22,92.08638763427734,51245.997594613524,50350.56120961332,26405.861451792665,0.051250091592833766,0.050354583672198805,0.026407970993120023,895.4363850002046,24840.13614282086,0.0
12,INTC,long,1,41101,999987.3268642424,24.32999992370605,24.350373602349304,24.27508740336686,2024-11-22,24.5,6987.173135757593,6149.794569841255,9244.132634218651,0.006987261686273516,0.006149872508010441,0.00924424978785119,837.3785659163377,-2256.9594984610585,0.0
12,NVDA,long,1,7179,999908.031259016,139.28235565663965,139.301707185795,144.48523408331445,2024-11-22,141.72854614257812,17561.2014985523,17422.276870745984,-19790.262726546094,0.017562816728694967,0.017423879322990377,-0.01979208297949917,138.92462780631467,37351.46422509839,0.0
12,TXN,long,1,5192,999988.7612622424,192.60184153741187,192.7309221608342,190.9807035167993,2024-11-22,188.6012115478516,-20771.270905796977,-21441.457502605765,-12354.322302776553,-0.02077150435128721,-0.02144169848023206,-0.012354461151325567,670.1865968087877,-8416.948603020424,0.0
12,LRCX,long,1,14511,999990.2064175052,68.91256332558095,68.97683209308362,69.78963621570031,2024-11-22,71.62410736083984,39347.215495641845,38414.61141041063,26620.01078711974,0.03934760084961674,0.03841498763076103,0.02662027149494466,932.6040852312144,12727.204708522106,0.0
12,MPWR,short,-1,1768,999815.952429562,565.5067604239604,564.3692739521049,567.366817477826,2024-11-22,572.814697265625,-12920.432336063062,-14931.508418303554,-9631.851464828676,-0.012922810747984459,-0.014934257032026596,-0.009633624510014257,2011.0760822404918,-3288.580871234386,0.0
12,MCHP,short,-1,16719,999964.0378874944,59.810038751569735,59.74504032387966,61.31806048403693,2024-11-22,63.56769561767578,-62824.26514442699,-63910.973856977405,-37611.649799308005,-0.06282652451897007,-0.06391327231326693,-0.03761300244233351,1086.7087125504186,-25212.615345118982,0.0
12,SWKS,short,-1,12758,999947.909269566,78.37810858046448,78.24599397353585,78.11773124352666,2024-11-22,79.65582275390625,-16301.077424770043,-17986.595579965615,-19622.971489422773,-0.01630192660403433,-0.01798753256367556,-0.019623993717589557,1685.518155195572,3321.89406465273,0.0
12,AMD,short,-1,7236,999942.8576660156,138.19000244140625,138.1292840414742,138.12885539453916,2024-11-22,138.35000610351562,-1157.7864990234375,-1597.144840931801,-1600.2465301537122,-0.0011578526614269215,-0.0015972361107310922,-0.0016003379772008934,439.3583419083634,442.46003113027473,0.0
12,MU,short,-1,10410,999928.4728105563,96.05460833915046,95.9842655997098,98.25888905601266,2024-11-22,102.11335754394533,-63071.57922191454,-63803.84713949182,-40125.01695937903,-0.0630760908774161,-0.0638084111758061,-0.040127887194368356,732.2679175772864,-22946.56226253551,0.0
13,MRVL,long,1,10704,999970.4958382997,93.4202630641162,93.4997106453004,92.54878045672108,2024-11-29,92.26556396484376,-12359.899158612141,-13210.306067607793,-3031.5493290547442,-0.01236026383783507,-0.013210695838113974,-0.0030316387750153793,850.406908995652,-9328.349829557397,0.0
13,INTC,long,1,39936,999997.4765625,25.040000915527344,25.06037096633934,24.394918832626864,2024-11-29,24.049999237060547,-39536.70703125,-40350.20538047795,-13774.70896853644,-0.03953680679991091,-0.04035030720195628,-0.013774743728241317,813.4983492279498,-25761.99806271356,0.0
13,NVDA,long,1,7053,999893.1441089341,141.76848775116036,141.7879844192267,137.6643723281877,2024-11-29,138.03431701660156,-26337.10619084323,-26474.616190715016,2609.219887382901,-0.026339920766547346,-0.02647744546174298,0.002609498727694684,137.5099998717851,-28946.32607822613,0.0
13,ON,long,1,14052,999940.3714599609,71.16000366210938,71.2347168320183,71.49251137167823,2024-11-29,71.12000274658203,-562.0928649902344,-1611.9623285503512,-5234.491199851833,-0.0005621263837658158,-0.0016120584532423757,-0.0052348033435326,1049.8694635601169,4672.398334861598,0.0
13,TXN,long,1,5211,999826.0656614789,191.86836800258664,191.9930297343923,192.50956630074847,2024-11-29,191.4873962402344,-1985.2438536174795,-2634.8561380568444,-5326.528185338824,-0.001985589215764298,-0.0026353145097428917,-0.005327454812667666,649.6122844393649,3341.2843317213446,0.0
13,MPWR,short,-1,1712,999822.5424241206,584.0084944066125,582.8985677848067,575.1080375619522,2024-11-29,559.8259887695312,41400.4496506831,39500.25527415155,26162.867532624645,0.0414077977780993,0.03950726613782999,0.026167511155721135,1900.1943765315518,15237.582118058453,0.0
13,STM,short,-1,40215,999992.2325912174,24.866150257148263,24.82085432447489,24.94624261908242,2024-11-29,24.9738826751709,-4332.459190780289,-6154.035123239969,-1111.544855598204,-0.004332492843023248,-0.006154082924517725,-0.0011115534894885408,1821.5759324596802,-3220.914335182085,0.0
13,MCHP,short,-1,15485,999991.2939677319,64.57806225171016,64.50733668430934,65.61920726147619,2024-11-29,64.9783935546875,-6199.130226604036,-7294.3156378058575,9923.000249622883,-0.00619918419690169,-0.007294379142906052,0.009923086640335373,1095.1854112018218,-16122.130476226917,0.0
13,AMD,short,-1,7117,999867.3690948486,140.49000549316406,140.4277140164902,139.08916072911774,2024-11-29,137.17999267578125,23557.361221313477,23114.032781825594,13587.549035595775,0.023560486069906735,0.023117098823567037,0.013589351403572852,443.32843948788286,9969.812185717701,0.0
13,SWKS,short,-1,12388,999947.0018204402,80.71900240720376,80.58688735501217,81.10723012697409,2024-11-29,81.68893432617188,-12015.516612177007,-13652.157878726472,-7206.15161966219,-0.01201615344643498,-0.013652881456589418,-0.007206533552821426,1636.6412665494645,-4809.3649925148175,0.0
14,MRVL,long,1,10317,999966.2752888933,96.92413252775935,97.0041850408856,107.06121300117586,2024-12-06,112.99022674560548,165753.8940455185,164927.99226759502,61169.63480128044,0.16575948423623757,0.16493355460407585,0.061171697799116624,825.9017779234855,104584.25924423807,0.0
14,INTC,long,1,40257,999983.8861427307,24.84000015258789,24.860838342845305,22.81655734952989,2024-12-06,20.920000076293945,-157807.44307136536,-158646.3260965581,-76349.70614865946,-0.1578099859989554,-0.15864888254200732,-0.07635093645675191,838.8830251927429,-81457.7369227059,0.0
14,NVDA,long,1,7214,999957.1522751626,138.6134117376161,138.63269382062938,141.55163104880722,2024-12-06,142.2275848388672,26072.644752425313,25933.54380556751,4876.33064149258,0.026073761953802985,0.025934655046530697,0.004876539590119096,139.10094685780132,21196.314110932733,0.0
14,ASML,long,1,1487,999365.7372799168,672.0684178076104,672.4073051638403,699.8937090838527,2024-12-06,698.9118041992188,39916.11556432155,39412.19006560775,-1460.0925634507448,0.039941448936368,0.039437203613644216,-0.0014610192334838681,503.9254987138047,41376.2081277723,0.0
14,ON,long,1,14084,999964.0,71.0,71.07399560461438,69.25026054904197,2024-12-06,66.5199966430664,-63096.367279052734,-64138.52137444168,-38453.03685175982,-0.06309863883005061,-0.06414083044433767,-0.03845442121092341,1042.154095388949,-24643.330427292916,0.0
14,MPWR,short,-1,1788,999928.4855985946,559.2441194623012,558.3910039994131,570.1453460227948,2024-12-06,581.5625610351562,-39905.37353226478,-41430.74397990875,-20413.980442102278,-0.03990822754526883,-0.04143370708666906,-0.02041544044010478,1525.3704476439743,-19491.3930901625,0.0
14,MCHP,short,-1,15430,999969.2705265067,64.80682245797192,64.73678444716278,61.67725606680602,2024-12-06,56.51414108276367,127956.07361946325,126875.38711267817,79666.86420377338,0.12796000576306854,0.12687928604633558,0.079669312399797,1080.686506785074,48289.20941568987,0.0
14,STM,short,-1,40041,999979.2089209366,24.973881993979585,24.92427676529374,25.47617272483149,2024-12-06,25.884695053100582,-36469.86570026384,-38456.10866207376,-16357.642546222765,-0.03647062396389017,-0.038456908222693154,-0.016357982646333282,1986.2429618099195,-20112.22315404108,0.0
14,AMD,short,-1,7250,999919.9867248535,137.9199981689453,137.8799713810562,141.70560478155048,2024-12-06,138.58999633789062,-4857.486724853516,-5147.680937049522,22588.161216533925,-0.004857875419376073,-0.005148092852819434,0.02258996871391618,290.19421219600645,-27445.64794138744,0.0
14,AVGO,short,-1,6231,999876.4631764162,160.4680570015112,160.41341844423474,165.7546561855268,2024-12-06,176.79551696777344,-101736.40304978001,-102076.85590016964,-68795.60353417872,-0.10174897279468198,-0.10208946770873173,-0.06880410337455914,340.452850389629,-32940.79951560129,0.0
15,MRVL,long,1,8992,999986.04460135,111.20841243342416,111.3689134054976,111.15868156513966,2024-12-13,120.21697998046876,81005.0393830251,79561.81464214076,81452.21935063931,0.08100616985641855,0.07956292497447653,0.08145335606469457,1443.2247408843396,-447.1799676142109,0.0
15,ASML,long,1,1422,999838.2946974175,703.1211636409406,703.4838831709694,704.7486043338948,2024-12-13,708.3754272460938,7471.562846527768,6955.775674826797,5157.342181146862,0.007472771233261172,0.006956900642550236,0.005158176285603899,515.7871717009712,2314.220665380906,0.0
15,TSM,long,1,5086,999985.3272037051,196.61528258035884,196.69880149412185,193.60656551131748,2024-12-13,197.29852294921875,3474.960516021517,3050.1833206228216,18777.295529165836,0.00347501150415744,0.0030502280759980337,0.018777571048640748,424.7771953986953,-15302.335013144319,0.0
15,AVGO,long,1,5674,999896.9637941852,176.22435033383596,176.28440373013365,183.51005793040076,2024-12-13,221.37600708007807,256190.50037817773,255849.75740758464,214851.39547526903,0.2562168999954189,0.2558761219123451,0.21487353522906905,340.742970593099,41339.1049029087,0.0
15,STM,long,1,38400,999989.5130181737,26.041393568181608,26.08878372593651,25.92144302283572,2024-12-13,25.747583389282227,-11282.310869736239,-13102.092927524427,-6676.209928454182,-0.011282429188366094,-0.013102230330375785,-0.006676279942480606,1819.7820577881885,-4606.100941282057,0.0
15,MPWR,short,-1,1713,999882.8328035098,583.702762874203,582.8110587137944,600.9297628816777,2024-12-13,600.064453125,-28027.57539961523,-29555.06462639518,1482.2756131888573,-0.028030859696861123,-0.029558527916243502,0.0014824493076181697,1527.4892267799478,-29509.851012804087,0.0
15,INTC,short,-1,47801,999996.9236469269,20.920000076293945,20.9063433916678,20.496014623073908,2024-12-13,20.34000015258789,27724.57635307312,27071.773171258752,7457.647703702105,0.02772466164392117,0.027071856453847548,0.007457670646130115,652.8031818143681,20266.928649371017,0.0
15,MCHP,short,-1,17632,999986.794879464,56.71431459162114,56.62947016317693,58.20424958536466,2024-12-13,57.12417984008789,-7226.744060965755,-8722.721023294009,19043.789748719948,-0.0072268394922523444,-0.00872283620939757,0.019044041227579852,1495.9769623282536,-26270.5338096857,0.0
15,TXN,short,-1,5467,999993.9734127324,182.9145735161391,182.82201553511555,182.23704920802876,2024-12-13,182.49546813964844,2291.2490932743754,1785.2346110187261,-1412.776299164751,0.002291262901770206,0.0017852453699557422,-0.0014127848134357197,506.0144822556492,3704.0253924391263,0.0
15,MU,short,-1,9986,999933.8369187642,100.1335706908436,100.07447752534074,100.9087993338045,2024-12-13,101.97409057617188,-18379.431574888175,-18969.535925599717,-10637.998346280654,-0.018380647695174796,-0.018970791091591818,-0.010638702235600912,590.1043507115428,-7741.4332286075205,0.0
16,MRVL,long,1,8200,999900.289841178,121.93905973672902,122.10882241076852,114.16020209361564,2024-12-20,111.38760375976562,-86521.93901109985,-87913.99293822378,-22735.306337570106,-0.08653056698767715,-0.08792275973056057,-0.02273757350463548,1392.053927123925,-63786.63267352975,0.0
16,AVGO,long,1,4380,999776.7193865023,228.25952497408727,228.4166012074992,228.56028310879947,2024-12-20,217.4270782470703,-47446.11666433427,-48134.11056667858,-48763.437294373696,-0.04745671282828916,-0.048144860380641134,-0.0487743276561757,687.9939023443076,1317.3206300394231,0.0
16,SWKS,long,1,11710,999981.3591334661,85.39550462284083,85.47780822995136,84.54638589235013,2024-12-20,83.4307632446289,-23007.12153886165,-23970.89677812598,-13063.941204815537,-0.02300755041953829,-0.023971343624743128,-0.01306418473253951,963.7752392643306,-9943.180334046114,0.0
16,TSM,long,1,5013,999932.744841534,199.46793234421185,199.56163136675545,196.0144938662312,2024-12-20,193.5879821777344,-29476.19018455142,-29945.9033845625,-12164.103094434398,-0.029478172743730588,-0.02994791753650215,-0.01216492124814067,469.71320001108325,-17312.08709011702,0.0
16,MPWR,long,1,1670,999735.9668230203,598.6442915107906,599.3097428647574,603.8320764023756,2024-12-20,585.053955078125,-22695.86184255154,-23807.165603676054,-31359.46261149851,-0.022701855885684376,-0.02381345314536488,-0.03136774473679606,1111.3037611245127,8663.60076894697,0.0
16,INTC,short,-1,49578,999988.2637825012,20.170000076293945,20.157544390901915,19.95248799793378,2024-12-20,19.520000457763672,32225.681087493896,31608.153117127815,21441.867266553607,0.03222605929953497,0.031608524081641255,0.02144211891592484,617.5279703660817,10783.81382094029,0.0
16,AMAT,short,-1,5961,999998.739321488,167.75687624920113,167.61427619735244,164.25127383322263,2024-12-20,161.3934783935547,37932.21461750843,37082.17570843839,17035.318615860582,0.037932262437896595,0.03708222245719942,0.017035340091947782,850.0389090700337,20896.896001647845,0.0
16,AMD,short,-1,7935,999889.3669509889,126.01000213623048,125.96648285473488,123.19097066000286,2024-12-20,119.20999908447266,53958.02421569835,53612.698717030726,31589.00945183218,0.053963994416937514,0.05361863070962993,0.031592504626944955,345.32549866762565,22369.014763866173,0.0
16,NVDA,short,-1,7463,999891.788247837,133.9798724705664,133.96073515397234,131.5351198409734,2024-12-20,134.49911499023438,-3875.106924282161,-4017.9287180235915,-22120.295798934596,-0.0038755263017738297,-0.004018363552184401,-0.022122689733953267,142.8217937414306,18245.188874652435,0.0
16,MCHP,short,-1,18106,999946.396244147,55.22734984227035,55.14260088925518,54.82558273486144,2024-12-20,52.91111755371094,41937.701816656714,40403.237273364015,34663.30656991103,0.04193994995549462,0.04040540315472987,0.03466516475293905,1534.464543292699,7274.395246745684,0.0
17,AVGO,long,1,4467,999872.5473301878,223.8353587038701,223.9844080386357,235.19228632410616,2024-12-27,238.7057037353516,66425.83125562783,65760.02787722986,15694.435576033324,0.06643429848433675,0.06576841023670384,0.015696436128724466,665.8033783979627,50731.3956795945,0.0
17,MRVL,long,1,8917,999900.3452323917,112.13416454327596,112.296723475459,114.02842625157555,2024-12-27,113.09972381591795,8609.892034148686,7160.354035872464,-8281.239618758804,0.008610750136452468,0.007161067670406985,-0.00828206496601831,1449.5379982762224,16891.13165290749,0.0
17,SWKS,long,1,11930,999927.220703341,83.81619620313,83.89863118746618,84.46405339001828,2024-12-27,84.74686431884766,11102.87062051158,10119.421257381018,3373.9343809344728,0.011103678738440492,0.010120157795347442,0.0033741799513781353,983.4493631305613,7728.936239577107,0.0
17,ASML,long,1,1434,999581.8828600701,697.0584957183195,697.3593465653084,703.8127138664493,2024-12-27,703.4563598632812,9174.537183875182,8743.117069293006,-511.01164054292303,0.009178374819704,0.008746774245524157,-0.000511225392641954,431.4201145821753,9685.548824418105,0.0
17,MPWR,long,1,1713,999680.0451062426,583.58438126459,584.262366121881,601.6513737887881,2024-12-27,604.2657470703125,35427.179625202676,34265.7915646632,4478.421431251335,0.035438518352577095,0.03427675858131343,0.004479854782712386,1161.3880605394734,30948.75819395134,0.0
17,INTC,short,-1,51072,999989.7561035154,19.57999992370605,19.56702067552738,20.05335075009593,2024-12-27,20.299999237060547,-36771.80493164081,-37434.68109462185,-12596.8315262569,-0.036772181622062854,-0.03743506457554825,-0.012596960568216981,662.8761629810397,-24174.973405383906,0.0
17,MCHP,short,-1,18757,999962.9467778924,53.31145421857933,53.239072693873645,54.73264195843981,2024-12-27,55.60862350463867,-43088.00429861511,-44445.66455751961,-16430.785862052115,-0.04308960090716805,-0.04444731147362373,-0.016431394698169403,1357.6602589044996,-26657.218436562995,0.0
17,AMD,short,-1,8284,999961.6324157715,120.70999908447266,120.67231766620924,124.50806359863986,2024-12-27,125.19000244140624,-37112.347808837774,-37424.50067773193,-5649.181373476618,-0.03711377177460237,-0.03742593662050755,-0.005649398127235105,312.1528688941544,-31463.166435361156,0.0
17,MU,short,-1,11168,999962.7661333801,89.53821329990868,89.45290467864355,88.76965725985443,2024-12-27,88.17524719238281,15221.605488848847,14268.878806559902,6638.371633522985,0.015222172269180783,0.014269410111872752,0.0066386188149704815,952.7266822889451,8583.233855325863,0.0
17,NVDA,short,-1,7348,999892.0085747376,136.0767567466981,136.05887479777158,138.4166660596518,2024-12-27,136.8056640625,-5356.0109565123985,-5487.407517224432,11837.642675071344,-0.005356589422238651,-0.005488000174185083,0.011838921177042822,131.39656071203353,-17193.653631583744,0.0
18,AVGO,long,1,4315,999977.4316883316,231.7444801131707,231.89247930160937,232.1962787614193,2025-01-03,229.62155151367188,-9160.43690683747,-9799.053404950291,-11109.948074030171,-0.009160643647098381,-0.009799274558032641,-0.011110198812459669,638.6164981128204,1949.5111671927007,0.0
18,MRVL,long,1,9073,999962.4700231417,110.21299129539752,110.37499824807912,111.5690751386389,2025-01-03,117.63883972167967,67374.72277165802,65904.8336899778,55070.97406192899,0.06737725143834528,0.06590730718969141,0.055073040951881425,1469.8890816802304,12303.748709729036,0.0
18,TSM,long,1,5097,999876.7708437328,196.1696627121312,196.26923792212352,196.80120646894807,2025-01-03,204.778564453125,43879.57217384533,43372.03732851453,40660.59364534983,0.04388498008291375,0.04337738268678411,0.040665604833522564,507.5348453307961,3218.9785284954996,0.0
18,MPWR,long,1,1670,999620.6014559142,598.5752104526432,599.2442783185669,596.4253502593468,2025-01-03,612.6055297851562,23430.633285296786,22313.289949204216,27020.899808101734,0.02343952620741394,0.02232175879199133,0.027031155389101315,1117.34333609257,-3590.266522804948,0.0
18,ASML,long,1,1449,999895.9842261629,690.0593403907267,690.3628081318262,692.6489881373066,2025-01-03,704.21533203125,20512.031887118297,20072.307130265046,16759.632302324044,0.020514165683936533,0.020074395184014424,0.016761375749793233,439.72475685325117,3752.3995847942533,0.0
18,INTC,short,-1,49975,999999.76143837,20.01000022888184,19.99608413122001,20.1479912636696,2025-01-03,20.559999465942383,-27486.21187210065,-28181.66885275064,-20590.10990858236,-0.027486218429257723,-0.028181675575817102,-0.020590114820593714,695.4569806499894,-6896.101963518293,0.0
18,MCHP,short,-1,18207,999970.8734914236,54.92233061412773,54.848593622215134,54.77353952900816,2025-01-03,54.96998977661133,-867.7303713388612,-2210.25978309151,-3576.7696581108594,-0.0008677556460311276,-0.0022103241621171748,-0.0035768738399574356,1342.529411752649,2709.0392867719984,0.0
18,MU,short,-1,11539,999924.6887768321,86.65609574285745,86.57356266333002,85.96763451314851,2025-01-03,89.5250473022461,-33104.83204378562,-34057.18124845254,-41048.98617339701,-0.03310732539695708,-0.03405974632960942,-0.0410520778555939,952.3492046669271,7944.154129611394,0.0
18,AMD,short,-1,8093,999971.0602416993,123.55999755859376,123.51819350748072,122.62925153276473,2025-01-03,125.37000274658205,-14648.37198638916,-14986.692172047051,-22180.89957342356,-0.014648795919002451,-0.014987125895848098,-0.02218154150187336,338.32018565789076,7532.527587034401,0.0
18,ON,short,-1,15342,999991.5646820068,65.18000030517578,65.09952597537354,63.64318811637997,2025-01-03,63.90999984741211,19484.347023010254,18249.709855184243,-4093.4255774951234,0.019484511381059694,0.018249863798588714,-0.004093460107132819,1234.6371678260111,23577.772600505377,0.0
19,AVGO,long,1,4282,999940.4811232756,233.52183118245577,233.67231888561997,230.38695683028885,2025-01-10,221.48532104492188,-51540.33640892014,-52184.72475386925,-38116.8044329414,-0.051543404214441535,-0.05218783091494399,-0.03811907323736226,644.3883449491113,-13423.531975978745,0.0
19,MPWR,long,1,1600,999934.5846270599,624.9591153919124,625.7037507062449,619.1188661525526,2025-01-10,584.3012084960938,-65052.65103330985,-66244.0675362419,-55708.252250334226,-0.06505690675512757,-0.06624840120011309,-0.055711896664831756,1191.4165029320502,-9344.398782975622,0.0
19,TSM,long,1,4656,999885.2731632424,214.751991658772,214.8505018656573,210.5056102059248,2025-01-10,204.54298400878903,-47533.13961832068,-47991.80314157861,-27761.98757386411,-0.047538593570784965,-0.04799730972109579,-0.02776517298433263,458.6635232579283,-19771.152044456572,0.0
19,SWKS,long,1,11948,999975.6384439472,83.69397710444821,83.7725683554228,85.82120529178866,2025-01-10,84.79385375976562,13141.32627773249,12202.318011088008,-12274.7961046112,0.01314164642868859,0.012202615285784283,-0.012275095145029629,939.0082666444832,25416.12238234369,0.0
19,MRVL,long,1,8214,999890.331505588,121.7300135750655,121.85790404176925,118.11868231236303,2025-01-10,113.85430145263672,-64691.09937363,-65741.59166713458,-35027.62438179196,-0.06469819472723691,-0.06574880223928554,-0.035031466229950445,1050.492293504576,-29663.47499183804,0.0
19,AMD,short,-1,7747,999905.3467407227,129.07000732421875,129.02802636030245,125.54708019404588,2025-01-10,116.04000091552734,100943.45964813232,100618.23312067274,73651.34317068306,0.100953015180053,0.10062775786592852,0.0736583151702868,325.22652745958476,27292.116477449264,0.0
19,MU,short,-1,10503,999918.7815287824,95.20315924295748,95.11666827702862,99.55100196740187,2025-01-10,98.95870208740234,-39444.466495204375,-40352.88111035519,6220.925639635062,-0.0394476703746853,-0.04035615877587518,0.006221430934744368,908.4146151508176,-45665.392134839436,0.0
19,MCHP,short,-1,18135,999992.1291610929,55.14155661213636,55.08291791809038,54.652575887947,2025-01-10,52.60609817504883,45980.538756582435,44917.12604005856,37112.87332340838,0.04598090066484437,0.044917479578304435,0.037113165435154846,1063.4127165238751,8867.665433174057,0.0
19,INTC,short,-1,48007,999985.8063373565,20.82999992370605,20.815550031292105,20.07803349732248,2025-01-10,19.149999618530277,80651.7746505734,79958.07866545707,44552.12241917727,0.08065291941090273,0.07995921357955986,0.04455275478594854,693.6959851163265,36099.652231396125,0.0
19,NXPI,short,-1,4892,999823.5669151733,204.3793064013028,204.21923333255552,205.6660719255543,2025-01-10,201.20672607421875,15520.262960095235,14737.18550778347,21815.11990473347,0.015523001731176437,0.01473978609371367,0.02181896949282883,783.0774523117652,-6294.856944638235,0.0
20,AVGO,long,1,4603,999862.3989977404,217.2197260477385,217.36591655434697,226.6603898723867,2025-01-17,234.44998168945312,79310.8667188124,78637.95181689365,35855.49113395675,0.07932178147544444,0.078648773967018,0.03586042556445587,672.9149019187462,43455.37558485565,0.0
20,TSM,long,1,5080,999932.7694276524,196.83715933615204,196.938350976895,204.6705237289877,2025-01-17,207.6154937744141,54753.938946371214,54239.885411396936,14960.447830766121,0.05475762033252656,0.05424353223511526,0.014961453697861381,514.0535349742786,39793.491115605095,0.0
20,MRVL,long,1,8965,999989.6868714985,111.54374644411584,111.6650408260706,116.66373806012166,2025-01-17,124.25176239013672,113927.36295607718,112839.95882185281,68026.638118585,0.1139285379157287,0.1128411225668501,0.06802733969328088,1087.4041342243727,45900.72483749218,0.0
20,KLAC,long,1,15014,999939.7515266472,66.6004896447747,66.64704388257829,70.75542026912201,2025-01-17,74.82740020751953,123518.83518905094,122819.86986266782,61136.70679510034,0.12352627745868677,0.12282727001817251,0.061140390410282755,698.9653263831133,62382.128393950596,0.0
20,ASML,long,1,1406,999607.2908778447,710.9582438675993,711.4475085968054,734.6285293521141,2025-01-17,745.5894165039062,48691.428726647544,48003.522517383804,15411.007335419723,0.04871055780704364,0.04802238134460545,0.015417061756208219,687.9062092637396,33280.42139122782,0.0
20,ON,short,-1,18796,999947.21434021,53.20000076293945,53.12239044797478,54.95812218945921,2025-01-17,54.630001068115234,-26878.285736083984,-28337.049216159976,6167.3645967813745,-0.026879704599026204,-0.028338545084959775,0.006167690162375976,1458.7634800759915,-33045.650332865356,0.0
20,MCHP,short,-1,19134,999999.372678181,52.26295456664477,52.22025765325852,54.040902263349984,2025-01-17,55.25594711303711,-57267.919382670974,-58084.882123403506,-23248.668153913448,-0.05726795530810887,-0.05808491856134027,-0.02324868273831939,816.9627407325315,-34019.25122875752,0.0
20,AMD,short,-1,8674,999938.7094116211,115.27999877929688,115.23766442240878,118.3505597222542,2025-01-17,121.45999908447266,-53605.32264709473,-53972.53085874203,-26971.277027882858,-0.053608608350242684,-0.05397583906967685,-0.026972930214646015,367.20821164730296,-26634.04561921187,0.0
20,STM,short,-1,42716,999997.1634819541,23.41036528424839,23.358363090128663,24.200062562830997,2025-01-17,24.9337100982666,-65071.19707560197,-67292.5227996202,-31338.488123667288,-0.0650713816517503,-0.0672927136766169,-0.031338577016106525,2221.3257240182284,-33732.708951934685,0.0
20,NXPI,short,-1,5058,999835.2215488995,197.6740256126729,197.53089240630035,205.9806268729022,2025-01-17,209.5858612060547,-60250.06443132512,-60974.03218915742,-18235.27525708525,-0.06025999397979643,-0.060984081051574886,-0.018238280532702163,723.9677578323026,-42014.789174239864,0.0
21,KLAC,long,1,13279,999968.9275140902,75.30453554590633,75.3583030917154,75.44951229457655,2025-01-24,74.07169342041016,-16370.91058446373,-17084.88982526232,-18296.056830055546,-0.01637141928515879,-0.017085420711756647,-0.018296625351688984,713.9792407985879,1925.1462455918154,0.0
21,AMAT,long,1,5204,999819.6493498476,192.12522085892536,192.2529970807773,190.61747514113765,2025-01-24,184.24249267578125,-41021.71746508195,-41686.66492359947,-33175.40874971468,-0.041029117093024856,-0.04169418449688106,-0.0331813930355216,664.9474585175194,-7846.308715367268,0.0
21,MRVL,long,1,7978,999941.1707417093,125.33732398366875,125.43191190661204,124.70962369741352,2025-01-24,123.51477813720705,-14540.270763071505,-15294.893212313074,-9532.477879327249,-0.014541126206740959,-0.01529579305247332,-0.00953303870092328,754.6224492415695,-5007.792883744256,0.0
21,NVDA,long,1,7196,999901.8813337439,138.95245710585658,138.97585239878825,144.1069174485145,2025-01-24,142.40728759765625,24860.960218990418,24692.60769105414,-12230.536406776027,0.02486339978261568,0.024695030734532965,-0.01223173656845412,168.3525279362766,37091.49662576645,0.0
21,TSM,long,1,4750,999975.3501950033,210.5211263568428,210.62137408541344,216.68092599039983,2025-01-24,217.8048553466797,34597.71270172515,34121.535991014694,5338.664442329332,0.03459856554961911,0.03412237710095625,0.0053387960426106995,476.17671071045334,29259.048259395815,0.0
21,ON,short,-1,18148,999954.7723083495,55.09999847412109,55.018706898921614,55.14179323888604,2025-01-24,54.5,10888.77230834948,9413.492801629458,11647.263699303816,0.010889264804660365,0.00941391857143583,0.011647790501981049,1475.2795067200223,-758.4913909543357,0.0
21,AMD,short,-1,8170,999926.2950134277,122.38999938964844,122.34242026997278,122.83861974202846,2025-01-24,122.83999633789062,-3676.475067138672,-4065.1964748888167,-11.246788193920594,-0.003676746061657776,-0.004065496122225915,-1.1247617199395246e-05,388.72140775014486,-3665.2282789447513,0.0
21,MU,short,-1,9521,999946.1078695948,105.02532379682752,104.92432760471976,105.76389854711262,2025-01-24,102.79391479492188,21245.24510714366,20283.660362085702,28277.21530460806,0.021246390120370665,0.02028475355066929,0.02827873930611444,961.5847450579568,-7031.970197464401,0.0
21,STM,short,-1,39606,999980.4877677242,25.248207033472813,25.190010788888312,25.116034232122576,2025-01-24,24.923885345458984,12845.084775475689,10540.164312461951,7610.248805198219,0.012845335416643998,0.010540369978609247,0.007610397301038068,2304.9204630137374,5234.83597027747,0.0
21,NXPI,short,-1,4779,999936.5584976566,209.23552176138452,209.0656145568343,209.2137940930259,2025-01-24,207.7076110839844,7301.88512729515,6489.898596749679,7198.048600209363,0.007302348399248233,0.006490310351789072,0.00719850528419922,811.9865305454705,103.83652708578666,0.0
22,KLAC,long,1,14126,999979.7371240392,70.79001395469625,70.83569384954609,71.64483108078412,2025-01-31,72.927734375,30197.438657210783,29552.16446256194,18122.291934093588,0.03019805055656347,0.029552763286538716,0.01812265915128805,645.2741946488422,12075.146723117196,0.0
22,MU,long,1,10582,999955.4285993133,94.4958824985176,94.56637567006774,91.6096838354488,2025-01-31,90.88978576660156,-38159.71561713553,-38905.67435847912,-7617.9613645415275,-0.038161416524922234,-0.038907408516173775,-0.007618300922884513,745.9587413435875,-30541.754252594004,0.0
22,AMAT,long,1,5645,999950.8069642412,177.13920406806753,177.25732531773457,176.70647685940895,2025-01-31,177.92843627929688,4455.215832389664,3788.4213780192167,6897.960925267328,0.004455435008763371,0.0037886077511357944,0.006898300273599362,666.794454370447,-2442.7450928776643,0.0
22,MPWR,long,1,1550,999445.9318541227,644.8038270026598,645.6149570688925,620.6829576344804,2025-01-31,629.9005126953125,-23100.137176388274,-24357.388779049033,14287.210344289708,-0.023112943322040485,-0.024370891913945168,0.014295130820918728,1257.251602660759,-37387.347520677984,0.0
22,MRVL,long,1,9294,999940.6123405548,107.58990879498116,107.65959500359506,107.543377889151,2025-01-31,112.4002456665039,44707.27088393244,44059.60726107484,45139.72912271788,0.044709926101797595,0.04406222401342894,0.04514241002479097,647.6636228576026,-432.4582387854389,0.0
22,ON,short,-1,18218,999986.0088806152,54.88999938964844,54.8124390974882,53.89592092942543,2025-01-31,52.34000015258789,46455.88610076904,45042.89269819387,28345.76471242628,0.046456536079711536,0.04504352290750038,0.028346161306953225,1412.9934025751718,18110.121388342763,0.0
22,MCHP,short,-1,18150,999954.4241824308,55.09390766845349,55.043207618609465,53.640139947615104,2025-01-31,51.75776672363281,60550.95814849529,59630.75224382624,34165.074015278595,0.06055371793369697,0.059633470087979985,0.03416663118742855,920.2059046690483,26385.884133216692,0.0
22,TXN,short,-1,5651,999846.6472097661,176.9326928348551,176.8054434456184,174.81689222960665,2025-01-31,177.14715576171875,-1211.9299997065464,-1931.016298283031,-13168.31921996547,-0.0012121158810589935,-0.0019313124704391862,-0.013170338928188434,719.0862985764845,11956.389220258923,0.0
22,AMD,short,-1,8488,999886.4259033202,117.8000030517578,117.75845690831004,117.26550102021456,2025-01-31,115.9499969482422,15702.851806640383,15350.208141055791,11165.998562901357,0.015704635446424895,0.015351951725105242,0.011167266875149084,352.6436655845919,4536.853243739026,0.0
22,NXPI,short,-1,4779,999983.1450458012,209.24526994053173,209.09441060843548,207.3935386840868,2025-01-31,202.9584808349609,30044.565135522942,29323.608387434982,21195.141460972594,0.030045071543827715,0.029324102643841967,0.021195498710132574,720.9567480879596,8849.423674550348,0.0
23,KLAC,long,1,13916,999946.9682146476,71.8559189576493,71.91387961412522,73.5693133106378,2025-02-07,73.86225891113281,27920.226792676644,27113.646297157637,4076.630976488654,0.027921707530677083,0.027115084258485845,0.004076847178973164,806.580495519007,23843.59581618799,0.0
23,QCOM,long,1,6115,999953.318784535,163.5246637423606,163.58964729133297,164.26069847497516,2025-02-07,162.63385009765625,-5447.325437367024,-5844.699839333119,-9948.177827305119,-0.00544757973701049,-0.005844972689762636,-0.009948642242017202,397.3744019660944,4500.852389938094,0.0
23,LRCX,long,1,12803,999974.3709869521,78.10469194618075,78.17332086357709,79.43352051540023,2025-02-07,81.4278793334961,42546.76811979834,41668.11209037301,25533.77594808131,0.04254785857942103,0.0416691800303317,0.025534430370330444,878.6560294253286,17012.99217171703,0.0
23,AMAT,long,1,5781,999916.3970446613,172.96599153168333,173.10681089955332,175.7272344707105,2025-02-07,177.58316040039062,26691.853229996876,25877.77646434044,10729.107799480807,0.026694084934387453,0.02587994010381711,0.010730004859597868,814.0767656564349,15962.745430516068,0.0
23,MU,long,1,11323,999931.0735041491,88.30973006307066,88.39399141493962,91.39896159173132,2025-02-07,91.94572448730467,41170.36486560173,40216.2735783895,6190.996266577061,0.04117320279019302,0.04021904573627857,0.006191423019670138,954.0912872122353,34979.368599024674,0.0
23,ON,short,-1,19743,999982.9801254272,50.650001525878906,50.581051647200844,51.17282826089882,2025-02-07,51.25,-11845.769874572754,-13207.047329313727,-1523.6016450746345,-0.011845971491521732,-0.01320727211542858,-0.001523627577024891,1361.2774547409736,-10322.16822949812,0.0
23,NVDA,short,-1,8727,999929.7790119065,114.57886776806536,114.546011120751,121.82439760967512,2025-02-07,129.6463623046875,-131494.02482110137,-131780.7647822138,-68262.28589337306,-0.13150325910989358,-0.13179001920758343,-0.06826707967516212,286.73996111244196,-63231.73892772831,0.0
23,STM,short,-1,47150,999999.0239333324,21.208887039943424,21.153370647018043,21.80642746480761,2025-02-07,22.08358192443848,-41241.86380394192,-43859.461730373594,-13067.832771595591,-0.041241904058789775,-0.04385950454017403,-0.013067845526684026,2617.5979264316775,-28174.031032346327,0.0
23,MCHP,short,-1,19794,999965.7710533375,50.51863044626339,50.47040601194418,50.11595524326977,2025-02-07,49.46060180664063,20942.61889269281,19988.064439778384,12972.065924637089,0.02094333576101551,0.019988748633589213,0.012972509959988589,954.5544529144281,7970.552968055723,0.0
23,AVGO,short,-1,4700,999909.8229884804,212.74677084861287,212.63142648334755,224.72876141491517,2025-02-07,222.03826904296875,-43670.04151347264,-44212.160030219624,12645.31414814817,-0.04367397990246141,-0.04421614731024497,0.012646454567627398,542.1185167469812,-56315.355661620815,0.0
24,MPWR,long,1,1411,999970.1027908474,708.6960331614794,709.8434223901314,690.550875836792,2025-02-14,676.9032592773438,-44859.60395051535,-46478.57015214341,-19256.786965381463,-0.044860945167575814,-0.046479959773222154,-0.019257362706782036,1618.9662016280563,-25602.81698513389,0.0
24,KLAC,long,1,13325,999984.0513533403,75.04570741863716,75.10122436733417,74.46892933084352,2025-02-14,74.16255950927734,-11767.945892219608,-12507.709233607191,-4082.3778723693317,-0.01176813357802389,-0.012507908717823783,-0.0040824429818099575,739.7633413875828,-7685.568019850276,0.0
24,LRCX,long,1,12101,999960.2077074613,82.63451018159337,82.70183106495318,81.55053727271523,2025-02-14,81.84326171875,-9574.897648867624,-10389.547658404714,3542.2585214667274,-0.009575278671157646,-0.010389961098776221,0.0035423994816631906,814.6500095370902,-13117.15617033435,0.0
24,QCOM,long,1,6084,999891.4639024172,164.34770938567016,164.42350931687903,164.97626884124298,2025-02-14,166.7684326171875,14727.680140551514,14266.513359076705,10903.524412846436,0.014729278798992565,0.014268061958841788,0.010904707967294487,461.1667814748089,3824.155727705078,0.0
24,AMAT,long,1,5543,999983.6357886557,180.40476922039613,180.5417231823652,177.49144879115366,2025-02-14,166.9281463623047,-74700.92050240088,-75460.05631359536,-58552.38536310985,-0.07470214294405589,-0.07546129117811251,-0.05855334354239849,759.1358111944719,-16148.535139291038,0.0
24,SWKS,short,-1,16218,999983.4437003201,61.65886321989888,61.43172269828588,61.38272139073892,2025-02-14,61.97848510742188,-5183.627771847994,-8867.39275136766,-9662.095957164243,-0.005183713594963727,-0.008867539565010123,-0.009662255928368977,3683.7649795196667,4478.468185316249,0.0
24,ON,short,-1,19630,999952.1730422972,50.93999862670898,50.87979060645981,49.259948485758045,2025-02-14,51.83000183105469,-17470.76290130629,-18652.64633879751,-50450.14716817309,-0.017471598514709454,-0.018653538480793437,-0.05045256016063389,1181.8834374912185,32979.3842668668,0.0
24,AMD,short,-1,9221,999925.2625122069,108.44000244140624,108.39294347761695,110.29659091400356,2025-02-14,113.0999984741211,-42969.823417663705,-43403.75412276468,-25850.221111843784,-0.042973035114350994,-0.04340699825276673,-0.02585215323683075,433.9307051009746,-17119.60230581992,0.0
24,STM,short,-1,45322,999981.3974198579,22.063929160669385,22.015431016659665,22.813961678324297,2025-02-14,24.059017181396484,-90421.37927539358,-92619.41215820212,-56428.40551023767,-0.09042306137763956,-0.0926211351502916,-0.056429455243701215,2198.032882808533,-33992.97376515591,0.0
24,MCHP,short,-1,20032,999959.9292614703,49.918127459138894,49.87006384312713,50.29298465540039,2025-02-14,53.149410247802734,-64729.056822514045,-65691.86717846176,-57219.91746700379,-0.06473165066756253,-0.0656944996055783,-0.05722221040323495,962.8103559477167,-7509.139355510255,0.0
25,INTC,long,1,40650,999990.0155067444,24.600000381469727,24.61789417810253,25.53428293448848,2025-02-21,24.8700008392334,10975.518608093262,10248.135774969738,-27003.06717211909,0.010975628194178943,0.010248238098433914,-0.027003336786753113,727.3828331235236,37978.58578021235,0.0
25,MPWR,long,1,1461,999654.7892641702,684.2264129118208,685.3413382088801,683.4139061284229,2025-02-21,653.3326416015625,-45135.79988428742,-46764.70574329098,-43948.72747374308,-0.0451513866276889,-0.04678085499666713,-0.04396390428549142,1628.9058590035565,-1187.0724105443442,0.0
25,QCOM,long,1,5960,999884.0095893345,167.76577342102928,167.8356926992977,169.05734334658234,2025-02-21,160.18405151367188,-45187.06256785014,-45603.78146632997,-52884.81932414639,-0.045192304441801265,-0.045609071681284356,-0.05289095416764079,416.718898479834,7697.75675629625,0.0
25,NXPI,long,1,4530,999813.6517091182,220.7094153883263,220.885879728743,233.5417795807653,2025-02-21,230.1785430908203,42895.14849229785,42095.76503021026,-15235.46129945083,0.042903143419747575,0.04210361096615376,-0.015238300930785225,799.3834620875859,58130.60979174868,0.0
25,LRCX,long,1,11907,999945.218532674,83.9796101900289,84.04464247798701,86.78003954538454,2025-02-21,85.07743835449219,13071.839954264446,12297.500501547132,-20272.87237995524,0.013072556088068652,0.012298174213575984,-0.020273983018493535,774.3394527173132,33344.71233421969,0.0
25,SWKS,short,-1,16044,999963.4417506251,62.32631773564106,62.10509358416046,62.93826587052999,2025-02-21,63.181766510009766,-13724.820135971477,-17274.14042232631,-3906.724259813538,-0.013725321909712603,-0.017274771957747435,-0.003906867088034817,3549.320286354832,-9818.095876157939,0.0
25,MRVL,short,-1,9384,999904.1177715764,106.55414724761044,106.40202478776628,108.69742036102512,2025-02-21,103.3871078491211,29719.49771542407,28291.980552246427,49831.97261170742,0.029722347560342137,0.028294693510512777,0.049836751070457444,1427.517163177643,-20112.474896283347,0.0
25,AMAT,short,-1,5900,999951.8523747048,169.483364809272,169.33997693094102,171.63524288268434,2025-02-21,170.06163024902344,-3411.7660945335415,-4257.754576686261,9284.314538599312,-0.003411930370878572,-0.004257959587328994,0.009284761577820716,845.9884821527198,-12696.080633132853,0.0
25,TSM,short,-1,4975,999971.3258700197,200.999261481411,200.86896831855037,198.3189248585187,2025-02-21,194.5990447998047,31841.07799099139,31192.869505759783,18506.403292102204,0.031841991032381084,0.03119376395980214,0.018506933962332175,648.2084852316075,13334.674698889186,0.0
25,AMD,short,-1,8768,999990.4267578124,114.0500030517578,114.0047249723775,114.5172646107711,2025-02-21,110.83999633789062,28145.338867187376,27748.340667180943,32242.288216615947,0.028145608311912262,0.02774860631130953,0.03224259688280466,396.99820000643376,-4096.949349428571,0.0
26,INTC,long,1,40733,999995.1189231873,24.549999237060547,24.573268418457022,23.75606540215888,2025-02-28,23.729999542236328,-33401.0475692749,-34348.87113509754,-1061.7406722253763,-0.033401210603149496,-0.034349038795394346,-0.0010617458546884487,947.8235658226404,-32339.306897049526,0.0
26,NXPI,long,1,4339,999927.0722641649,230.451042236498,230.6776254293101,223.50923458183135,2025-02-28,209.80972290039065,-89562.68459936982,-90545.82907298146,-59442.18118577119,-0.08956921667954279,-0.09055243285688407,-0.05944651648562177,983.1444736116391,-30120.503413598635,0.0
26,STM,long,1,36719,999985.7588740721,27.23346929039658,27.29898402779912,25.865688269046814,2025-02-28,24.265405654907227,-108984.3286315336,-111389.96427421737,-58760.7773085915,-0.1089858807131852,-0.11139155061531698,-0.058761614140138196,2405.6356426837738,-50223.5513229421,0.0
26,LRCX,long,1,11695,999954.2946088172,85.50271864974923,85.57234876470714,81.05187110202301,2025-02-28,75.89912414550781,-112314.03772710334,-113128.36192153618,-60261.375656445285,-0.11231917131876579,-0.11313353273390568,-0.06026413005208361,814.3241944328474,-52052.66207065805,0.0
26,ADI,long,1,4268,999934.3677475556,234.2864029399146,234.50203797061147,229.01197651914617,2025-02-28,224.32131958007807,-42530.975779782355,-43451.30609079655,-20019.723815942674,-0.04253376736673958,-0.04345415808506975,-0.020021037841752503,920.3303110141933,-22511.25196383968,0.0
26,SWKS,short,-1,15768,999994.9116047069,63.41926126361662,63.2020624275452,63.11155726691938,2025-02-28,63.32426834106445,1497.8484028025493,-1926.9428443715713,-3354.0282171195645,0.001497856024486094,-0.0019269526494683628,-0.0033540452838277997,3424.7912471741206,4851.876619922114,0.0
26,MRVL,short,-1,9634,999965.2592664268,103.79543899381636,103.6492385013615,95.99459604511053,2025-02-28,91.44596099853516,118974.87100653914,117566.37546222894,43821.550038707115,0.11897900442443266,0.11757045994625401,0.043823072484392656,1408.4955443101935,75153.32096783203,0.0
26,TSM,short,-1,5174,999948.0406442105,193.2640202250117,193.14036822944945,186.9712383744584,2025-02-28,177.21429443359375,83041.2812447965,82401.5058197574,50482.42795003374,0.0830455962404783,0.08240578757139293,0.050485051120766976,639.7754250391008,32558.853294762754,0.0
26,AMD,short,-1,8969,999953.7908401488,111.48999786376952,111.44574740192382,105.77522034656924,2025-02-28,99.86000061035156,104309.44536590563,103912.56297361162,53053.60581413637,0.10431426564048137,0.10391736490773797,0.053056057489978,396.8823922940064,51255.83955176926,0.0
26,AMAT,short,-1,5819,999888.5182479145,171.83167524452904,171.68977961358445,165.4340320625142,2025-02-28,156.3068084716797,90339.19975121037,89513.50907474381,53111.31407506606,0.09034927204635775,0.08952348931018492,0.053117235677565336,825.6906764665619,37227.88567614431,0.0
27,INTC,long,1,40000,1000000.0,25.0,25.023755174821492,21.889298112533584,2025-03-07,20.63999938964844,-174400.02441406235,-175350.23140692204,-49971.94891540573,-0.17440002441406235,-0.17535023140692205,-0.04997194891540573,950.2069928596902,-124428.07549865663,0.0
27,STM,long,1,40392,999976.9168877478,24.756806221225684,24.817413414785037,24.520230851987755,2025-03-07,26.054107666015625,52400.599957955295,49952.554195705925,61956.352272213735,0.052401809554807464,0.04995370728273855,0.06195778245066094,2448.0457622493705,-9555.75231425844,0.0
27,ADI,long,1,4423,999849.803921743,226.056930572404,226.2616168991789,222.92866245416965,2025-03-07,221.18426513671875,-21551.79922203592,-22457.12684536126,-7715.469335085349,-0.02155503670401555,-0.022460500324425682,-0.0077166283423997445,905.3276233253418,-13836.32988695057,0.0
27,MCHP,long,1,16655,999970.3042693672,60.0402464286621,60.114574069410544,56.966041316013445,2025-03-07,57.399322509765625,-43984.58786922081,-45222.514725886125,7216.298281942552,-0.04398589406248253,-0.045223857681382006,0.007216512581556282,1237.9268566653118,-51200.886151163366,0.0
27,TXN,long,1,5236,999893.0685373064,190.96506274585684,191.0764199759022,186.51711873605532,2025-03-07,182.8182678222656,-42656.61821992375,-43239.68467644132,-19367.18338460301,-0.04266118004230591,-0.043244308853640216,-0.01936925456732518,583.0664565175684,-23289.434835320742,0.0
27,SWKS,short,-1,15655,999966.8095525387,63.87523535947229,63.653428591554416,63.30180367961475,2025-03-07,68.97651672363281,-79860.55975593295,-83332.9447076873,-88837.63270410277,-0.07986321045162353,-0.08333571065721353,-0.08884058136275093,3472.3849517543567,8977.072948169822,0.0
27,MRVL,short,-1,10915,999980.6110417433,91.61526441060406,91.5131127451662,82.04530881630963,2025-03-07,70.55142211914062,229911.83861132336,228796.85318306912,125455.77329959968,0.22991629644879774,0.2288012894017184,0.12545820580351497,1114.9854282542365,104456.06531172368,0.0
27,AMD,short,-1,9850,999971.9669342041,101.5199966430664,101.47952349813444,99.14431978162364,2025-03-07,100.30999755859376,11918.490982055524,11519.830504475663,-11481.92610315576,0.011918825103263853,0.011520153449695298,-0.01148224798576903,398.6604775798605,23400.417085211284,0.0
27,TSM,short,-1,5623,999898.2953149031,177.8229228730043,177.74426846868997,175.39892064192958,2025-03-07,173.84730529785156,22354.897625083853,21912.623909624348,8724.733079750684,0.022357171454166255,0.021914852752822518,0.008725620516237563,442.2737154595052,13630.16454533317,0.0
27,AMAT,short,-1,6331,999970.6360710177,157.94829190823214,157.81739231135393,152.01421917497103,2025-03-07,153.94345092773438,25354.648247531324,24525.922899695386,-12213.966226744724,0.025355392781484277,0.0245266430983015,-0.012214324887313282,828.725347835938,37568.61447427605,0.0
28,STM,long,1,40106,999991.438324502,24.933711622313417,24.99659298103272,24.47971593779756,2025-03-14,24.43248176574707,-20102.324627449918,-22624.24440024625,-1894.3737042569817,-0.020102496738503693,-0.022624438103343615,-0.0018943899234087726,2521.919772796333,-18207.950923192937,0.0
28,MCHP,long,1,17965,999951.8562641786,55.66111084131248,55.73293862216762,51.69400944398353,2025-03-14,51.37801361083984,-76945.84174544101,-78236.22782850369,-5676.865142426488,-0.0769495463840737,-0.0782399945941341,-0.0056771384610807794,1290.38608306268,-71268.97660301453,0.0
28,SWKS,long,1,14657,999989.1883836627,68.22604819428688,68.33312217372558,66.16164877374634,2025-03-14,65.92715454101562,-33694.884275996716,-35264.267592629876,-3436.98196913403,-0.03369524857609671,-0.035264648860483624,-0.003437019128866195,1569.3833166331606,-30257.902306862685,0.0
28,ADI,long,1,4636,999804.5437362446,215.6610318671796,215.8567142456,207.6934884541062,2025-03-14,204.428466796875,-52074.171665932074,-52981.35517228905,-15136.640402923786,-0.05208435187875042,-0.05299171273447013,-0.015139599532483158,907.1835063569742,-36937.53126300829,0.0
28,INTC,long,1,49407,999997.6686916351,20.239999771118164,20.261597736962035,21.64632516227244,2025-03-14,24.049999237060547,188240.6436138153,187173.5529153672,118758.325013056,0.18824108246182547,0.1871739892756541,0.11875860187597796,1067.090698448097,69482.3186007593,0.0
28,MRVL,short,-1,14690,999971.2748743606,68.07156398055552,67.96858631999645,68.55299287761133,2025-03-14,68.4599609375,-5705.55129751435,-7218.29313112719,1366.6392002354505,-0.005705715194900186,-0.007218500483460504,0.0013666784582458723,1512.7418336128394,-7072.190497749801,0.0
28,TSM,short,-1,5906,999899.6354660863,169.3023426119347,169.2219807707175,169.83759126400318,2025-03-14,170.892578125,-9391.930940163633,-9866.547974392483,-6230.752401047219,-0.00939287365154978,-0.009867538325277375,-0.0062313778103767975,474.61703422884966,-3161.178539116414,0.0
28,AVGO,short,-1,5341,999901.5059095547,187.21241451218023,187.11414828208396,190.1734274125691,2025-03-14,193.07760620117188,-31325.988810904368,-31850.828745848554,-15511.21890992736,-0.03132907453960564,-0.031853966173273865,-0.01551274682381608,524.8399349441861,-15814.769900977008,0.0
28,AMAT,short,-1,6634,999875.233451865,150.71981209705532,150.5873367029774,149.08498144463198,2025-03-14,153.92369079589844,-21254.53128812521,-22133.373052438095,-32099.99783630169,-0.021257183473530273,-0.022136134901578817,-0.03210400334197998,878.8417643128851,10845.466548176479,0.0
28,ON,short,-1,22614,999991.1076049805,44.220001220703125,44.14085132372307,43.47717010017511,2025-03-14,43.18999862670898,23292.478660583656,21502.582890276677,6494.095700963087,0.023292685788346753,0.021502774101438003,0.006494153449540878,1789.895770306979,16798.38295962057,0.0
29,SWKS,long,1,15155,999989.7434931274,65.98414671680155,66.10700934927337,65.98394858676843,2025-03-21,63.88473510742188,-31816.582940148823,-33678.56613525929,-31813.580279497004,-0.03181690927049742,-0.0336789115632472,-0.03181390657904848,1861.9831951104643,-3.002660651818587,0.0
29,MU,long,1,9933,999975.9581284864,100.67209887531324,100.77188975560952,100.36990790389088,2025-03-21,94.35643768310548,-62733.46262219964,-63724.68543618261,-59731.79970306131,-0.06273497088830914,-0.0637262175337166,-0.05973323580184155,991.2228139829749,-3001.6629191383254,0.0
29,STM,long,1,41160,999977.5487090525,24.29488699487494,24.36205185662389,24.523696750664364,2025-03-21,23.597097396850582,-28721.01985468255,-31485.525564269312,-38138.82940297524,-0.02872166469313307,-0.03148623247083535,-0.038139685688155275,2764.5057095867633,9417.809548292695,0.0
29,ADI,long,1,4915,999952.7519695214,203.4491865655181,203.65852612398777,203.54280415443947,2025-03-21,200.1685333251953,-16124.410676186453,-17153.314606064927,-16584.541125735013,-0.016125172558830985,-0.017154125104690707,-0.016585324749664284,1028.9039298784737,460.13044954856014,0.0
29,INTC,long,1,40950,999999.0031242371,24.420000076293945,24.44624044758507,24.459748460379977,2025-03-21,24.26000022888184,-6551.993751525733,-7626.536955897248,-8179.690079848734,-0.006552000283056014,-0.0076265445586146735,-0.008179698233991652,1074.5432043715145,1627.6963283230007,0.0
29,MRVL,short,-1,14604,999935.0056879086,68.46994013201237,68.36686001263696,68.60696160894797,2025-03-21,70.1032485961914,-23852.836810870667,-25358.218874229096,-21851.77516170315,-0.023854387210357767,-0.025359867121347378,-0.021853195495111354,1505.3820633584291,-2001.0616491675173,0.0
29,AVGO,short,-1,5385,999897.2799158271,185.6819461310728,185.5853405715704,187.30885101767808,2025-03-21,189.81912231445312,-22278.693747503017,-22798.914685423406,-13517.810933133616,-0.02228098245189593,-0.022801256832444484,-0.013519199626457196,520.2209379203887,-8760.8828143694,0.0
29,AMAT,short,-1,6611,999873.5874182932,151.24392488553823,151.0996293005142,150.82750442102835,2025-03-21,150.42315673828125,5426.098221515925,4472.160108922094,2673.142530641085,0.005426784235321477,0.0044727255177020525,0.0026734804922122486,953.9381125938307,2752.9556908748395,0.0
29,ON,short,-1,23223,999982.4118919373,43.060001373291016,42.98920691922241,43.04832459606236,2025-03-21,43.77999877929688,-16720.499759674236,-18364.559366509435,-16991.669557255358,-0.01672079384680331,-0.01836488237004512,-0.01699196841383202,1644.0596068351988,271.1697975811221,0.0
29,TSM,short,-1,5856,999942.2370953888,170.75516343842023,170.66562585249773,171.5112776221658,2025-03-21,174.1600341796875,-19938.923060861158,-20463.255164023314,-15511.118400847037,-0.01994007485750309,-0.02046443724936007,-0.015512014419856298,524.3321031621563,-4427.804660014121,0.0
30,SWKS,long,1,15280,999963.998481806,65.44267005770982,65.56183103764317,64.40832262491554,2025-03-28,60.91136932373047,-69238.27521520447,-71059.05498858613,-53433.44644210791,-0.06924076798797295,-0.07106161331455076,-0.05343537019656024,1820.779773381655,-15804.82877309656,0.0
30,INTC,long,1,40453,999998.1322231292,24.71999931335449,24.74291777061506,23.96793368748147,2025-03-28,22.709999084472656,-81310.53925895676,-82237.65961051859,-50887.22849551552,-0.081310691129185,-0.08223781321240402,-0.05088732354168145,927.1203515618254,-30423.310763441244,0.0
30,ASML,long,1,1390,999700.2576201312,719.2088184317491,719.8284938728925,703.5669487309239,2025-03-28,666.4063720703125,-73395.40044239693,-74256.74930558623,-51653.201558249784,-0.07341740675062015,-0.07427901387397912,-0.05166868885401158,861.3488631892978,-21742.198884147147,0.0
30,AMD,long,1,9113,999969.5205917358,109.7300033569336,109.77644862749086,109.77077474163436,2025-03-28,103.22000122070312,-59325.64946746826,-59748.90521805667,-59697.1990962463,-0.05932745773327379,-0.05975072638484023,-0.05969901868700983,423.2557505884106,371.54962877804064,0.0
30,MU,long,1,10445,999911.7269744518,95.7311370966445,95.81897764277666,93.64572440084002,2025-03-28,88.10053253173828,-79701.66468044548,-80619.15918479585,-57919.5290727677,-0.07970870080862838,-0.08062627631014443,-0.05792464225619345,917.4945043503685,-21782.13560767778,0.0
30,MRVL,short,-1,14062,999936.8287888473,71.10914726133177,71.00514581459116,68.79141358685936,2025-03-28,61.78726577758789,131084.29742440645,129621.82908033997,98492.32649397544,0.13109257870137614,0.1296300179655766,0.09849854876659782,1462.4683440664812,32591.97093043101,0.0
30,ON,short,-1,22060,999979.8403930664,45.33000183105469,45.2668102715672,44.6961182247264,2025-03-28,40.93999862670898,96843.47068786637,95449.46488557244,82859.9983322643,0.09684542305352845,0.09545138914805892,0.08286166879093698,1394.0058022939338,13983.472355602076,0.0
30,NXPI,short,-1,4955,999800.9830136934,201.776182242925,201.57432957211464,201.926386166565,2025-03-28,185.8058319091797,79133.08590370796,78132.90591984267,79877.34634534427,0.0791488378668899,0.07814845879059568,0.07989324645848069,1000.1799838652951,-744.2604416363029,0.0
30,MCHP,short,-1,19606,999974.2129325621,51.00347918660421,50.92925041806891,50.12381963921724,2025-03-28,46.76839828491211,83032.99615857532,81577.66692267224,65786.39107250636,0.08303513739126295,0.08157977062571893,0.06578808755435674,1455.3292359030747,17246.605086068957,0.0
30,ADI,short,-1,4862,999882.8624221162,205.6525837972267,205.50579002234653,205.7102959822408,2025-03-28,197.38731384277344,40185.74251855175,39472.03118508438,40466.33916209036,0.04019045033055753,0.039476655384879114,0.0404710798463579,713.7113334673704,-280.59664353860717,0.0
31,AMD,long,1,9976,999994.2186889647,100.23999786376952,100.29179522200528,98.38473000748688,2025-04-04,85.76000213623047,-144452.43737792954,-144969.1678236895,-125944.28524365395,-0.14445327250722798,-0.14497000594038462,-0.1259450133709496,516.730445759953,-18508.152134275588,0.0
31,QCOM,long,1,6811,999957.4905772809,146.81507716594933,146.90239833296184,143.20832778800025,2025-04-04,124.08361053466795,-154824.01922565748,-155418.76369417962,-130258.44921244624,-0.1548306009851246,-0.15542537073696555,-0.1302639866593202,594.7444685221417,-24565.57001321124,0.0
31,SWKS,long,1,16577,999964.3007360365,60.32239251589772,60.43775166551341,58.885074081564994,2025-04-04,50.13883209228516,-168812.88114222532,-170725.18976540465,-144986.45345629175,-0.1688189078529788,-0.17073128474660565,-0.1449916295507476,1912.3086231793277,-23826.427685933566,0.0
31,INTC,long,1,44682,999983.1225013733,22.3799991607666,22.402257833207464,21.99577881380214,2025-04-04,19.850000381469727,-113045.40545654297,-114039.96745854561,-95877.6719134769,-0.11304731341241984,-0.11404189220042461,-0.09587929011606416,994.5620020026399,-17167.733543066075,0.0
31,ASML,long,1,1533,999914.4533806345,652.2599174041974,652.8124115509806,644.4823471528041,2025-04-04,598.2127685546875,-82854.27918629865,-83701.25271331739,-70931.26399091275,-0.08286136769618105,-0.0837084136851206,-0.07093733243988978,846.9735270187375,-11923.015195385902,0.0
31,MRVL,short,-1,16629,999968.8246793501,60.13403239397138,60.0400818901953,58.65092061841191,2025-04-04,49.2286376953125,181345.80844399854,179783.50551670612,156683.1427282201,0.1813514621339809,0.1797891104998753,0.15668802752772026,1562.3029272924177,24662.66571577845,0.0
31,MCHP,short,-1,21612,999966.0145860508,46.269017887564814,46.19340285282559,44.13744325682927,2025-04-04,34.78339385986328,248227.30648668553,246593.11435590146,202159.715567229,0.24823574288116435,0.24660149520979666,0.2021665862823505,1634.1921307840676,46067.59091945653,0.0
31,AVGO,short,-1,6138,999942.2218794487,162.91010457469025,162.8298953654146,159.5472266407164,2025-04-04,144.8848876953125,110638.78120562063,110146.4570790866,89997.43644688907,0.1106451740758268,0.11015282150208641,0.09000263663007821,492.324126534033,20641.34475873156,0.0
31,ON,short,-1,24660,999962.9811859131,40.54999923706055,40.48315650347879,38.74541529054429,2025-04-04,33.70000076293945,168920.96237182617,167272.62056170002,124419.9222507352,0.1689272158570242,0.16727881302498007,0.12442452829921616,1648.3418101261486,44501.04012109098,0.0
31,NVDA,short,-1,9525,999961.8662957952,104.98287310192076,104.95985559056456,104.51527117768838,2025-04-04,94.17801666259766,102916.25758455256,102697.01578888475,98462.3492562391,0.10292018231234155,0.10270093215585313,0.09846610413352833,219.24179566781095,4453.908328313453,0.0
32,INTC,long,1,52246,999988.4081115725,19.13999938964844,19.161723953951725,19.44986757271517,2025-04-11,19.739999771118164,31347.61993026715,30212.598343677775,15158.246837762794,0.031347983312592136,0.03021294856880665,0.01515842255250576,1135.0215865893733,16189.373092504355,0.0
32,AMD,long,1,12394,999947.9237823486,80.68000030517578,80.73879444748893,85.53986932208316,2025-04-11,93.4000015258789,157651.69512939453,156923.00052956538,97418.47853384443,0.15765990546094621,0.1569311729114822,0.09742355198394193,728.6945998291485,60233.2165955501,0.0
32,NVDA,long,1,11449,999928.0607946032,87.33758937851368,87.35806391727753,101.47444021647176,2025-04-11,110.7747573852539,268332.13650916883,268097.7235148615,106479.33126538676,0.2683514414986373,0.2681170116396322,0.1064869918549659,234.41299430734944,161852.80524378206,0.0
32,TSM,long,1,7544,999987.274540204,132.5539865509284,132.64012744737107,145.53336129806047,2025-04-11,154.7957763671875,167792.06237385856,167142.21545109514,69875.65928149431,0.16779419763217454,0.167144342439705,0.06987654849270285,649.8469227634196,97916.40309236424,0.0
32,ASML,long,1,1725,999454.0405759292,579.3936467106836,579.8840236062821,622.359025732447,2025-04-11,660.7063598632812,140264.43018823097,139418.53004332355,66149.15137568912,0.1403410507074487,0.13949468848310873,0.06618528585623715,845.900144907413,74115.27881254184,0.0
32,MCHP,short,-1,29258,999991.0998478906,34.17838197579775,34.09005064771862,36.28370906303418,2025-04-11,37.17463302612305,-87664.31323041758,-90248.71122735673,-26066.65331205405,-0.0876650934630841,-0.09024951446176324,-0.026066885311298343,2584.397996939151,-61597.659918363526,0.0
32,MU,short,-1,15679,999967.5004054746,63.777504968778274,63.69025211834528,68.4396241003744,2025-04-11,69.37325286865234,-87735.73132212555,-89103.76876406449,-14638.365457829843,-0.08773858279049047,-0.08910666469453657,-0.014638841214233627,1368.037441938941,-73097.3658642957,0.0
32,MRVL,short,-1,21156,999973.538490875,47.266663759258606,47.19029868353183,52.31597842405593,2025-04-11,53.2329216003418,-126222.150885956,-127837.73042803169,-19398.84983750385,-0.12622549100293798,-0.12784111329681774,-0.019399363173929495,1615.5795420756913,-106823.30104845215,0.0
32,STM,short,-1,56919,999994.9865440007,17.568737794831264,17.519178097809483,18.756410363355325,2025-04-11,20.1729736328125,-148230.49966205395,-151051.3880568367,-80629.36473423294,-0.1482312428128675,-0.15105214535012101,-0.0806297689680319,2820.888394782756,-67601.13492782101,0.0
32,NXPI,short,-1,6531,999847.1392095586,153.0925033240788,152.83905770791026,159.89809219811212,2025-04-11,165.07269287109375,-78242.61793155469,-79897.8712507514,-33795.316995242996,-0.07825457998850739,-0.07991008636971811,-0.03380048376390845,1655.2533191967086,-44447.300936311694,0.0
33,KLAC,long,1,14820,999975.1238197278,67.47470471118271,67.5909927851097,65.35772179171019,2025-04-17,62.8143424987793,-69066.56798781858,-70789.95724341665,-37692.88112123584,-0.06906828614295576,-0.07079171827096213,-0.03769381879946745,1723.389255598071,-31373.686866582735,0.0
33,ASML,long,1,1496,999692.8959452413,668.2439144018992,669.0632860720046,654.1771649595912,2025-04-17,632.4033813476562,-53617.437449147525,-54843.217467625196,-32573.5802834547,-0.05363390863996342,-0.05486006521609738,-0.032583586835090335,1225.7800184776715,-21043.857165692825,0.0
33,AVGO,long,1,5455,999914.1662100669,183.30232194501684,183.43034829554895,176.2255759255558,2025-04-17,169.34767150878906,-76122.61812962254,-76821.0018717752,-37518.96859346257,-0.07612915258331317,-0.07682759627553498,-0.03752218926517378,698.383742152655,-38603.649536159974,0.0
33,AMAT,long,1,6885,999988.58302732,145.24162425959622,145.43946875858546,140.6749703951837,2025-04-17,135.92672729492188,-64133.06560178288,-65495.2249773238,-32691.65374530261,-0.06413379781560041,-0.06549597274305526,-0.0326920269892816,1362.1593755409194,-31441.41185648027,0.0
33,AMD,long,1,10297,999941.67628479,97.11000061035156,97.2156870659251,92.1050928118122,2025-04-17,87.5,-98954.17628479004,-100042.4297178307,-47418.64068323021,-0.09895994799661419,-0.10004826490434024,-0.04742140647583636,1088.2534330406634,-51535.53560155983,0.0
33,MU,short,-1,13426,999971.6156768084,74.48023355257027,74.37136832103704,70.80767933582597,2025-04-17,68.62516021728516,78610.21459953793,77148.59000097278,29302.501685528918,0.07861244596061095,0.07715077987364319,0.02930333344081589,1461.6245985651476,49307.71291400901,0.0
33,MCHP,short,-1,26084,999972.7627531663,38.33663405739788,38.19836992309639,37.13155903135684,2025-04-17,37.03058242797852,34067.050701774526,30460.56902265436,2633.8737225201203,0.03406797861971732,0.030461398707289852,0.0026339454639428684,3606.4816791201665,31433.176979254407,0.0
33,MRVL,short,-1,17957,999947.7018533987,55.68567699801741,55.56241333346178,52.49923984222871,2025-04-17,51.547889709472656,74302.24634039821,72088.80071597264,17083.394333900476,0.07430613241340454,0.07209257102382091,0.017084287810488968,2213.4456244255707,57218.852006497735,0.0
33,ON,short,-1,27886,999991.9770202637,35.86000061035156,35.73390866161826,35.10567201579164,2025-04-17,34.63999938964844,34020.954040527344,30504.753958150424,12985.74685262935,0.034021226992142106,0.030504998699136844,0.012985851037849086,3516.2000823769195,21035.20718789799,0.0
33,SWKS,short,-1,18143,999980.8638039089,55.11662149610918,54.87654695285523,54.164807865004846,2025-04-17,53.17870330810547,35159.64968495138,30803.977246694896,17890.894975825402,0.03516032251977774,0.030804566728924322,0.017891237346051567,4355.672438256483,17268.754709125977,0.0
34,AVGO,long,1,6046,999924.4136421116,165.38610877309156,165.509393157285,174.131858455349,2025-04-25,190.4628753662109,151614.13082199957,150868.75343516612,98737.32824307108,0.15162559164823494,0.15088015791678067,0.09874479200225898,745.3773868334538,52876.80257892849,0.0
34,AMAT,long,1,7483,999898.6716160745,133.62270100441995,133.8166759271009,141.09497614162245,2025-04-25,149.8595428466797,121500.2875056296,120048.77315920805,65585.25265394329,0.12151260018103253,0.12006093874010317,0.06559189897506504,1451.5143464215507,55915.034851686316,0.0
34,KLAC,long,1,16200,999948.8586665909,61.72523818929573,61.83731481914724,64.7742087952735,2025-04-25,68.772705078125,114168.96359903416,112353.32219543974,64775.63978219438,0.11417480265068344,0.11235906838801772,0.06477895266421048,1815.641403594418,49393.32381683978,0.0
34,ASML,long,1,1601,999572.1791228286,624.3423979530472,625.1399010369496,646.1463450671623,2025-04-25,669.0638427734375,71599.03315744484,70322.23072011714,36690.91382774657,0.07162967782904515,0.07035232891518468,0.03670661768512261,1276.8024373277003,34908.11932969827,0.0
34,QCOM,long,1,7624,999971.756156641,131.1610383206507,131.34128902657432,136.94407748611792,2025-04-25,144.6246795654297,102646.80085019497,101272.56946823336,58556.91025267292,0.10264970007224467,0.10127542987561089,0.05855856417158671,1374.2313819616102,44089.89059752205,0.0
34,MU,short,-1,14795,999961.5141391628,67.5878008880813,67.48125898973144,71.98767769253008,2025-04-25,79.57725524902344,-177383.97727013886,-178960.26465622504,-112287.79994831915,-0.17739080430794724,-0.17896715236114524,-0.11229212160728444,1576.2873860861873,-65096.177321819705,0.0
34,MRVL,short,-1,19939,999980.8445426158,50.15200584495791,50.03786910610626,53.19666498536024,2025-04-25,58.74664688110352,-171368.54761970733,-173644.32005567048,-110661.08901922524,-0.1713718303255,-0.1736476463557601,-0.11066320882360586,2275.772435963154,-60707.45860048209,0.0
34,MCHP,short,-1,27694,999993.1142050873,36.108655817328206,35.97461569650298,40.44167169411661,2025-04-25,45.03018569946289,-247072.84855583796,-250784.95566197176,-127074.30686405997,-0.24707454986051644,-0.2507866825276345,-0.12707518187770087,3712.1071061338007,-119998.541691778,0.0
34,INTC,short,-1,52826,999996.1961212158,18.93000030517578,18.90529740182089,19.88438868062381,2025-04-25,20.049999237060547,-59165.06357574463,-60470.019148370186,-8748.543254327007,-0.05916528863333082,-0.060470249169868075,-0.008748576532851672,1304.9555726255567,-50416.52032141762,0.0
34,ON,short,-1,29673,999980.1226387024,33.70000076293945,33.57654473578236,36.68579915052309,2025-04-25,39.630001068115234,-175960.89905548096,-179624.20974931328,-87363.30350071174,-0.17596439676337094,-0.1796277802756009,-0.08736504008717834,3663.310693832318,-88597.59555476921,0.0
35,AVGO,long,1,5299,999921.216098087,188.6999841664629,188.83816131074948,192.2372183889087,2025-05-02,201.68405151367188,68802.5728728603,68070.37218528574,50058.768728120056,0.06880799383509743,0.06807573545735067,0.05006271286397983,732.2006875745574,18743.804144740243,0.0
35,AMAT,long,1,6706,999918.2594604492,149.10800170898438,149.31775331606897,148.45773013930005,2025-05-02,153.36996459960938,28580.72314453125,27174.128867421932,32941.444290834304,0.02858305953924,0.02717635027695659,0.03294413716238099,1406.5942771093178,-4360.721146303054,0.0
35,STM,long,1,43582,999984.9653530224,22.944907653458365,23.05360356020321,22.548674337680147,2025-05-02,23.1323356628418,8168.487504948867,3431.302497195014,25437.127873195175,0.008168610317121282,0.003431354086392358,0.025437510317182783,4737.185007753853,-17268.640368246306,0.0
35,NVDA,long,1,9129,999958.6230814263,109.53649064316204,109.5701623172724,109.67939007321392,2025-05-02,114.33976745605467,43849.11402489685,43541.72531194332,42544.58512795321,0.043850928441192344,0.043543527008914784,0.042546345564629245,307.38871295352874,1304.5288969436442,0.0
35,KLAC,long,1,14686,999948.4963269092,68.08855347452739,68.20704862397241,68.00837801735274,2025-05-02,69.12419891357422,15209.488917841767,13469.269153092137,16386.945681908634,0.015210272302734069,0.013469962905658175,0.016387789713272708,1740.2197647496305,-1177.4567640668665,0.0
35,INTC,short,-1,49701,999984.1617107391,20.1200008392334,20.09396901090251,20.112355684970268,2025-05-02,20.6200008392334,-24850.5,-26144.307899873555,-25230.471812031843,-0.02485089359564116,-0.02614472198754304,-0.02523087142587179,1293.8078998735546,379.971812031843,0.0
35,MU,short,-1,12727,999957.9632483438,78.56980932256964,78.44979069974589,77.61107430929033,2025-05-02,80.51486206054688,-24754.686196236275,-26282.16320891414,-36956.50671024204,-0.024755726846577793,-0.0262832680721268,-0.03695806030704486,1527.477012677864,12201.820514005769,0.0
35,TXN,short,-1,6379,999886.6556382289,156.74661477319782,156.54373177298388,154.57023125115063,2025-05-02,159.20648193359375,-15691.49261616564,-16985.68327453039,-29574.643103304657,-0.01569327135999204,-0.016987608724199254,-0.029577995602338675,1294.1906583647506,13883.150487139017,0.0
35,ON,short,-1,25361,999984.237739563,39.43000030517578,39.29241363384788,39.35848467082828,2025-05-02,41.90999984741211,-62895.26839065552,-66384.60396220245,-64708.97639334243,-0.06289625977788266,-0.06638565035011255,-0.06470999636915808,3489.335571546937,1813.7080026869153,0.0
35,AMD,short,-1,10462,999957.979156494,95.58000183105467,95.47591270692112,96.31706803901685,2025-05-02,98.8000030517578,-33687.652770996094,-34776.63318768131,-25976.466103295847,-0.03368906841406778,-0.03477809459255162,-0.025977557702182717,1088.980416685219,-7711.186667700247,0.0
36,AVGO,long,1,5042,999962.8550066876,198.3266273317508,198.4629062933157,200.77713393345255,2025-05-09,206.20025634765625,39698.83749819521,39011.71897398499,27343.383212415072,0.03970031216602512,0.039013168117853825,0.027344398919930086,687.1185242102147,12355.454285780135,0.0
36,MPWR,long,1,1590,999973.3701960103,628.9140693056669,630.6030991042205,629.58813318423,2025-05-09,631.9960327148438,4900.321820591215,2214.7644408909377,3828.5602536759484,0.004900452318675922,0.002214823421204516,0.0038286622102001486,2685.5573797002776,1071.761566915267,0.0
36,STM,long,1,43489,999996.0992360394,22.994230707444167,23.09909595397785,22.896812339368275,2025-05-09,23.605833053588867,26597.97443148686,22037.48972498346,30834.601840739353,0.02659807818431166,0.022037575688364484,0.03083472211971213,4560.484706503397,-4236.6274092524945,0.0
36,ON,long,1,24679,999993.0912971497,40.52000045776367,40.64426151857371,39.488082235555154,2025-05-09,40.97999954223633,11352.317405700684,8285.678685969831,36819.02721158469,0.011352395836030154,0.008285735929657265,0.03681928158506032,3066.6387197308522,-25466.709805884006,0.0
36,MCHP,long,1,22047,999979.1529232323,45.35669945676202,45.50699469806475,47.4282224246691,2025-05-09,53.13542938232422,171497.65866886973,168184.0994838685,125826.79179542237,0.17150123396826003,0.16818760570379596,0.1258294149708959,3313.5591850012424,45670.86687344736,0.0
36,INTC,short,-1,49043,999986.7400665284,20.38999938964844,20.36207197550094,20.485444281169272,2025-05-09,21.420000076293945,-50514.323675155465,-51883.96784719141,-45833.41986029935,-0.0505149935006086,-0.05188465583427596,-0.045834027616456274,1369.6441720359435,-4680.903814856116,0.0
36,QCOM,short,-1,7427,999944.9927866765,134.6364605879462,134.45502565578866,137.72705012317158,2025-05-09,141.33419799804688,-49744.09574481769,-51091.61298595176,-26790.28726669882,-0.049746832179427554,-0.051094423547807494,-0.026791761006811833,1347.5172411340682,-22953.808478118874,0.0
36,TXN,short,-1,6361,999908.0153894608,157.19352545031612,156.99298209964897,159.0208562434979,2025-05-09,166.71630859375,-60574.423575382934,-61850.07982897665,-48950.77239995368,-0.06057999600272171,-0.06185576960785363,-0.04895527553190732,1275.6562535937192,-11623.651175429251,0.0
36,AMD,short,-1,10101,999999.0,99.0,98.89644626157504,100.48697141324884,2025-05-09,102.83999633789062,-38787.8030090332,-39833.79932086376,-23767.904763806688,-0.038787841796875,-0.03983383915470292,-0.02376792853173522,1045.9963118305604,-15019.898245226515,0.0
36,MU,short,-1,12624,999924.3387064686,79.20820173530328,79.0975091301109,81.59296007640883,2025-05-09,85.64179229736328,-81217.6472554455,-82615.03070339415,-51112.457957329,-0.08122379275267069,-0.0826212819364587,-0.051116325484635745,1397.383447948654,-30105.189298116493,0.0
37,MCHP,long,1,17357,999947.0811783853,57.61059406454948,57.701311403086414,58.41613274308503,2025-05-16,58.78221130371094,20335.760420125396,18761.179575139846,6354.02557678389,0.02033683662155478,0.018762172447196683,0.006354361842124689,1574.5808449855504,13981.734843341506,0.0
37,MPWR,long,1,1454,999911.562617442,687.6970857066314,688.651538057423,708.9863776109853,2025-05-16,708.9231567382812,30862.707280018945,29474.933561967962,-91.92314891168962,0.03086543693847329,0.029477540478492128,-9.193127907338609e-05,1387.773718050983,30954.630428930635,0.0
37,SWKS,long,1,14517,999952.9892792018,68.88151748151834,68.96175560396361,68.81095604817153,2025-05-16,69.65099334716797,11170.481141635602,10005.664318097677,12194.82146953125,0.011171006298693744,0.010006134713702972,0.012195394783830457,1164.8168235379253,-1024.3403278956484,0.0
37,STM,long,1,40068,999987.902821534,24.957270211179345,25.01363606327999,25.39523419721757,2025-05-16,25.470230102539062,20553.276927001145,18294.80996503255,3004.9359344216095,0.02055352556666803,0.018295031283291026,0.00300497228610764,2258.4669619685956,17548.340992579535,0.0
37,MU,long,1,10802,999985.8698021125,92.57414088151384,92.62987095852606,94.09964888726768,2025-05-16,97.7509536743164,55919.931787853304,55317.93549596737,39441.39430970038,0.055920721958720596,0.055318717160387734,0.039441951632282014,601.996291885931,16478.537478152924,0.0
37,KLAC,short,-1,13557,999988.4715827692,73.76178148430841,73.69798985544668,77.12101704337815,2025-05-16,78.33302307128906,-61972.322194696644,-62837.1453071752,-16431.1657203883,-0.06197303664572016,-0.06283786972835533,-0.016431355147906113,864.8231124785525,-45541.15647430834,0.0
37,INTC,short,-1,45085,999985.3137588501,22.18000030517578,22.164148349135576,21.92299100035395,2025-05-16,21.65999984741211,23444.220638275146,22729.53520020251,11856.95613038286,0.023444564950809668,0.022729869016540193,0.011857130267057307,714.6854380726363,11587.264507892287,0.0
37,QCOM,short,-1,6666,999889.6611750716,149.99844902116286,149.88488914217046,148.42949905352276,2025-05-16,148.46029663085938,10253.323833763001,9496.333680399726,-205.29665052586768,0.010254455298310898,0.009497381610326506,-0.0002053193052167404,756.9901533632747,10458.62048428887,0.0
37,NVDA,short,-1,8210,999972.3208986907,121.79930827024248,121.77790453468928,129.93967607272594,2025-05-16,135.21051025390625,-110105.96828587957,-110281.6929547713,-43273.54862749031,-0.11010901600448862,-0.11028474553741589,-0.04327474643358098,175.7246688917221,-66832.41965838926,0.0
37,ASML,short,-1,1381,999573.8716212391,723.8043965396373,723.2782524013674,744.3979566922793,2025-05-16,741.3242797851562,-24194.95876206166,-24921.563817012466,4244.747808736944,-0.024205273315937244,-0.02493218812991923,0.004246557387351731,726.6050549508072,-28439.706570798604,0.0
38,MCHP,long,1,17462,999959.2639274485,57.26487595507093,57.366169410589485,56.8165211866404,2025-05-23,54.37891006469727,-50394.73637770476,-52163.52269796981,-42565.5654113709,-0.050396789344971875,-0.05216564772158009,-0.04256729943596905,1768.786320265055,-7829.170966333855,0.0
38,MU,long,1,10474,999918.8577042986,95.46676128549728,95.53108276193215,95.47757312586144,2025-05-23,93.1327133178711,-24446.81841291672,-25120.521557095548,-24560.061628890886,-0.024448802244858018,-0.025122560059292656,-0.02456205465039236,673.7031441788276,113.24321597416565,0.0
38,MPWR,long,1,1456,999555.5944576254,686.5079632263911,687.5636892043973,676.1495065905432,2025-05-23,656.1849365234375,-44150.32687950044,-45687.46390347746,-29068.414017705873,-0.044169956252865655,-0.04570777669276935,-0.029081337925459614,1537.1370239770185,-15081.912861794568,0.0
38,AMD,long,1,8694,999983.8508148193,115.0199966430664,115.05805731058976,112.6586676306151,2025-05-23,110.30999755859376,-40948.73204040515,-41279.63148385318,-20419.337606153487,-0.04094939333974123,-0.04128029812703195,-0.020419667367143127,330.8994434480337,-20529.394434251662,0.0
38,AVGO,long,1,4551,999941.8867850043,219.7191577202822,219.8046278808227,224.2664402530332,2025-05-23,226.52316284179688,30965.027308013297,30576.052607393503,10270.34450146344,0.030966826889882084,0.030577829583378183,0.010270941378888,388.974700619794,20694.682806549856,0.0
38,QCOM,short,-1,6823,999992.2424420262,146.56195844086562,146.44821187901852,146.3612147625061,2025-05-23,141.52891540527344,34340.45263184549,33564.35984036267,32970.77851439852,0.03434071903196424,0.03356462021984989,0.03297103428910847,776.0927914828208,1369.6741174469716,0.0
38,INTC,short,-1,47214,999992.5344085693,21.18000030517578,21.164038382952672,20.91094994499364,2025-05-23,20.049999237060547,53351.870429992676,52598.24423415079,40648.92672435303,0.05335226873623296,0.052598636914083806,0.040649230194897634,753.6261958418836,12702.94370563965,0.0
38,ASML,short,-1,1364,999853.0350733075,733.0300843645949,732.5286229828047,732.1401790184757,2025-05-23,725.855712890625,9785.842690494981,9101.84936573308,8572.011798388343,0.00978728107754106,0.009103187214974797,0.008573271768645337,683.993324761901,1213.8308921066382,0.0
38,AMAT,short,-1,6221,999882.1766400756,160.72692117667185,160.59525073879502,160.0081987206028,2025-05-23,156.1959228515625,28187.340580505275,27368.218786473484,23716.168181299654,0.028190662099032277,0.027371443781945854,0.023718962829194112,819.1217940317911,4471.172399205621,0.0
38,MRVL,short,-1,16414,999944.67346782,60.92023111172292,60.8479238252218,60.30193820779054,2025-05-23,60.51144027709961,6709.892759507022,5523.040958877607,-3438.766965639033,0.006710264015144992,0.005523346546488053,-0.0034389572312169513,1186.8518006294144,10148.659725146055,0.0
39,MCHP,long,1,17995,999968.9725501515,55.56926771604065,55.66243971252991,56.55537560104446,2025-05-30,56.16928482055664,10797.30779576527,9120.677718941022,-6947.703594878312,0.010797642819086321,0.009120960719092304,-0.006947919171091945,1676.6300768242472,17745.01139064358,0.0
39,AVGO,long,1,4335,999795.2881447063,230.63328446244665,230.7066556224276,237.02686306214545,2025-05-30,239.74496459960935,39499.13339460028,39181.06941608285,11782.970164905983,0.039507220991106866,0.039189091887790475,0.011785382772478684,318.06397851742804,27716.163229694295,0.0
39,NVDA,long,1,7464,999894.2119007043,133.96224703921547,133.98048318126138,137.60403863125282,2025-05-30,134.94090270996094,7304.685926444172,7168.571362213519,-19877.64651652261,0.007305458757040562,0.007169329791985437,-0.019879749557442768,136.11456423065283,27182.332442966785,0.0
39,MU,long,1,10533,999983.0945737639,94.93810828574613,94.99722662885743,96.41194188834386,2025-05-30,94.2199478149414,-7564.384238986104,-8187.077746977512,-23088.273575148058,-0.007564512120287766,-0.008187216155356305,-0.02308866389885249,622.6935079914083,15523.889336161954,0.0
39,TSM,long,1,5228,999998.4926155265,191.27744694252613,191.3611449631227,193.54198835622316,2025-05-30,190.5087890625,-4018.543396776586,-4456.116648455537,-15857.565907584667,-0.004018549454275639,-0.00445612336554671,-0.015857589811069335,437.5732516789508,11839.022510808081,0.0
39,QCOM,short,-1,6961,999888.0117869652,143.6414325221901,143.53471552960255,144.56851628142766,2025-05-30,141.35366821289062,15925.127357033552,15182.270371631714,22378.557405086318,0.01592691098333374,0.015183970797388086,0.022381063820429387,742.8569854018388,-6453.430048052765,0.0
39,NXPI,short,-1,5235,999879.0820717659,190.99886954570505,190.7595630610272,192.7875176577556,2025-05-30,186.92071533203125,21349.137308582332,20096.367861293766,30712.7101751669,0.02135171911422186,0.020098798166328032,0.03071642434156104,1252.7694472885669,-9363.572866584567,0.0
39,INTC,short,-1,48923,999986.1461277008,20.440000534057617,20.42748788886191,20.446240194754395,2025-05-30,19.549999237060547,43541.53345298767,42929.377312078155,43846.79637325615,0.04354213668018887,0.04292997205842886,0.04384740382958945,612.1561409095157,-305.2629202684766,0.0
39,MRVL,short,-1,15935,999998.0675275857,62.75482067948451,62.69257322687584,63.75514350575592,2025-05-30,60.01290893554688,43692.3636396461,42700.450482326894,59632.50787628098,0.04369244807409672,0.04270053299992899,0.05963262311468014,991.9131573192062,-15940.144236634878,0.0
39,ON,short,-1,23607,999992.5344085693,42.36000061035156,42.28740578643102,43.03309389927355,2025-05-30,42.02000045776367,8026.383602142334,6312.637593850161,23916.096873723753,0.008026443524290328,0.006312684721775124,0.0239162754228646,1713.7460082921734,-15889.713271581419,0.0
40,MCHP,long,1,17911,999981.2650705973,55.83056585732775,55.92560213773656,60.65748239826138,2025-06-06,63.14689636230469,131042.79567464195,129340.6008562397,44587.893509979694,0.1310452507981642,0.12934302408866474,0.04458872887666736,1702.1948184022476,86454.90216466226,0.0
40,AVGO,long,1,4150,999791.5152390947,240.91361812990235,240.9876586844984,250.69948926245587,2025-06-06,244.5582427978516,15125.192371989366,14817.924070415747,-25486.17282810776,0.01512834640167181,0.014821014025981327,-0.025491487414766548,307.2683015736184,40611.36520009713,0.0
40,MU,long,1,10599,999905.8341939048,94.33963904084392,94.39942435055052,101.7097550373106,2025-06-06,108.28411865234376,147797.53940228684,147163.8749047066,69681.6799557365,0.14781145818739716,0.14717773401466938,0.06968824220523911,633.6644975802337,78115.85944655034,0.0
40,NVDA,long,1,7390,999869.8803980962,135.30038976970178,135.31921629290244,140.04046431936962,2025-06-06,141.52166748046875,45975.2422825679,45836.11427611504,10946.09136052258,0.04598122534130436,0.04584207922921479,0.010947515846926418,139.12800645286188,35029.15092204532,0.0
40,TXN,long,1,5682,999960.8305287944,175.98747457388146,176.11950494978194,182.1164189574976,2025-06-06,186.2167205810547,58122.575812758296,57372.37921689174,23297.913825051448,0.05812485253249589,0.05737462655067435,0.023298826427762334,750.1965958665533,34824.661987706844,0.0
40,INTC,short,-1,51334,999986.2965011597,19.479999542236328,19.46717000884784,19.996108756600396,2025-06-06,20.059999465942383,-29773.71608352661,-30432.30735049121,-3279.7656733615454,-0.029774124093201595,-0.030432724385294534,-0.003279810618242549,658.5912669645986,-26493.950410165067,0.0
40,MRVL,short,-1,16785,999952.9808987587,59.57420201958646,59.51323341110632,63.59513382734124,2025-06-06,68.1489028930664,-143926.3541613609,-144949.71225470005,-76435.01376819686,-0.14393312176738526,-0.14495652798036474,-0.07643860784283776,1023.3580933391349,-67491.34039316405,0.0
40,NXPI,short,-1,5371,999906.530089293,186.16766525587283,185.94262492492115,196.7329468503875,2025-06-06,203.10623168945312,-90977.04031475974,-92185.73193230125,-34230.91287062151,-0.09098554472550086,-0.0921943493299008,-0.03423411273008153,1208.69161754151,-56746.12744413823,0.0
40,AMAT,short,-1,6472,999861.112147922,154.49028308836867,154.36777239844668,159.37815202810438,2025-06-06,165.3489532470703,-70277.31326711703,-71070.20245229219,-38643.025489147505,-0.07028707528803263,-0.07108007461118047,-0.03864839328147664,792.8891851751541,-31634.287777969526,0.0
40,ON,short,-1,23912,999999.8327026367,41.81999969482422,41.74318612078362,46.66763418912133,2025-06-06,50.16999816894531,-199665.1635131836,-201501.9296956424,-83748.52748555108,-0.19966519691664458,-0.2015019634063896,-0.08374854149646126,1836.766182458814,-115916.63602763251,0.0
41,MCHP,long,1,15649,999998.4441432647,63.90174734125277,64.00539349621971,65.84630868277799,2025-06-13,63.61143112182617,-4543.158517806867,-6165.117196884485,-34973.59895133496,-0.004543165586321644,-0.006165126788938523,-0.03497365336532911,1621.9586790776175,30430.440433528096,0.0
41,MU,long,1,9154,999906.9320106187,109.23169456091532,109.29418986056751,112.6518746062186,2025-06-13,115.30622100830078,55606.21509936656,55034.13312635033,24297.8869646603,0.0556113907396894,0.05503925551919855,0.024300148530625714,572.0819730162257,31308.328134706255,0.0
41,ON,long,1,19735,999972.4138641357,50.66999816894531,50.75638638535841,52.057661053039794,2025-06-13,51.02000045776367,6907.295169830322,5202.423718917824,-20478.231847774277,0.006907485720669893,0.005202567237644485,-0.02047879677864455,1704.8714509124984,27385.5270176046,0.0
41,STM,long,1,34968,999989.9303731143,28.59728695873697,28.66261961430739,29.181458243123405,2025-06-13,28.784713745117188,6553.939866143468,4269.387566157056,-13873.361606281416,0.00655400586253711,0.004269430557729787,-0.013873501307263178,2284.5522999864115,20427.301472424886,0.0
41,NVDA,long,1,6993,999926.4024936626,142.98961854621228,143.00852117144396,142.8022884422614,2025-06-13,141.78115844726562,-8450.761471933989,-8582.947530179094,-7140.762055005553,-0.00845138347268268,-0.008583579260208094,-0.0071412876359675985,132.1860582451045,-1309.9994169284364,0.0
41,INTC,short,-1,49455,999980.0660419462,20.21999931335449,20.208728301840083,20.66084825372394,2025-06-13,20.13999938964844,3956.396226882583,3398.9883524376282,25758.580572853854,0.003956475095091169,0.0033990561090795294,0.025759094053554223,557.4078744449548,-21802.184345971273,0.0
41,QCOM,short,-1,6726,999997.0068951725,148.67633168230338,148.606162889216,153.4016804784357,2025-06-13,151.52627563476562,-19168.723024261028,-19640.678326566816,12613.972978524976,-0.019168780398430174,-0.019640737113351885,0.012614010733581397,471.9553023057888,-31782.696002786004,0.0
41,ASML,short,-1,1332,999270.7140555383,750.2032387804342,749.7610575737143,768.4816841618028,2025-06-13,754.1075439453125,-5200.534479617945,-5789.5198469687875,19146.354768365123,-0.0052043299242820655,-0.005793745143868004,0.019160328126358952,588.9853673508424,-24346.88924798307,0.0
41,AMAT,short,-1,6009,999957.6722496606,166.40999704604104,166.2912382011795,169.75322782083657,2025-06-13,169.16680908203125,-16565.68352426516,-17279.305423038106,3523.790201481174,-0.01656638474206255,-0.01728003684812367,0.003523939361906696,713.6218987729444,-20089.473725746335,0.0
41,MPWR,short,-1,1455,999964.8024722269,687.2610326269601,686.1725522143806,704.2936566064471,2025-06-13,666.9169311523438,29600.66764556673,28016.92864526366,54383.13553572044,0.029601709552560838,0.02801791480659821,0.05438504975501963,1583.7390003030705,-24782.467890153708,0.0
42,MU,long,1,8509,999897.6846513152,117.51059873678636,117.56184623757294,119.88076472879251,2025-06-20,123.285888671875,49141.94205766921,48705.87707347626,28974.199631688876,0.04914697054709753,0.04871086094219829,0.028977164440372488,436.06498419294803,20167.74242598033,0.0
42,ON,long,1,19087,999967.9183502197,52.38999938964844,52.47470579028779,53.15543652176893,2025-06-20,52.81999969482422,8207.415824890137,6590.624755886764,-6402.48271589364,0.00820767914077784,0.006590836200785517,-0.0064026881246917085,1616.7910690033723,14609.898540783775,0.0
42,STM,long,1,34213,999998.6032028943,29.22861494761916,29.290246000040817,28.839747142801137,2025-06-20,28.28162384033203,-32399.40675361455,-34507.98995011669,-19095.07254737552,-0.03239945200907534,-0.0345080381508445,-0.01909509921935484,2108.583196502139,-13304.33420623903,0.0
42,TSM,long,1,4746,999840.4033346339,210.6701229107952,210.73554661598257,211.8874037726783,2025-06-20,207.21827697753903,-16382.460799233697,-16692.961704053025,-22159.67576973101,-0.016385075802693577,-0.016695626270331967,-0.022163212944610766,310.50090481932784,5777.214970497313,0.0
42,MCHP,long,1,15480,999985.594372217,64.59855260802435,64.6669127181446,65.79950633803999,2025-06-20,66.74700164794922,33257.99113803699,32199.776633375473,14667.227397394863,0.033258470247180004,0.03220024049805461,0.014667438691057176,1058.214504661515,18590.763740642127,0.0
42,INTC,short,-1,48995,999987.9425239563,20.40999984741211,20.39548548038585,20.880072841093675,2025-06-20,21.07999992370605,-32826.653738021676,-33537.78515047321,-9795.427412593373,-0.0328270495493852,-0.033538189536390095,-0.009795545522148843,711.1314124515338,-23031.226325428303,0.0
42,MPWR,short,-1,1474,999760.0757208394,678.2632806789956,677.4162570747602,689.0898934733054,2025-06-20,679.6903076171875,-2103.4377068949243,-3351.9504995378247,13854.989551917839,-0.00210394249378114,-0.003352754906842051,0.01385831449803416,1248.5127926429004,-15958.427258812764,0.0
42,AMAT,short,-1,5828,999948.1540094055,171.5765535362741,171.47399253754034,173.24775865044097,2025-06-20,168.04624938964844,20574.61256653439,19976.88706591401,30314.395971898888,0.020575679333011566,0.019977922841113726,0.03031596773327685,597.7255006203814,-9739.783405364498,0.0
42,ADI,short,-1,4455,999810.9250024677,224.42445005667065,224.29392622041104,226.07534537723024,2025-06-20,224.6408843994141,-964.2149969220266,-1545.6986874586019,6390.523656170922,-0.0009643973403467728,-0.0015459909957022992,0.006391732172915743,581.4836905365753,-7354.738653092948,0.0
42,SWKS,short,-1,14430,999935.2233605584,69.29558027446697,69.21692612699019,68.82706256719193,2025-06-20,69.21881103515625,1107.7801232537056,-27.199224836273288,-5652.93039272513,0.001107851886175891,-2.7200986824789294e-05,-0.005653296594280275,1134.9793480899789,6760.710515978836,0.0
43,MU,long,1,8106,999921.3697451111,123.3557080859994,123.40221891376724,125.712949556362,2025-06-27,124.44293212890624,8813.038091802844,8436.021321916678,-10294.761266956468,0.008813731117727153,0.008436684700585102,-0.01029557081031351,377.016769886166,19107.799358759312,0.0
43,MRVL,long,1,13740,999931.9545658602,72.7752514240073,72.8325793908248,75.72928039363498,2025-06-27,76.93297576904297,57127.13250079017,56339.44623671758,16538.774458105767,0.05713102000584932,0.056343280139675544,0.01653989992277664,787.6862640725885,40588.3580426844,0.0
43,ON,long,1,18993,999981.4789810181,52.650001525878906,52.73719441300757,53.7998157831493,2025-06-27,52.93000030517578,5318.016815185547,3661.9623099508017,-16520.40537315102,0.00531811531210019,0.0036620301344804347,-0.016520711353559595,1656.0545052347452,21838.422188336568,0.0
43,MCHP,long,1,14960,999982.7199380009,66.84376470173802,66.91200272805987,68.1368368068108,2025-06-27,68.21800231933594,20558.594759264783,19537.7538854899,1214.2360673759754,0.020558950019195752,0.019538091504922448,0.001214257049813079,1020.8408737748832,19344.358691888807,0.0
43,AMD,long,1,7664,999922.0893554688,130.47000122070312,130.5177046812776,139.02072612753858,2025-06-27,143.80999755859375,102237.73193359375,101872.13261175103,36704.97624760682,0.10224569796182251,0.1018800701536816,0.03670783617878286,365.5993218427175,65532.75568598693,0.0
43,QCOM,short,-1,6751,999879.265342342,148.10831955893082,148.03289929927735,152.1987056507217,2025-06-27,155.26742553710938,-48331.12445868345,-48840.28663160402,-20716.927953003153,-0.048336960405050186,-0.04884618405891428,-0.020719429506231457,509.16217292057263,-27614.1965056803,0.0
43,MPWR,short,-1,1471,999824.4227360147,679.6902941781201,678.7973403771814,707.7460505282509,2025-06-27,729.3663940429688,-73073.54290119237,-74387.07794237319,-31803.525310150013,-0.07308637520698581,-0.07440014091555526,-0.03180911026670045,1313.5350411808176,-41270.01759104236,0.0
43,NXPI,short,-1,4879,999973.5081854316,204.95460303042253,204.72470807294164,211.36908507195693,2025-06-27,213.2496795654297,-40471.67841429991,-41593.33591184919,-9175.420533653578,-0.04047275061090417,-0.0415944378239831,-0.009175663613632572,1121.657497549284,-31296.25788064633,0.0
43,INTC,short,-1,47460,999982.1855163574,21.06999969482422,21.05528588899576,22.013122793421875,2025-06-27,22.690000534057617,-76885.23983001709,-77583.55705463582,-32124.617570572325,-0.07688660952526481,-0.07758493919026593,-0.03212518986424168,698.3172246187314,-44760.62225944476,0.0
43,SWKS,short,-1,14408,999931.5674086584,69.40113599449323,69.32878883111933,70.71357470032807,2025-06-27,71.78105163574219,-34289.82455911497,-35332.202489006195,-15380.207685446649,-0.0342921712612571,-0.03533462052865304,-0.015381260264944678,1042.3779298912268,-18909.616873668318,0.0
44,MU,long,1,8026,999899.8148213609,124.5825834564367,124.62782581737652,122.23082309257477,2025-07-03,121.97921752929688,-20894.61493122419,-21257.730120127217,-2019.3862508683574,-0.020896708471695398,-0.021259860043003467,-0.002019588583711394,363.11518890302614,-18875.228680355835,0.0
44,AMD,long,1,6944,999936.0,144.0,144.04945889848918,139.376432239128,2025-07-03,137.91000366210938,-42288.9345703125,-42632.37716142135,-10182.880038817384,-0.04229164123535156,-0.042635105808193074,-0.010183531784851615,343.4425911088474,-32106.054531495116,0.0
44,ON,long,1,18772,999984.4485931396,53.27000045776367,53.3519593391121,54.08657570714307,2025-07-03,56.59999847412109,62510.72276306139,60972.19064238871,47181.97218171134,0.06251169490786243,0.060973138860478684,0.04718270593916817,1538.5321206726803,15328.750581350054,0.0
44,MCHP,long,1,14629,999943.0904262172,68.35348215368222,68.41577349306397,69.08900741860397,2025-07-03,70.70516967773438,34402.836789358946,33491.57678554341,23642.837688818698,0.03440479475156434,0.03349348288537892,0.023644183269210993,911.260003815536,10759.999100540248,0.0
44,MRVL,long,1,12792,999942.1616043296,78.16933721109518,78.23740259517042,76.34554153540549,2025-07-03,74.95880889892578,-41069.078169270986,-41939.77056236145,-17739.083885848406,-0.04107145367625947,-0.04194219643171396,-0.017740109945346662,870.6923930904668,-23329.99428342258,0.0
44,ASML,short,-1,1266,999210.8697988606,789.2660898885155,788.8415632979061,779.5978683731844,2025-07-03,787.3041381835938,2483.8308584308934,1946.3801947194065,-9756.137579978258,0.0024857924723445854,0.001947917355133666,-0.00976384252299232,537.4506637114869,12239.968438409152,0.0
44,QCOM,short,-1,6446,999906.9230842369,155.12052793736223,155.05134787395667,156.49833541476983,2025-07-03,158.86166381835938,-24115.36188890762,-24561.29657761982,-15234.01488953823,-0.02411760668135311,-0.024563582880154398,-0.01523543295664815,445.934688712201,-8881.34699936939,0.0
44,SWKS,short,-1,13927,999962.1445278303,71.80025450763483,71.73596522428912,73.14696440938542,2025-07-03,75.58122253417969,-52657.54170569019,-53552.898554845975,-33901.91290400978,-0.05265953515725781,-0.053554925901853005,-0.03390319632551475,895.3568491557817,-18755.62880168041,0.0
44,MPWR,short,-1,1365,999665.1757897191,732.3554401389883,731.4152461795709,739.2987155003989,2025-07-03,753.3684692382812,-28682.78472053482,-29966.149475139646,-19205.21385220943,-0.028692391627902703,-0.029976186228020677,-0.01921164637653565,1283.3647546048269,-9477.57086832539,0.0
44,ADI,short,-1,4279,999923.5428654338,233.68159449998453,233.55712689512163,236.1346443582105,2025-07-03,241.6893615722656,-34265.2353022907,-34797.83218349905,-23768.634958941784,-0.034267855324316525,-0.03480049292946993,-0.02377045237961807,532.596881208352,-10496.600343348913,0.0
45,MU,long,1,8265,999947.7360948506,120.9858119896976,121.02579367924882,122.79308614750082,2025-07-11,124.3304443359375,27643.386341672816,27312.937677531932,12706.265427429196,0.02764483116850688,0.027314365232925682,0.012706929541189477,330.4486641408839,14937.12091424362,0.0
45,KLAC,long,1,10988,999973.2976693092,91.00594263462952,91.05320614185388,91.23931463650896,2025-07-11,91.76219940185548,8309.749358278885,7790.4179408976415,5745.457801627541,0.008309971253879337,0.007790625968768548,0.005745611222838434,519.3314173812432,2564.291556651344,0.0
45,AMAT,long,1,5334,999926.9249059128,187.46286556166345,187.55924405441908,192.78876598503933,2025-07-11,196.2787170410156,47023.75179086436,46509.66891050581,18615.398932577387,0.04702718830707455,0.046513067857315765,0.01861675935401878,514.0828803585464,28408.35285828697,0.0
45,LRCX,long,1,10223,999999.840116586,97.81862859401213,97.87292712185456,99.12413551102476,2025-07-11,101.17007446289062,34261.831117544905,33706.7372674117,20915.633904924725,0.03426183659544431,0.03370674265656079,0.020915637248988216,555.0938501332057,13346.19721262018,0.0
45,TSM,long,1,4364,999776.3457564244,229.09632120907983,229.17553351522085,228.6351604328981,2025-07-11,227.87977600097656,-5309.003288162669,-5654.685792162066,-3296.4976609055448,-0.005310190934899457,-0.005655950769553131,-0.003297235101528068,345.68250399939643,-2012.5056272571246,0.0
45,AVGO,short,-1,3661,999924.4305459481,273.1287709767681,273.0520579573316,273.6344321524647,2025-07-11,272.3842468261719,2725.702915332866,2444.8565511757997,4576.92847955797,0.0027259089107810486,0.0024450413216136084,0.0045772743816840395,280.8463641570661,-1851.2255642251039,0.0
45,ASML,short,-1,1284,999396.2821598483,778.346014143184,777.9263380821571,786.030433078345,2025-07-11,794.6668090820312,-20955.900701479877,-21494.76476383835,-11089.10678873311,-0.020968559795110475,-0.021507749375838055,-0.011095805524479092,538.8640623584724,-9866.793912746767,0.0
45,MPWR,short,-1,1345,999376.311360821,743.0307147664097,742.109588694685,746.1521147478412,2025-07-11,730.9453125,16254.86604832103,15015.951481851385,20453.14902334643,0.01626501035049276,0.015025322604860036,0.02046591338101259,1238.9145664696443,-4198.282975025399,0.0
45,QCOM,short,-1,6337,999879.5611810067,157.78437133990954,157.71965226087505,156.27099602100836,2025-07-11,154.20973205566406,22652.489144263596,22242.364340422035,13062.2297483868,0.022655217711928858,0.022245043507190494,0.013063803137408231,410.1248038415615,9590.259395876796,0.0
45,SWKS,short,-1,13328,999928.3095109742,75.02463306654968,74.95301081676115,74.11970277144704,2025-07-11,72.37602996826172,35300.58209398198,34346.00074880042,23239.671120853935,0.03530311299141647,0.03434846320692501,0.02324133730369085,954.5813451815629,12060.910973128048,0.0
46,AMD,long,1,6892,999960.2547607422,145.08999633789062,145.13943072922035,155.1336320635611,2025-07-18,156.99000549316406,82014.86309814453,81674.16127310006,12794.125676823654,0.08201812292806378,0.08167740756120555,0.012794634202621254,340.7018250444671,69220.73742132088,0.0
46,NVDA,long,1,6055,999983.367522801,165.1500194092157,165.16598206890305,170.43637442853918,2025-07-18,172.18067932128906,42570.6457676042,42473.99186319732,10561.766125600529,0.04257135383467618,0.042474698322648705,0.010561941796856641,96.6539044068777,32008.879642003667,0.0
46,ON,long,1,16911,999947.4480628967,59.130001068115234,59.20127812902371,59.53407780039371,2025-07-18,60.720001220703125,26888.49258041382,25683.126203390537,20055.150960852512,0.02688990569704672,0.025684475972356367,0.020056204953273746,1205.3663770232815,6833.341619561306,0.0
46,AMAT,long,1,5155,999957.0186340745,193.97808314919,194.07352970060043,193.4891147741011,2025-07-18,188.8512115478516,-26429.023104899567,-26921.050077420274,-23908.391131316203,-0.02643015910923971,-0.02692220723066078,-0.023909418790794317,492.0269725207072,-2520.631973583364,0.0
46,INTC,long,1,43029,999993.9501514435,23.239999771118164,23.255376747760405,23.1428456986055,2025-07-18,23.100000381469727,-6024.033737182617,-6685.689665121592,-1843.591151035119,-0.006024070181894912,-0.006685730112776264,-0.0018436023045498601,661.6559279389749,-4180.442586147498,0.0
46,QCOM,short,-1,6527,999878.8694729743,153.19118576267417,153.13512639925125,151.39376121120284,2025-07-18,151.6046142578125,10355.552212232096,9989.652747170712,-1376.2378352212297,0.010356806737690535,0.009990862945664761,-0.0013764045598309625,365.89946506138403,11731.790047453325,0.0
46,ASML,short,-1,1265,999850.6923992881,790.3958042682119,789.9832315763134,767.5755605765664,2025-07-18,727.9268188476562,79023.26655700292,78501.3621017513,50155.65828707138,0.07903506709324272,0.07851308470205266,0.05016314802634735,521.9044552516134,28867.608269931538,0.0
46,MPWR,short,-1,1380,999618.8196382666,724.3614635059903,723.4689345402209,718.2752310009042,2025-07-18,720.2005615234375,5742.044735922846,4510.354763161033,-2656.956121095916,0.005744234325240822,0.00451207467741874,-0.0026579692867901307,1231.689972761813,8399.000857018762,0.0
46,SWKS,short,-1,13897,999941.7411344057,71.95378435161587,71.87283992855235,70.63039713378166,2025-07-18,69.83296966552734,29472.961692572193,28348.077045258542,11081.849526330181,0.02947467885392598,0.028349728668290664,0.011082495179927317,1124.884647313651,18391.112166242012,0.0
46,ADI,short,-1,4180,999775.7046677733,239.1807905903764,239.0567495795117,238.18113417674908,2025-07-18,237.9215850830078,5263.479020800712,4744.987595386201,1084.915211838511,0.005264659859432944,0.004746052112721589,0.001085158607848977,518.4914254145106,4178.563808962201,0.0
47,AMD,long,1,6344,999941.2490234375,157.6199951171875,157.66725840582407,158.5752598374084,2025-07-25,166.47000122070312,56144.438720703125,55844.600417592716,50084.23933562176,0.05614773745511039,0.05584788153517185,0.0500871820064779,299.83830311040947,6060.199385081367,0.0
47,NVDA,long,1,5796,999927.234136576,172.52022673163836,172.53706913406873,171.7128114112452,2025-07-25,173.2692413330078,4341.288629537348,4243.670065050921,9021.06782653603,0.004341604550141085,0.0042439788818386115,0.0090217243000943,97.6185644864272,-4679.779196998681,0.0
47,ON,long,1,16321,999987.6774711609,61.27000045776367,61.330094658365,58.679728338552685,2025-07-25,56.91999816894531,-70996.38735580444,-71977.1848038187,-28720.55609816193,-0.07099726222161566,-0.0719780717556837,-0.028720910012403844,980.7974480142584,-42275.83125764251,0.0
47,AVGO,long,1,3547,999880.0062811946,281.89456055291646,281.96235215068225,283.2056199277102,2025-07-25,288.0693054199219,21901.82004326821,21661.36324599295,17251.492440874852,0.021904448439494847,0.02166396278545164,0.01725356276003307,240.4567972752593,4650.327602393358,0.0
47,TSM,long,1,4210,999847.4795248215,237.49346307002887,237.5848969522302,237.01994712789184,2025-07-25,242.91351318359372,22818.41097810804,22433.474334040446,24811.913094504922,0.022821891783887393,0.022436896420143976,0.024815697996555242,384.9366440675949,-1993.5021163968813,0.0
47,MU,short,-1,8817,999918.1351173233,113.4079772164368,113.3616114067424,111.38881153158712,2025-07-25,111.08170318603516,20510.75812605134,20101.95078197575,2707.774282731693,0.020512437374330405,0.02010359656054956,0.002707995972504271,408.80734407559066,17802.983843319646,0.0
47,ASML,short,-1,1380,999643.4139641159,724.3792854812434,723.9189068952398,712.6162927913567,2025-07-25,704.8081665039062,27008.144188725288,26372.82174004036,10775.214276681658,0.02701777835120594,0.026382229274595173,0.010779057938222413,635.3224486849285,16232.92991204363,0.0
47,MRVL,short,-1,13636,999979.1081649117,73.33375683227572,73.27889928433609,73.15959415824827,2025-07-25,74.0522232055664,-9797.00746619173,-10545.04498989657,-12171.889689230133,-0.00979721214793225,-0.010545265299840177,-0.012172143987654994,748.0375237048411,2374.882223038403,0.0
47,QCOM,short,-1,6590,999848.9665408068,151.7221497027021,151.66823601020795,154.65914694564412,2025-07-25,155.1302947998047,-22459.67618990607,-22814.96742344251,-3104.8643589181097,-0.02246306886490083,-0.022818413767407102,-0.0031053333681586508,355.2912335364417,-19354.81183098796,0.0
47,SWKS,short,-1,14288,999967.4996428627,69.98652713065948,69.89659037413678,69.74297731739503,2025-07-25,68.64302825927734,19195.911874307993,17910.8954971116,15716.072142385514,0.01919653576857627,0.01791147762653132,0.015716582936943942,1285.0163771963926,3479.8397319224787,0.0
48,AMD,long,1,5914,999939.1308288574,169.0800018310547,169.12548355464722,174.43698537528942,2025-08-01,171.6999969482422,15494.651123046875,15225.67220972065,-16186.549557557359,0.015495594327029924,0.015226599040183546,-0.01618753487938831,268.97891332622567,31681.200680604234,0.0
48,NVDA,long,1,5754,999979.2777464075,173.78854323017163,173.80568513508345,176.8682456002381,2025-08-01,173.4889373779297,-1723.9320738001165,-1822.566594662753,-19444.53951116267,-0.001723967798298018,-0.0018226043631325646,-0.0194449424541913,98.63452086263646,17720.607437362556,0.0
48,TSM,long,1,4160,999822.4960374294,240.3419461628436,240.42685793570337,239.03854251992695,2025-08-01,232.6371612548828,-32051.905217116928,-32405.138192213508,-26629.74606258361,-0.03205759556736062,-0.03241089125384151,-0.026634473787221825,353.23297509658005,-5422.159154533318,0.0
48,AVGO,long,1,3444,999905.6772547672,290.3326589009196,290.40784439996963,293.17606237778466,2025-08-01,286.5404968261719,-13060.206185431252,-13319.145044159479,-22852.887759754434,-0.013061438176136714,-0.013320401460992884,-0.02285504351020073,258.9388587282265,9792.681574323182,0.0
48,ON,long,1,17403,999976.3640670776,57.459999084472656,57.53769871395668,57.75490525813187,2025-08-01,56.81999969482422,-11137.909378051758,-12490.116029962212,-16270.161518243063,-0.011138172639153135,-0.012490411252484748,-0.016270546087779003,1352.2066519104537,5132.252140191305,0.0
48,STM,short,-1,38020,999974.6124751946,26.30127860271422,26.225832302584383,25.805038906213724,2025-08-01,24.797216415405277,57184.44436148601,54315.97603054961,38317.41110053716,0.057185896169843535,0.05431735501374738,0.038318383909459165,2868.4683309363973,18867.033260948847,0.0
48,MU,short,-1,8965,999964.8825808743,111.54097965207744,111.4947829467904,110.6119427927371,2025-08-01,104.7119369506836,61222.36781799582,60808.214355097465,52893.552374009654,0.06122451786505046,0.0608103498576406,0.052895409924289795,414.15346289835725,8328.815443986168,0.0
48,ASML,short,-1,1372,999490.4675326985,728.4915944115878,728.1032364871974,709.0217430259183,2025-08-01,685.30615234375,59250.42651707348,58717.599444809784,32537.790415934964,0.05928063192372077,0.05874753322035943,0.032554377928442305,532.8270722636953,26712.636101138516,0.0
48,TXN,short,-1,5499,999845.209322468,181.82309680350392,181.6653388545423,181.51141150376884,2025-08-01,176.29449462890625,30401.783358112563,29534.272396772707,28687.825894869387,0.030406489999300925,0.029538844734562683,0.02869226719034771,867.5109613398563,1713.9574632431759,0.0
48,INTC,short,-1,48030,999984.5853424072,20.81999969482422,20.80433749722308,20.31516331337894,2025-08-01,19.309999465942383,72525.31099319458,71773.05564241193,48278.01959237779,0.07252642896326347,0.07177416201654342,0.048278763792990655,752.2553507826524,24247.291400816794,0.0
49,AMD,long,1,5727,999991.4734954834,174.61000061035156,174.65255223012934,171.64070414127235,2025-08-08,172.75999450683594,-10594.984954833984,-10838.678081301345,6410.175923582657,-0.01059507529379133,-0.010838770498126952,0.006410230580442653,243.69312646736034,-17005.160878416642,0.0
49,NVDA,long,1,5716,999882.9076898505,174.9270307365029,174.94362525352594,178.61569573954938,2025-08-08,182.4569854736328,43041.22127743458,42946.3670181309,21956.8121200209,0.04304626166365608,0.04295139629634738,0.02195938339495207,94.85425930368365,21084.409157413684,0.0
49,AVGO,long,1,3447,999887.1657825159,290.0746056810316,290.14370833932907,296.48545115463645,2025-08-08,302.7517395019531,43698.080280716546,43459.88341756513,21599.895933200576,0.04370301147581812,0.04346478773287708,0.021602333415587354,238.19686315141735,22098.18434751597,0.0
49,MPWR,long,1,1272,999691.0688434188,785.9206516064613,786.9373443249078,802.4998910465507,2025-08-08,798.701171875,16256.821781581202,14963.588643717245,-4831.97078621251,0.01626184557234201,0.014968212791006723,-0.004833463993834418,1293.2331378639574,21088.792567793713,0.0
49,ON,long,1,18518,999972.0,54.0,54.0675589571579,49.00340254344596,2025-08-08,47.65999984741211,-117404.12282562256,-118655.17959427254,-24877.131125154807,-0.11740741023310909,-0.11865850203232944,-0.02487782770433053,1251.0567686499853,-92526.99170046776,0.0
49,STM,short,-1,39802,999975.7229660607,25.123755664691743,25.056382010266788,24.810963851865075,2025-08-08,24.90606117248535,8664.676178798776,5983.069985376716,-3785.063555328229,0.008664886536543303,0.005983215240096166,-0.0037851554476754975,2681.6061934220597,12449.739734127004,0.0
49,TXN,short,-1,5645,999914.5441591239,177.1327801876216,176.9803456839696,180.8081901406944,2025-08-08,182.4939422607422,-30263.759902765763,-31124.252675881242,-9516.070717669802,-0.030266346338842395,-0.031126912652375827,-0.009516883990993772,860.4927731154785,-20747.689185095962,0.0
49,MU,short,-1,9447,999965.9136294663,105.85010200375424,105.79570314420116,109.70465959545974,2025-08-08,118.6994857788086,-121388.12852293844,-121902.03454913647,-84974.12295409657,-0.12139226634470898,-0.12190618988869537,-0.08497701951227052,513.9060261980339,-36414.005568841865,0.0
49,INTC,short,-1,51229,999990.1034507751,19.520000457763672,19.50578897519323,19.861531537550487,2025-08-08,19.950000762939453,-22028.485633850098,-22756.52567445126,-4532.189947451343,-0.02202870364200005,-0.022756750887756617,-0.0045322348009361494,728.0400406011613,-17496.295686398757,0.0
49,SWKS,short,-1,15331,999990.8045277685,65.22671740445949,65.14460182444844,65.65419500075362,2025-08-08,68.21119689941406,-45755.05513714851,-47013.96909429791,-39201.39610836329,-0.04575547588035641,-0.04701440141392059,-0.03920175658702741,1258.9139571493943,-6553.659028785223,0.0
50,AMD,long,1,5880,999835.1605224609,170.0399932861328,170.0880257341169,176.65431424942167,2025-08-15,177.50999450683594,43923.607177734375,43641.176383587874,5031.39991359587,0.04393084871588455,0.04364837135831801,0.0050322294236649235,282.4307941465013,38892.2072641385,0.0
50,AVGO,long,1,3302,999948.3341488723,302.83111270408006,302.9085609230551,307.0793855571802,2025-08-15,304.1117248535156,4228.58131743625,3972.8472983805877,-9799.215643500482,0.004228799801977268,0.003973052569523168,-0.009799721954476075,255.73401905566243,14027.796960936732,0.0
50,NVDA,long,1,5500,999943.2264963539,181.80785936297343,181.82655059791696,181.61846873685116,2025-08-15,180.20997619628903,-8788.357416764185,-8891.15920895361,-7746.708973091671,-0.008788856390934541,-0.008891664019873262,-0.007747148805872649,102.8017921894243,-1041.648443672514,0.0
50,MPWR,long,1,1249,999983.9981458962,800.6277006772588,801.7090989913256,826.1374476506719,2025-08-15,820.7271118164062,25104.164512795218,23753.498018525708,-6757.509456997799,0.025104566232401405,0.023753878124617857,-0.006757617591408586,1350.6664942695097,31861.673969793017,0.0
50,MRVL,long,1,12856,999994.6201914995,77.7842735058727,77.84606069605225,77.8917670041877,2025-08-15,76.02802276611328,-22578.359510347145,-23372.69562729536,-23960.295924684713,-0.02257848097825104,-0.023372821368598442,-0.023960424827181876,794.3361169482159,1381.9364143375678,0.0
50,STM,short,-1,40440,999998.3791111842,24.72795200571672,24.664251626965065,25.29248718878545,2025-08-15,25.38102912902832,-26410.438866721128,-28986.48218343805,-3580.6360634216444,-0.026410481675175495,-0.028986529167378986,-0.0035806418672440004,2576.0433167169213,-22829.802803299484,0.0
50,ON,short,-1,20833,999984.0,48.0,47.91179322836193,49.815027194225294,2025-08-15,51.09000015258789,-64373.973178863525,-66211.58485239945,-26561.51164156797,-0.06437500317891438,-0.06621264425470752,-0.02656193663255409,1837.6116735359246,-37812.46153729556,0.0
50,MCHP,short,-1,16687,999955.5537726216,59.92422567103863,59.861026507591234,61.78415832171045,2025-08-15,63.59206771850586,-61205.280246085706,-62259.88468653236,-30168.584104324997,-0.06120800071080268,-0.062262652026521516,-0.030169925043673478,1054.604440446652,-31036.69614176071,0.0
50,INTC,short,-1,48899,999984.5873069763,20.450000762939453,20.438053705527743,22.04823851620004,2025-08-15,24.559999465942383,-200974.82657814026,-201559.02573851548,-122822.59868145079,-0.20097792418919033,-0.20156213235378664,-0.12282449173763774,584.1991603752249,-78152.22789668947,0.0
50,TXN,short,-1,5473,999962.9539502873,182.7083782112712,182.55671667174053,185.3454821317316,2025-08-15,189.6584014892578,-38037.47740042075,-38867.52100627208,-23604.607643741037,-0.03803888659090441,-0.03886896094773163,-0.02360548213360565,830.0436058513296,-14432.869756679713,0.0
51,MPWR,long,1,1222,999433.6294585306,817.8671272164735,819.0395416918178,825.8102991656551,2025-08-22,838.13525390625,24767.650814906912,23334.96032603613,15061.094693006939,0.02478168643206997,0.023348184049678672,0.015069629687332697,1432.6904888707832,9706.556121899974,0.0
51,AMD,long,1,5657,999931.2889251709,176.75999450683594,176.80741764462292,168.41820606986917,2025-08-22,167.75999450683594,-50913.0,-51181.27269046094,-3723.5028120790043,-0.05091649852734035,-0.05118478965237285,-0.0037237586755400048,268.27269046093716,-47189.497187921,0.0
51,AVGO,long,1,3327,999757.645810858,300.49824040001744,300.5786348110616,294.35670177570626,2025-08-22,291.86151123046875,-28734.39794708848,-29001.87015263238,-8301.498944005181,-0.02874136353694331,-0.02900890058121064,-0.008303511334761749,267.47220554389787,-20432.8990030833,0.0
51,INTC,long,1,41666,999984.0,24.0,24.015508296415707,24.210994564507843,2025-08-22,24.799999237060547,33332.768211364746,32686.59953290791,24541.468686580978,0.03333330154418945,0.03268712252686834,0.02454186135636268,646.1686784568374,8791.299524783768,0.0
51,MU,long,1,8253,999896.680573651,121.15554108489653,121.22821346072196,119.36847505300496,2025-08-22,117.49142456054688,-30239.953675457677,-30839.71879314498,-15491.29771425655,-0.0302430783729662,-0.030842905464444504,-0.015492898431634991,599.7651176873042,-14748.655961201126,0.0
51,STM,short,-1,39399,999987.1895385409,25.38102970985408,25.311797082482997,25.68806858535543,2025-08-22,27.231422424316406,-72903.62255710122,-75631.3188428945,-60806.59790122346,-0.07290455649811244,-0.07563228772740149,-0.0608073768717813,2727.6962857932813,-12097.024655877758,0.0
51,ON,short,-1,19607,999957.0,51.0,50.90343812924062,49.88372506937027,2025-08-22,51.84999847412109,-16665.920082092147,-18559.20868207132,-38552.72264694924,-0.016666636747472287,-0.0185600067623621,-0.038554380485310104,1893.2885999791724,21886.80256485709,0.0
51,AMAT,short,-1,6232,999987.086143807,160.4600587522155,160.29496453234742,160.4534138448604,2025-08-22,161.59619140625,-7080.3786999429885,-8109.245878160869,-7121.789762580033,-0.007080470136116105,-0.008109350601148351,-0.007121881733536563,1028.8671782178808,41.41106263704478,0.0
51,MCHP,short,-1,15742,999999.8873889307,63.524322664777706,63.45057010777784,63.71171844544583,2025-08-22,67.37528991699219,-60621.92648436036,-61782.939236652215,-57671.94210508272,-0.060621933311061096,-0.061782946194095856,-0.05767194859958252,1161.0127522918556,-2949.9843792776373,0.0
51,TXN,short,-1,5272,999879.1689084147,189.6584159537964,189.4900868842685,192.6134085874324,2025-08-22,200.85833740234372,-59045.98587674144,-59933.41673129261,-43467.26471221255,-0.05905312132985325,-0.05994065942660147,-0.04347251754396135,887.4308545511667,-15578.721164528892,0.0
52,INTC,long,1,39215,999982.5,25.5,25.51617176557249,24.805033088505915,2025-08-29,24.350000381469727,-45097.23504066467,-45731.4108275899,-17844.107606424142,-0.04509802425608916,-0.04573221114128487,-0.017844419883772108,634.1757869252251,-27253.12743424053,0.0
52,MPWR,long,1,1196,999333.6142712688,835.5632226348401,836.7694761599499,843.7561241522799,2025-08-29,829.9525146484375,-6710.406751737562,-8153.085967768868,-16509.116966595488,-0.006714881452907902,-0.008158522690857584,-0.01652012574262722,1442.6792160313053,9798.710214857925,0.0
52,TXN,long,1,4980,999983.4355351911,200.79988665365283,200.90261098114792,200.0814258772177,2025-08-29,197.3687286376953,-17087.16691946846,-17598.734070393966,-13509.232252821475,-0.01708744996393206,-0.017599025588834003,-0.013509456029730468,511.56715092550803,-3577.934666646983,0.0
52,ADI,long,1,4023,999861.6817395648,248.5363365000161,248.6972962255598,250.17687371760056,2025-08-29,247.2279357910156,-5263.696052308989,-5911.237028171316,-11863.577278651297,-0.0052644242183090585,-0.005912054773303157,-0.01186521845502768,647.5409758623264,6599.881226342308,0.0
52,SWKS,long,1,13508,999951.3392664351,74.0266019593156,74.12319274894169,73.41155894097042,2025-08-29,72.58680725097656,-19448.746920243702,-20753.49530651295,-11140.745828437064,-0.019449693356590046,-0.020754505235962506,-0.011141287971682623,1304.748386269246,-8308.001091806638,0.0
52,AMAT,short,-1,6195,999979.4619692347,161.41718514434783,161.2568967552125,162.06520672178942,2025-08-29,159.87571716308594,9549.3941439174,8556.407573224022,13563.887816168091,0.009549590273696236,0.008556583308595258,0.013564166397434867,992.9865706933779,-4014.493672250692,0.0
52,ON,short,-1,19364,999956.9481811523,51.63999938964844,51.54126309162237,50.992359550292576,2025-08-29,49.59000015258789,39696.18522644043,37784.25555146364,27155.287377153534,0.03969789429299417,0.037785882302423524,0.027156456511999834,1911.929674976789,12540.897849286896,0.0
52,TSM,short,-1,4315,999945.6631540312,231.7371177645495,231.6467431559732,233.31452442192708,2025-08-29,228.3446350097656,14638.563086892584,14248.59665088586,21445.07281347678,0.014639358543462842,0.014249370916758517,0.021446238134414902,389.9664360067236,-6806.509726584198,0.0
52,KLAC,short,-1,11552,999941.5902381713,86.56004070621289,86.48063715506449,87.72933865197166,2025-08-29,86.73211669921875,-1987.8218712037174,-2905.091694070064,11519.907998201606,-0.001987937986188021,-0.0029052613896958864,0.011520580912588839,917.2698228663467,-13507.729869405324,0.0
52,MRVL,short,-1,13729,999949.2779726019,72.83482249053841,72.76752838496004,71.94292165267919,2025-08-29,62.7363395690918,138642.0720285406,137718.19125305518,126397.16542557131,0.13864910459222243,0.137725176953254,0.12640357687126058,923.8807754854206,12244.906602969291,0.0
53,INTC,long,1,41876,999998.8448562622,23.8799991607666,23.895393977352047,24.11276995347732,2025-09-05,24.489999771118164,25544.38555908203,24899.71221974993,15796.875843528047,0.025544415066553132,0.024899740982529797,0.015796894091211332,644.673339332101,9747.509715553984,0.0
53,MU,long,1,8644,999888.9437227205,115.67433407250353,115.74445230368958,120.30341851065116,2025-09-05,131.15948486328125,133853.64343548263,133247.54144511034,93839.83755213453,0.13386851037388972,0.13326234106461052,0.09385026021265545,606.1019903722918,40013.805883348105,0.0
53,ADI,long,1,4107,999870.1533936856,243.45511404764684,243.5986513079677,243.04526351222827,2025-09-05,244.01808166503903,2312.1080046297216,1722.6004764919123,3995.3641535937904,0.002312408262995085,0.0017228241793648793,0.003995883005441276,589.5075281378092,-1683.2561489640689,0.0
53,TXN,long,1,5145,999915.2651438772,194.3469903097915,194.43300251146172,187.5456814454768,2025-09-05,183.18600463867188,-57423.27127791044,-57865.804055503766,-22430.537171011278,-0.05742813744287406,-0.057870707721596276,-0.022432437980416033,442.5327775933256,-34992.73410689917,0.0
53,NXPI,long,1,4465,999978.5012872475,223.9593507922167,224.1858730988792,224.2347928842292,2025-09-05,222.7802734375,-5264.580388810049,-6276.002488058123,-6494.429329645849,-0.005264693572944903,-0.006276137416933645,-0.0064945689545182535,1011.4220992480741,1229.8489408358,0.0
53,MRVL,short,-1,16173,999948.5712073941,61.8282675574967,61.74365883834721,62.85545496403228,2025-09-05,63.19535827636719,-22109.95819629237,-23478.335011097122,-5497.256270392406,-0.022111095343229064,-0.02347954253562067,-0.005497539002185592,1368.376814804753,-16612.701925899964,0.0
53,ON,short,-1,20768,999979.2316894531,48.150001525878906,48.04576274629926,48.21775117657391,2025-09-05,49.11000061035156,-19937.260986328125,-22102.09196063821,-18530.236240694234,-0.019937675058155316,-0.022102550993281116,-0.018530621090387667,2164.8309743100835,-1407.0247456338911,0.0
53,AMAT,short,-1,6416,999984.5881366458,155.85794702877897,155.7073546377915,156.79903056518913,2025-09-05,161.85476684570312,-38475.5959453854,-39441.79672596101,-32437.603975777805,-0.03847618893515166,-0.03944240460691117,-0.03243810390740269,966.2007805756075,-6037.991969607596,0.0
53,AMD,short,-1,6312,999947.0284423828,158.4199981689453,158.36973545657932,159.29722379496104,2025-09-05,151.13999938964844,45951.352294921875,45634.094054467736,51488.40044633316,0.04595378653857323,0.04563651149156566,0.051491128011587395,317.258240454139,-5537.0481514112835,0.0
53,TSM,short,-1,4470,999832.8418331568,223.6762509693863,223.58621749988708,229.72758700961435,2025-09-05,240.7474822998047,-76308.40404697019,-76710.85365563168,-49258.93194715079,-0.07632116175246008,-0.07672367864510747,-0.049267167356531666,402.4496086614963,-27049.472099819395,0.0
54,INTC,long,1,40849,999983.5013008118,24.479999542236328,24.495666556467683,24.567029627908536,2025-09-12,24.07999992370605,-16339.584417343285,-16979.56628167988,-19894.676386967287,-0.016339854003679273,-0.016979846427058343,-0.019895004628664004,639.9818643365943,3555.0919696240016,0.0
54,MU,long,1,7672,999974.6059250426,130.3407984782381,130.4229912761771,140.53411510210677,2025-09-12,156.97802734375,204360.8198562073,203730.2367104193,126157.69471788689,0.20436600954197234,0.20373541038270201,0.126160898457199,630.5831457879976,78203.1251383204,0.0
54,ADI,long,1,4081,999787.7019494132,244.98595980137543,245.13434670707292,244.97132149982127,2025-09-12,242.1810607910156,-11446.792861278478,-12052.359823429944,-11387.05395263596,-0.011449223509110195,-0.012054919059246204,-0.011389471915320797,605.5669621514662,-59.738908642517345,0.0
54,SWKS,long,1,13716,999984.6046149716,72.90643078266051,73.00397938322756,72.60697401075353,2025-09-12,72.12187194824219,-10761.008972881675,-12098.985578259359,-6653.659889405607,-0.010761174645308697,-0.01209917184966851,-0.006653762326638514,1337.9766053776839,-4107.349083476068,0.0
54,AVGO,long,1,2938,999674.6930353172,340.25687305490715,340.3610181619159,353.0438815477656,2025-09-12,357.2523803710937,49932.80049495608,49626.82217056429,12364.569542937998,0.049949049268562425,0.0496429713749001,0.012368593132427304,305.97832439178455,37568.23095201808,0.0
54,MRVL,short,-1,15751,999948.1260026161,63.48473912784053,63.40348694752615,66.21093232183533,2025-09-12,67.2068099975586,-58626.33826892927,-59906.14136106106,-15686.069270317133,-0.05862937960921374,-0.059909249093291796,-0.01568688301164544,1279.8030921317913,-42940.26899861214,0.0
54,AMD,short,-1,6587,999906.6201019287,151.8000030517578,151.75355708600816,156.56857269218727,2025-09-12,158.57000732421875,-44594.018142700195,-44899.957719093174,-13183.449921191332,-0.04459818271645642,-0.044904150864123846,-0.013184681105369054,305.9395763929788,-31410.568221508864,0.0
54,AMAT,short,-1,6138,999935.0026598906,162.90892842292124,162.75814289246725,163.4160970720962,2025-09-12,166.8769989013672,-24356.016596701254,-25281.538182627828,-21243.015428065366,-0.024357599775898138,-0.025283181522176273,-0.02124439625731432,925.5215859265736,-3113.0011686358885,0.0
54,NVDA,short,-1,5976,999947.0615026801,167.32715219255022,167.31290221123075,173.91177097197482,2025-09-12,177.59349060058594,-61351.638326421475,-61436.796214786606,-22001.95650058005,-0.06135488636190871,-0.06144004875864315,-0.022003121312758694,85.15788836513093,-39349.68182584143,0.0
54,KLAC,short,-1,11048,999973.5755450457,90.5117284164596,90.43208434027171,92.26753352677062,2025-09-12,95.8847427368164,-59361.06221130195,-60240.96996502575,-39962.927352585844,-0.05936263083646646,-0.060242561841887476,-0.03996398337906444,879.9077537238045,-19398.134858716105,0.0
55,MU,long,1,6381,999956.822625649,156.7084818407223,156.79599987127224,159.4020204937443,2025-09-19,162.46923828125,36759.386847007256,36200.934294068065,19571.916702073944,0.03676097408934702,0.03620249742285173,0.019572761802537374,558.4525529391904,17187.47014493331,0.0
55,AVGO,long,1,2799,999949.4823467853,357.2524052685907,357.38253983556467,353.22981216663305,2025-09-19,342.43096923828125,-41485.19944883609,-41849.4461017963,-30225.961356456697,-0.041487295289632346,-0.04185156034440827,-0.03022748837823214,364.24665296020976,-11259.23809237939,0.0
55,LRCX,long,1,8535,999889.1463019701,117.15162815488812,117.2498125907899,121.67443412406436,2025-09-19,126.22142791748048,77410.74097372586,76572.73681330412,38808.59202680659,0.07741932319200066,0.07658122612541979,0.038812894579701995,838.0041604217404,38602.14894691927,0.0
55,ASML,long,1,1205,999507.2946871194,829.4666345951199,829.9045460654077,881.9683804113125,2025-09-19,926.0504760742188,116383.52898231412,115855.84566061737,53118.925273802,0.11644090003239668,0.11591295659016104,0.05314511015192748,527.6833216967498,63264.60370851212,0.0
55,TSM,long,1,3888,999822.625870705,257.1560251725064,257.24975950277434,260.7506296351238,2025-09-19,262.7991943359375,21940.641707420047,21576.202631338372,7964.819556763663,0.02194453410004883,0.021580030370435488,0.007966232560327812,364.439076081675,13975.822150656384,0.0
55,MRVL,short,-1,14857,999974.0147678598,67.30659048043749,67.2236529758617,70.14180229116306,2025-09-19,74.10212707519531,-100961.28718831693,-102193.48969379954,-58838.54531636718,-0.10096391075897578,-0.10219614528435858,-0.05884007428935673,1232.202505482608,-42122.74187194975,0.0
55,AMD,short,-1,6249,999902.4556732178,160.00999450683594,159.9613060780349,157.7785266082968,2025-09-19,157.38999938964844,16372.349487304688,16068.095495727059,2427.906589333622,0.016373946672909666,0.01606966300018603,0.0024281434409509,304.25399157762877,13944.442897971065,0.0
55,AMAT,short,-1,5946,999997.1542741423,168.17981067509962,168.00569538804612,177.86140226920293,2025-09-19,189.0543365478516,-124119.93083938323,-125155.22033620333,-66553.18722084496,-0.12412028405168501,-0.1251555764946636,-0.06655337661350971,1035.2894968200999,-57566.74361853827,0.0
55,ON,short,-1,20725,999981.25,48.25,48.19745911397031,49.845714544218616,2025-09-19,51.06999969482422,-58444.49367523193,-59533.40353819724,-25373.309746301118,-0.05844558953003562,-0.059534519810443685,-0.025373785504779332,1088.909862965309,-33071.18392893081,0.0
55,TXN,short,-1,5832,999839.3457571204,171.4402170365433,171.3654250967824,175.08866797308025,2025-09-19,174.84210205078125,-19839.793403035794,-20275.97999572136,1437.9724588477588,-0.01984298126216694,-0.020279237941339002,0.0014382035123441412,436.18659268556803,-21277.765861883552,0.0
56,MU,long,1,6093,999962.5092656536,164.116610744404,164.1955075678892,161.98489083333465,2025-09-26,157.0179901123047,-43251.89551138111,-43732.6138568764,-30263.326093235537,-0.04325351711750091,-0.04373425348615569,-0.030264460730092906,480.7183454952901,-12988.569418145573,0.0
56,LRCX,long,1,7746,999896.918452319,129.08558203618887,129.16330498102838,128.2626554990111,2025-09-26,127.87567901611328,-9371.90879350549,-9973.950724232316,-2997.5198365264187,-0.009372874963962996,-0.00997497896050165,-0.0029978288573647184,602.0419307268257,-6374.388956979072,0.0
56,ASML,long,1,1047,999499.8841910537,954.632172102248,955.2230115672296,945.9309628956244,2025-09-26,945.293701171875,-9777.379064100507,-10395.987983936271,-667.2130247655814,-0.009782271332641363,-0.01040118978337879,-0.0006675468755112373,618.608919835764,-9110.166039334927,0.0
56,INTC,long,1,33704,999997.6825714111,29.670000076293945,29.69960619978394,30.947804337163245,2025-09-26,35.5,196494.31742858887,195496.47264248208,153427.20262025,0.1964947727911929,0.1954969256926467,0.15342755817765963,997.8447861067834,43067.11480833887,0.0
56,KLAC,long,1,9677,999939.623193887,103.33157209815924,103.3989608208343,105.2273916296298,2025-09-26,105.85794067382812,24447.66870674778,23795.548037421202,6101.8231007071245,0.024449144868027108,0.023796984823359957,0.006102191531542089,652.1206693265776,18345.845606040653,0.0
56,TXN,short,-1,5718,999914.2193039426,174.8713220188777,174.8015969559477,177.4910306965739,2025-09-26,179.891357421875,-28704.562434338608,-29103.250344172295,-13725.068215271765,-0.028707024942919948,-0.029105747055413977,-0.01372624566217892,398.6879098336867,-14979.494219066843,0.0
56,AMD,short,-1,6352,999931.8283691406,157.4199981689453,157.37689530801003,159.69644303377137,2025-09-26,159.4600067138672,-12958.13427734375,-13231.923650004635,1501.8435040313902,-0.012959017714715698,-0.013232825753317117,0.0015019458941324558,273.7893726608854,-14459.97778137514,0.0
56,MCHP,short,-1,15667,999996.3053619887,63.82819335941716,63.77336826478037,63.55235803661808,2025-09-26,62.775760650634766,16488.463248493823,15629.518490819235,12166.9512462006,0.016488524167621962,0.0156295762364457,0.01216699619884724,858.9447576745879,4321.512002293222,0.0
56,ADI,short,-1,4122,999898.6967671372,242.576103048796,242.4909230671762,244.3668462992541,2025-09-26,244.5019989013672,-7938.542704298435,-8289.65458853526,-557.0990259101779,-0.007939346985814917,-0.00829049444242431,-0.000557155467560249,351.111884236826,-7381.443678388257,0.0
56,NXPI,short,-1,4520,999830.1050794703,221.20135068129875,221.03661661140944,222.06112554998208,2025-09-26,223.11624145507807,-8655.306297482524,-9399.904293382187,-4769.123891033867,-0.008656777039929767,-0.009401501560742709,-0.004769934278639068,744.5979958996631,-3886.1824064486573,0.0
57,INTC,long,1,28968,999975.373260498,34.52000045776367,34.550042985218944,35.15167568172008,2025-10-03,36.83000183105469,66916.11978149414,66045.84784616981,48617.75189392495,0.06691776774792853,0.06604747438011613,0.048618949220122255,870.2719353243301,18298.36788756919,0.0
57,MU,long,1,6260,999995.0304943048,159.74361509493687,159.81903243087817,171.75983355790098,2025-10-03,187.64645385742188,174671.77065315613,174199.65813016362,99450.24307500084,0.17467263868982888,0.17420052382065884,0.09945073729600622,472.1125229925092,75221.52757815529,0.0
57,ASML,long,1,1044,999550.408114238,957.4237625615306,958.0153892865562,987.2478713785194,2025-10-03,1025.4654541015625,71035.52596779334,70417.86766686654,39899.15636285694,0.071067477328942,0.07044954120894975,0.03991710276836473,617.6583009267924,31136.369604936393,0.0
57,LRCX,long,1,7540,999870.9255202909,132.60887606369906,132.69470270973,137.4774899165488,2025-10-03,145.29379272460938,95644.27162326379,94997.13871219053,58934.923172776806,0.09565661845152115,0.09500940200132132,0.05894253114931764,647.1329110732622,36709.348450486985,0.0
57,AMAT,long,1,4873,999963.9681228338,205.2050006408442,205.32139397469632,210.95698335302683,2025-10-03,216.3334503173828,54228.93527377271,53661.75055791128,26199.523517306712,0.054230889314515106,0.05366368416118726,0.026200467569335868,567.1847158614328,28029.411756465997,0.0
57,TXN,short,-1,5531,999939.0080841157,180.7881048787047,180.7173242781583,178.1036377267488,2025-10-03,175.76812744140625,27765.49520569773,27374.007704075517,12917.70738822957,0.02776718877974013,0.027375677399088718,0.012918495312008992,391.48750162221404,14847.787817468161,0.0
57,AMD,short,-1,6245,999949.3695068359,160.1199951171875,160.07942768452315,164.22138416459862,2025-10-03,164.6699981689453,-28414.76905822754,-28668.112675216384,-2801.5944571451078,-0.028416207784841538,-0.028669564229392118,-0.002801736310436221,253.3436169888446,-25613.17460108243,0.0
57,NXPI,short,-1,4445,999780.9280843805,224.92259349479875,224.80041677894565,223.74888189836744,2025-10-03,225.92938232421875,-4475.176346771914,-5018.251848738947,-9692.324392909057,-0.004476156947048918,-0.005019351447675757,-0.009694448174241463,543.0755019670332,5217.148046137143,0.0
57,ADI,short,-1,4060,999775.6643576276,246.25016363488365,246.17161814905668,241.5500465587069,2025-10-03,239.00082397460935,29432.319020713665,29113.42434825619,10349.84369143605,0.02943892322046508,0.029119956992513962,0.010352166051257104,318.89467245747437,19082.475329277615,0.0
57,MCHP,short,-1,15816,999951.0943231165,63.224019620834376,63.18024191943615,63.18495993585947,2025-10-03,64.8416519165039,-25584.47238830929,-26276.860513623647,-26202.240365872447,-0.02558572367544419,-0.026278145664124595,-0.026203521866846078,692.3881253143591,617.7679775631586,0.0
58,INTC,long,1,26888,999964.6830749509,37.18999862670898,37.220000242001774,37.28744645871984,2025-10-10,36.369998931884766,-22048.1517944334,-22854.83522642612,-24668.329101541527,-0.0220489304948591,-0.022855642417436324,-0.02466920034184102,806.6834319927184,2620.177307108126,0.0
58,MU,long,1,5132,999813.2720636835,194.8194216803748,194.9011392328917,192.8036011084697,2025-10-10,181.42254638671875,-68752.76400704286,-69172.13848655955,-58407.57283202591,-0.06876560446645444,-0.06918505726952742,-0.058418481194462094,419.3744795166858,-10345.191175016953,0.0
58,LRCX,long,1,6694,999878.1497787278,149.36930830276782,149.45228147013407,143.40425456432462,2025-10-10,130.90492248535156,-123600.59866178443,-124156.02104413409,-83670.52893664563,-0.12361566125746136,-0.12417115132639883,-0.08368072545155812,555.4223823496577,-39930.069725138805,0.0
58,MRVL,long,1,11278,999919.8692236097,88.66109853020124,88.70542493478875,90.06460089583355,2025-10-10,85.48455047607422,-35825.108954444586,-36325.02214538251,-51653.80863404574,-0.03582797987828873,-0.03632793313086894,-0.051657948025527756,499.9131909379212,15828.699679601152,0.0
58,AMAT,long,1,4522,999891.0912986547,221.1170038254433,221.23864221857968,217.6400489743745,2025-10-10,208.79515075683597,-55719.41957624239,-56269.468390005095,-39996.629739709286,-0.05572548856683404,-0.056275597292223624,-0.040000986195168335,550.0488137627035,-15722.789836533106,0.0
58,TXN,short,-1,5667,999834.1316559659,176.43093906051985,176.3726805458731,175.37180877094804,2025-10-10,167.36570739746094,51372.66783455484,51042.5168320517,45370.576483551384,0.05138119034751228,0.051050984574324346,0.04537810327439692,330.1510025031457,6002.091351003459,0.0
58,ADI,short,-1,4132,999875.8483580911,241.98350637901527,241.89494873147063,236.36066282804896,2025-10-10,222.53672790527344,80354.08865350124,79988.16845384683,57120.499100908455,0.08036406598424366,0.0799981003493548,0.05712759158520206,365.9201996544143,23233.589552592784,0.0
58,ON,short,-1,19948,999993.2613067627,50.130001068115234,50.086734018684126,49.9687056861543,2025-10-10,45.7400016784668,87571.70782470703,86708.61672265528,84354.18754535035,0.08757229794755898,0.08670920102936187,0.08435475598617405,863.0911020517524,3217.520279356686,0.0
58,MCHP,short,-1,15263,999940.8673345682,65.51404490169483,65.47047007199464,64.73663919582468,2025-10-10,58.86811065673828,101436.89438077182,100771.8117550578,89571.3510920757,0.10144289296942222,0.10077777101327409,0.08957664799803226,665.0826257140143,11865.54328869612,0.0
58,AVGO,short,-1,2993,999805.6283086087,334.04798807504466,333.9475420107888,337.6441270108336,2025-10-10,322.82086181640625,33602.78889210475,33302.15382178704,44366.03272692102,0.03360932159278925,0.03330862807616413,0.04437465790423278,300.6350703177086,-10763.243834816269,0.0
59,INTC,long,1,27442,999986.4423141477,36.43999862670898,36.46852416898474,36.48276797120813,2025-10-17,37.0099983215332,15641.931625366406,14859.133694234843,14468.255273620563,0.0156421436966367,0.014859335152432812,0.014468451432339852,782.797931131563,1173.676351745842,0.0
59,AMD,long,1,4541,999928.1861419678,220.1999969482422,220.31045527546289,226.38277176591487,2025-10-17,233.0800018310547,58488.10217285156,57986.51090894237,30412.121725799923,0.058492302730775846,0.05799067544307583,0.030414305894445576,501.5912639091912,28075.98044705164,0.0
59,MRVL,long,1,11193,999970.3362449218,89.33890255024764,89.39866144037538,88.09310987439024,2025-10-17,87.82112121582031,-16988.52647624506,-17657.407733444845,-3044.369055373162,-0.016989030434682893,-0.017657931534001057,-0.003044459365470125,668.8812571997842,-13944.1574208719,0.0
59,AMAT,long,1,4563,999926.4435782083,219.13794511904632,219.2834071425881,221.89490758593524,2025-10-17,223.75241088867188,21055.807306801402,20392.064093380315,8475.78757038725,0.021057356210576646,0.020393564170988313,0.008476411064854817,663.7432134210867,12580.019736414151,0.0
59,MU,long,1,5246,999906.1878762614,190.60354324747644,190.69417346297325,193.7457093880932,2025-10-17,202.18223571777344,60741.82069917806,60266.37458868176,44258.017125502585,0.06074751955299918,0.060272028835708875,0.044262169453620305,475.4461104962975,16483.803573675475,0.0
59,AVGO,short,-1,2850,999791.5044285414,350.8040366415935,350.73283845028493,350.758269816338,2025-10-17,347.3832092285156,9749.358127271898,9546.44328204252,9618.922675293728,0.009751391249162909,0.009548434088264288,0.009620928596299377,202.91484522937753,130.43545197817002,0.0
59,ADI,short,-1,4434,999865.6146609327,225.4996875644864,225.35656413609843,232.9712540846514,2025-10-17,239.8699493408203,-63717.74071626453,-64352.34999773684,-30588.81476585293,-0.06372630459731535,-0.06436099917243333,-0.030592926006587386,634.6092814723088,-33128.925950411605,0.0
59,SWKS,short,-1,14443,999967.7090824434,69.23545725143276,69.09888196903415,70.6492146739973,2025-10-17,72.95486450195312,-53719.39891926559,-55691.95572294871,-33300.50046516588,-0.05372113362396249,-0.05569375412537159,-0.03330157580360466,1972.5568036831173,-20418.89845409971,0.0
59,MCHP,short,-1,16340,999960.7962448273,61.19711115329421,61.124077067950175,62.58642601819167,2025-10-17,63.477386474609375,-37259.69875028981,-38453.07570481133,-14558.293857865245,-0.037261159527665386,-0.03845458326887907,-0.0145588646200294,1193.3769545215182,-22701.404892424565,0.0
59,TXN,short,-1,5935,999852.7861573618,168.46719227588235,168.38341900833163,169.42570793690996,2025-10-17,172.12252807617188,-21694.417974718308,-22191.61231763186,-16005.627526519474,-0.02169761216358098,-0.022194879711161034,-0.016007984123375167,497.19434291355356,-5688.7904481988335,0.0
60,AMD,long,1,4228,999795.1651611328,236.47000122070312,236.58424895954528,237.2972630068065,2025-10-24,252.9199981689453,69550.58709716797,69067.54765734334,66052.92426552289,0.06956483639922263,0.06908169799582099,0.06606645697759242,483.03943982462806,3497.6628316450806,0.0
60,INTC,long,1,26616,999963.1118774414,37.56999969482422,37.58949579335177,38.0428262351992,2025-10-24,38.27999877929688,18897.335632324408,18378.427473915024,6312.584433703897,0.018898032745272433,0.018379105444609183,0.006312817301682211,518.9081584093838,12584.75119862051,0.0
60,MU,long,1,4774,999938.7555437821,209.4551226526565,209.55513745254737,204.9033619663529,2025-10-24,218.8059844970703,44641.01444523148,44163.543790552525,66371.11996164497,0.044643748627339684,0.04416624872843908,0.06637518507376118,477.470654678953,-21730.105516413496,0.0
60,MRVL,long,1,11558,999917.7310654465,86.51304127577838,86.57900176812566,83.59386368619911,2025-10-24,84.0067138671875,-28968.13218849336,-29730.503559043304,4771.722391863763,-0.028970515561942106,-0.02973294965713273,0.004772114988679448,762.3713705499431,-33739.854580357125,0.0
60,AMAT,long,1,4426,999835.7557458896,225.9005322516696,226.0595287485712,224.1232725022436,2025-10-24,227.49172973632807,7042.6400670983685,6338.921571811851,14908.79171805788,0.007043796970277857,0.006339962874285226,0.014911240803681542,703.7184952865173,-7866.151650959512,0.0
60,SWKS,short,-1,13951,999956.360988202,71.67632148148535,71.50794819508393,72.59376055691163,2025-10-24,71.7150650024414,-540.510860858003,-2889.486579444198,12258.68168041413,-0.0005405344492472109,-0.002889612679286001,0.012259216660514613,2348.975718586195,-12799.192541272134,0.0
60,NXPI,short,-1,4674,999847.1533068862,213.9168064413535,213.65794374959287,215.08156179616088,2025-10-24,216.32525634765625,-11257.094862059117,-12467.019083348217,-5813.028333689343,-0.01125881573481256,-0.01246892491728851,-0.005813916971672501,1209.9242212891004,-5444.0665283697745,0.0
60,QCOM,short,-1,6215,999861.0632998697,160.8786907964392,160.76592060021665,164.9538447343733,2025-10-24,166.39431762695312,-34279.62075164403,-34980.48752116722,-8952.539027383667,-0.034284384110838395,-0.034985348270008765,-0.008953783036452435,700.8667695231852,-25327.081724260366,0.0
60,TXN,short,-1,5946,999851.2352658851,168.1552699740809,168.071592050869,167.61108527163884,2025-10-24,164.86058044433594,19590.2239438636,19092.675012445507,16354.50170314307,0.019593138711934556,0.019095515751769106,0.016356935038234967,497.54893141809225,3235.722240720528,0.0
60,ADI,short,-1,4168,999777.8821474008,239.86993333670844,239.6956239287813,239.72287575988048,2025-10-24,235.06997680664065,20006.218817322544,19279.697205082164,19393.282837103598,0.020010663542937786,0.01928398052142515,0.019397591388448397,726.5216122403799,612.9359802189465,0.0
61,AMD,long,1,3877,999800.7789306641,257.8800048828125,257.99897531911824,260.1996810138597,2025-10-31,256.1199951171875,-6823.557861328125,-7284.806242885496,-15816.94222139802,-0.006824917528696322,-0.007286257818959647,-0.015820093917425244,461.24838155737143,8993.384360069895,0.0
61,MU,long,1,4452,999876.0464630416,224.59030693239927,224.7042681576964,225.1608845925061,2025-10-31,223.55133056640625,-4625.522781400936,-5132.878156423703,-7165.734524196566,-0.004626096202387532,-0.005133514473699746,-0.007166622852447174,507.3553750227675,2540.21174279563,0.0
61,MPWR,long,1,916,999883.5374379443,1091.5759142335637,1093.2571218782175,1071.5460494670108,2025-10-31,999.7756958007812,-84089.00008442873,-85628.98628693161,-65741.64395826626,-0.08409879444549564,-0.08563896001962729,-0.0657493012903479,1539.9862025028851,-18347.35612616247,0.0
61,LRCX,long,1,6427,999959.0903470163,155.58722426435605,155.71087331203606,158.45951343454797,2025-10-31,156.90255737304688,8453.645889555915,7658.953460116528,-10006.556607267552,0.008453991739424302,0.007659266798063346,-0.010006965988773571,794.6924294393875,18460.20249682347,0.0
61,AMAT,long,1,4315,999864.7595944261,231.71836838804776,231.88122263979844,232.2090060120596,2025-10-31,231.8177947998047,429.02496673112284,-273.6911295730313,-1688.076380879963,0.0004290829960895388,-0.00027372814867887557,-0.0016883047078933907,702.7160963041541,2117.1013476110857,0.0
61,STM,short,-1,39960,999983.5441829616,25.02461321779183,24.94783789511237,24.81581344046642,2025-10-31,24.29005622863769,29352.897286599415,26284.955392328207,21009.258184676022,0.029353380320455428,0.02628538793986293,0.021009603914874095,3067.9418942712073,8343.639101923392,0.0
61,TXN,short,-1,6041,999985.9613068257,165.53318346413272,165.44114391603685,160.9124797509029,2025-10-31,158.7889862060547,40741.695636049386,40185.68472600225,12828.024504427987,0.04074226760424351,0.04018624888842021,0.012828204595656282,556.0109100471382,27913.6711316214,0.0
61,SWKS,short,-1,13826,999969.3607668917,72.32528285598812,72.16381858978502,77.65245520299939,2025-10-31,75.27951049804688,-40845.15137910433,-43077.556323628356,32808.33349067349,-0.040846402881563854,-0.04307887622735913,0.032809338743651384,2232.4049445240234,-73653.48486977782,0.0
61,ADI,short,-1,4224,999985.951952581,236.7390984736224,236.5590081858092,234.76488793297625,2025-10-31,231.2379150390625,23236.99882758098,22476.29745185808,14897.933503891683,0.02323732526662822,0.022476613204386195,0.014898142793708106,760.7013757228997,8339.065323689298,0.0
61,NXPI,short,-1,4576,999976.8032182116,218.5263993046791,218.2674925414564,209.71128097049035,2025-10-31,206.41510009765625,55421.30517133657,54236.547822829445,15083.32367408884,0.055422590797081436,0.0542378059653791,0.015083673566773136,1184.7573485071262,40337.98149724773,0.0
62,AMD,long,1,3856,999976.4282226562,259.3299865722656,259.4585391558043,247.520860720578,2025-11-07,233.5399932861328,-99446.21411132812,-99941.91287345332,-53910.2248272207,-0.09944855829060131,-0.09994426873750278,-0.05391149561699165,495.6987621251901,-45535.989284107425,0.0
62,MU,long,1,4279,999794.5602911251,233.65145134169785,233.7621351382965,230.53536897042468,2025-11-07,237.6875,17270.2522088749,16796.636243229335,30603.968675552773,0.01727380093350984,0.016800087648344883,0.03061025723788831,473.61596564556385,-13333.716466677874,0.0
62,KLAC,long,1,8267,999988.3585536603,120.961456217934,121.06743529536996,120.2154247677462,2025-11-07,118.6966781616211,-18722.920191538793,-19599.049224701885,-12555.47819283625,-0.018723138155946947,-0.0195992773886379,-0.01255562435846348,876.1290331630917,-6167.441998702543,0.0
62,MPWR,long,1,975,999029.5864993226,1024.645729742895,1026.2740006351626,974.8638036082108,2025-11-07,953.2786865234376,-69582.86713897086,-71170.43125893183,-21045.489157653843,-0.06965045688265814,-0.07123956309273939,-0.02106593182229855,1587.5641199609672,-48537.37798131702,0.0
62,AVGO,long,1,2703,999912.2975697551,369.9268581464133,370.06308847523655,357.1993480767381,2025-11-07,347.482666015625,-60666.651329520726,-61034.88190833003,-26264.191611188682,-0.06067197240894874,-0.061040235285307276,-0.02626649524665583,368.2305788093072,-34402.459718332044,0.0
62,STM,short,-1,41185,999977.0658781659,24.280127859127496,24.204476215747267,23.68524167764669,2025-11-07,23.356969833374023,38020.26329065679,34904.550358042026,13519.875906369785,0.03802113527200539,0.034905350881611806,0.01352018597996227,3115.7129326147624,24500.387384287,0.0
62,TXN,short,-1,6263,999915.6213695995,159.65441822921915,159.5612930587964,158.49979227765644,2025-11-07,157.89404296875,11025.230256318264,10441.987313960568,3793.80792168103,0.011026160628650685,0.010442868468899427,0.00379412806501072,583.2429423576959,7231.422334637234,0.0
62,NXPI,short,-1,4799,999823.1714971218,208.33989820736025,208.08517219220545,204.8540338163424,2025-11-07,201.91409301757807,30837.43910576469,29615.008959036797,14108.77589327,0.03084289300835979,0.02962024666290908,0.014111271168224386,1222.4301467278929,16728.663212494692,0.0
62,MCHP,short,-1,16356,999983.7429333976,61.13864899323781,61.04881231812724,58.5801283926204,2025-11-07,54.84352493286133,102963.0491315177,101493.68047340926,61115.886187819415,0.1029647230358778,0.10149533048975685,0.061116879769004345,1469.3686581084476,41847.16294369829,0.0
62,ADI,short,-1,4309,999893.8786739312,232.04777875932496,231.86393405809855,229.57432189843752,2025-11-07,225.6576995849609,27534.85116233468,26742.664344750097,16876.725548770704,0.027537773507376264,0.026745502612953758,0.016878516719347036,792.1868175845811,10658.125613563974,0.0
63,MU,long,1,4036,999788.5646119615,247.71768201485665,247.84129353773037,243.06651452066103,2025-11-14,246.5887756347656,-4556.266150047488,-5055.1622563658075,14215.845856526028,-0.004557229709679534,-0.005056231322597513,0.014218852225063697,498.89610631831965,-18772.112006573516,0.0
63,KLAC,long,1,8234,999927.7903687092,121.4388863697728,121.52189906844193,118.49437695976876,2025-11-14,112.8233642578125,-70940.20906988114,-71623.73563072269,-46695.118587907826,-0.0709453320061471,-0.07162890792775391,-0.04669849066870085,683.5265608415502,-24245.09048197331,0.0
63,LRCX,long,1,6098,999934.2835095297,163.97741612160212,164.08920569070085,158.77247181584525,2025-11-14,147.73512268066406,-99045.50540284027,-99727.19819520434,-67305.75502633488,-0.0990520147536239,-0.09973375234739006,-0.06731017841503326,681.692792364076,-31739.750376505384,0.0
63,QCOM,long,1,5843,999980.8518843766,171.1416826774562,171.26286517748667,171.07174384995903,2025-11-14,171.35836791992188,1266.0918717269242,558.0225240488799,1674.7444407928779,0.0012661161154646958,0.0005580332093332939,0.0016747765096071271,708.0693476780443,-408.6525690659537,0.0
63,AMAT,long,1,4256,999864.6103472473,234.9305945364773,235.0786873332232,225.05300222539665,2025-11-14,224.7667999267578,-43257.10985896608,-43887.39280191669,-1218.0769830069075,-0.043262967217074656,-0.04389333550536892,-0.0012182419203574735,630.2829429506091,-42039.03287595918,0.0
63,STM,short,-1,42614,999986.9336140038,23.46615979757835,23.39296260644524,23.564271319625654,2025-11-14,23.168365478515625,12690.207112538936,9570.982009592673,16871.131513062763,0.012690372929850072,0.009571107069372052,0.016871351960659756,3119.2251029462623,-4180.924400523827,0.0
63,MCHP,short,-1,17899,999958.5604098445,55.86672777305126,55.792654491987534,54.02020159708834,2025-11-14,52.114994049072266,67152.2819255,65826.44426774039,34101.30990193968,0.06715506480386234,0.0658291722016567,0.03410272310480833,1325.837657759621,33050.97202356032,0.0
63,TXN,short,-1,6276,999892.6052290571,159.32004544758718,159.23893719530616,158.5561787723199,2025-11-14,156.6942138671875,16479.71899858837,15970.683607272736,11685.691744610918,0.016481489024326935,0.015972398959400388,0.01168694686159214,509.0353913156341,4794.027253977452,0.0
63,NXPI,short,-1,4872,999979.7843377545,205.25036624338145,205.04806432817952,201.01802321563736,2025-11-14,194.5505828857422,52129.34451841848,51143.72958755469,31509.36928724926,0.05213039836894463,0.05114476351281949,0.03151000628289363,985.6149308637905,20619.97523116922,0.0
63,SWKS,short,-1,14604,999939.7840869997,68.47026732997807,68.33905199481732,67.05089647781442,2025-11-14,64.5086898803711,57854.8770740603,55938.60831937276,37126.38514906232,0.05785836106809671,0.05594197691658783,0.037128620882867225,1916.2687546875386,20728.49192499798,0.0
64,MU,long,1,4053,999788.8606336383,246.6787220907077,246.80632715418432,228.64527816685737,2025-11-21,207.16734313964844,-160139.61888864322,-160656.8022109139,-87050.07066527779,-0.16017343780680973,-0.1606907303499002,-0.08706845424353686,517.1833222706919,-73089.54822336543,0.0
64,QCOM,long,1,5875,999902.4297097225,170.1961582484634,170.30953870863087,163.59856915338824,2025-11-21,160.8393096923828,-54971.48526697348,-55637.59547045732,-16210.649333406887,-0.054976849374125454,-0.055643024576517174,-0.01621223116550775,666.1102034838405,-38760.835933566595,0.0
64,AMD,long,1,4119,999887.25,242.75,242.8351883181201,230.2961347419252,2025-11-21,203.77999877929688,-160517.43502807617,-160868.3257104128,-109219.96403006601,-0.16053553540969362,-0.16088646565941592,-0.10923227996963258,350.8906823366415,-51297.47099801016,0.0
64,LRCX,long,1,6812,999923.1235940233,146.78847968203513,146.90615658802298,146.0516380470202,2025-11-21,142.1449737548828,-31631.562375761594,-32433.177459350827,-26612.19715803982,-0.0316339942835488,-0.03243567099716253,-0.026614243165402167,801.6150835892331,-5019.365217721774,0.0
64,NVDA,long,1,5384,999987.1048733152,185.73311754704963,185.76071315176384,186.041093919124,2025-11-21,178.6521453857422,-38123.954116479275,-38272.52885226056,-39782.09890372765,-0.03812444573603683,-0.038273022387732863,-0.03978261190554803,148.57473578128702,1658.1447872483768,0.0
64,STM,short,-1,43648,999987.7569776105,22.910276690286164,22.844139697580577,22.04200520978766,2025-11-21,21.80844116210937,48092.91713386064,45206.16967624716,10194.603553061967,0.0480935059437307,0.04520672314317076,0.010194728367349623,2886.7474576134773,37898.31358079867,0.0
64,MCHP,short,-1,19242,999984.1463179073,51.96882581425565,51.9105897875705,49.794161928328535,2025-11-21,49.60084915161133,45564.606942602084,44444.029317126406,3719.7244495924915,0.045565329320847586,0.04444473392980883,0.0037197834218563154,1120.5776254756784,41844.882493009594,0.0
64,SWKS,short,-1,15642,999954.3513992105,63.9275253419774,63.81978242361303,61.47086770408973,2025-11-21,61.33344650268555,40576.58120420317,38891.26647514765,2149.5424323641873,0.04057843355291709,0.038893041888090285,0.0021496405604479723,1685.3147290555207,38427.03877183898,0.0
64,ON,short,-1,21491,999976.2037658693,46.52999877929688,46.47104997518766,46.15983225527012,2025-11-21,46.70000076293945,-3653.5126304624937,-4920.381379573762,-11608.761398321689,-0.003653599572373338,-0.004920498468907368,-0.011609037649699634,1266.8687491112687,7955.248767859195,0.0
64,TXN,short,-1,6410,999997.2339574117,156.00580872970542,155.92463353280232,153.64515347014262,2025-11-21,156.7630615234375,-4853.990407822624,-5374.323419971517,-19985.7906216202,-0.004854003834203952,-0.005374338285620099,-0.019985845903321132,520.3330121488934,15131.800213797575,0.0
65,AMAT,long,1,4503,999974.8177536579,222.06858044718143,222.2148955597605,237.7412984044206,2025-11-28,251.35421752929688,131873.22378076584,131214.36682882233,61298.974819317846,0.13187654472840193,0.13121767118454253,0.06130051850407571,658.8569519435114,70574.248961448,0.0
65,ADI,long,1,4333,999899.7049559146,230.76383682342825,230.91465633016375,241.76372336518077,2025-11-28,262.0623779296875,135616.57861342133,134963.0776907364,87954.07022800768,0.13563018164846907,0.134976615176306,0.08796289247018585,653.5009226849361,47662.50838541365,0.0
65,QCOM,long,1,6176,999852.2754286859,161.89317931163956,162.02724455224808,161.9676022896374,2025-11-28,165.55712890625,22628.5526963141,21800.565770315872,22168.91638419943,0.02263189598344628,0.0218037867253629,0.022172191761722523,827.9869259982261,459.6363121146678,0.0
65,AVGO,long,1,2891,999685.0406782944,345.79212752621737,345.8872276765373,377.32755962111537,2025-11-28,400.7143249511719,158780.0727555435,158505.13822096857,67611.13856919335,0.15883009777540527,0.1585550766203539,0.06763244003663259,274.93453457491705,91168.93418635013,0.0
65,NVDA,long,1,5578,999919.9473667353,179.2613745727385,179.28813234380823,178.54562053143047,2025-11-28,176.7745361328125,-13871.584817907249,-14020.839664934178,-9879.108775491051,-0.013872695363701592,-0.014021962159928618,-0.009879899687477425,149.25484702692847,-3992.4760424161977,0.0
65,AMD,short,-1,4827,999961.3376770017,207.16000366210932,207.0819169032472,208.66816542210796,2025-11-28,217.52999877929688,-50055.96643066434,-50432.89121569183,-42776.06961515089,-0.050057901785431784,-0.0504348411438105,-0.04277772350131403,376.92478502749145,-7279.89681551345,0.0
65,MCHP,short,-1,20123,999997.4795847324,49.69425431519815,49.64021824864209,50.47062014883208,2025-11-28,52.68338394165039,-60150.25547309842,-61237.62324040598,-44527.44580288281,-0.060150407077102765,-0.061237777585035555,-0.0445275580308199,1087.367767307558,-15622.80967021561,0.0
65,MPWR,short,-1,1132,999641.4453694953,883.0754817751725,882.0592334340256,897.4484789287568,2025-11-28,923.3450317382812,-45585.13055823906,-46735.5236804174,-29314.897780381678,-0.0456014811804742,-0.04675228692938261,-0.029325412542840372,1150.393122178335,-16270.232777857385,0.0
65,SWKS,short,-1,16152,999993.1929533407,61.911416106571366,61.801280495934975,62.43135784438461,2025-11-28,64.60533905029297,-43512.24338699133,-45291.15376999031,-35114.14443783186,-0.043512539578878504,-0.0452914620710859,-0.035114383463078505,1778.9103829989836,-8398.098949159466,0.0
65,NXPI,short,-1,5269,999862.945758294,189.76332240620496,189.58448298938032,189.52836996921283,2025-11-28,192.41851806640625,-13990.225933600579,-14932.530820849628,-15228.190324112118,-0.013992143616233743,-0.014934577668067125,-0.015230277698273027,942.304887249049,1237.964390511539,0.0
66,ADI,long,1,3850,999852.328815196,259.7019035883626,259.8810618080448,269.3374926935087,2025-12-05,277.8153686523437,69736.84049632722,69047.08135055067,32639.82244151475,0.06974714013914826,0.06905727912077778,0.03264464311464099,689.759145776552,37097.01805481247,0.0
66,AMAT,long,1,4010,999858.9498000428,249.3413839900356,249.50766075423175,261.00589544208964,2025-12-05,267.0482482910156,71004.52584692986,70337.75602250334,24229.834924193205,0.07101454246234404,0.0703476785766331,0.024233253029378614,666.7698244265193,46774.690922736656,0.0
66,AVGO,long,1,2546,999685.7567183409,392.64955094985896,392.7898830687794,383.912214073432,2025-12-05,388.0652160644531,-11671.716618243263,-12029.002193014632,10573.543069139829,-0.011675385529706752,-0.012032783414362255,0.010576866778465964,357.2855747713693,-22245.25968738309,0.0
66,TXN,long,1,6094,999903.4464051017,164.07998792338392,164.16274663635153,172.4349886319055,2025-12-05,179.52024841308594,94092.94742424406,93588.61582741949,43177.5731065136,0.09410203331384775,0.09359765301729235,0.043181742458981986,504.33159682457335,50915.374317730464,0.0
66,MU,long,1,4309,999959.495776269,232.063006678178,232.20938420235788,233.16974108276,2025-12-05,236.9881896972656,21222.61362924846,20591.872877557344,16453.695079904624,0.02122347326955812,0.02059270696916765,0.016454361551046237,630.7407516911153,4768.9185493438345,0.0
66,SWKS,short,-1,15596,999945.8996276458,64.11553601100576,64.00528688890822,66.24321413689482,2025-12-05,67.90663146972656,-59125.924774209656,-60845.370082442925,-25942.656722843843,-0.059129123681817816,-0.060848662017715334,-0.025944060306166784,1719.4453082332693,-33183.26805136581,0.0
66,MPWR,short,-1,1106,999819.7387892219,903.9961471873615,902.8638654278612,937.777321762915,2025-12-05,958.2725830078124,-60029.73801741863,-61282.04164342597,-22667.758936856517,-0.06004056100164059,-0.06129309041011563,-0.02267184579122942,1252.303626007335,-37361.979080562116,0.0
66,AMD,short,-1,4675,999889.0228271484,213.8800048828125,213.79396573903057,217.1569247099316,2025-12-05,217.97000122070312,-19120.732879638672,-19522.965876819202,-3801.1326878569384,-0.019122855080032305,-0.019525132720848114,-0.0038015545736359616,402.2329971805302,-15319.600191781734,0.0
66,MCHP,short,-1,19232,999969.7063054899,51.9950970416748,51.93619417058676,58.20736409358939,2025-12-05,64.70872497558594,-244508.49242497893,-245641.3124417442,-125034.1724825576,-0.24451589971494778,-0.24564875405005618,-0.12503796034433043,1132.8200167652685,-119474.31994242134,0.0
66,NVDA,short,-1,5729,999924.6525913408,174.5373804488289,174.51364869449455,180.38501658116851,2025-12-05,182.1877899169922,-43829.1958431074,-43965.15506368897,-10328.088440933823,-0.04383249850828506,-0.04396846797381351,-0.010328866694273622,135.95922058157157,-33501.10740217358,0.0
67,ADI,long,1,3580,999830.4010552743,279.28223493164086,279.4545971236448,277.3963336552497,2025-12-12,276.84405517578125,-8728.683525977396,-9345.740173351569,-1977.1569564970196,-0.00873016415260496,-0.00934732546988727,-0.0019774923371105968,617.0566473741728,-6751.526569480377,0.0
67,AMAT,long,1,3723,999785.4810092491,268.5429709936205,268.70055625781674,267.28180594714047,2025-12-12,258.2894592285156,-38173.824301485394,-38760.514240088065,-33478.5068334403,-0.038182015068822794,-0.0387688308905633,-0.03348569014989585,586.6899386026707,-4695.3174680450975,0.0
67,TXN,long,1,5540,999827.1152687765,180.47420853227013,180.57531523817616,177.7198068362586,2025-12-12,176.45187377929688,-22283.734531471808,-22843.865682191237,-7024.349135568027,-0.02228758771508355,-0.022847815720671148,-0.00702556374826834,560.1311507194296,-15259.38539590378,0.0
67,ON,long,1,18135,999963.8889312744,55.13999938964844,55.22218839900132,55.40490805696528,2025-12-12,54.959999084472656,-3264.305534362793,-4754.803218977286,-8068.424216153786,-0.003264423416181124,-0.004754974926203634,-0.008068715586096842,1490.4976846144928,4804.118681790993,0.0
67,MCHP,long,1,15339,999957.4114329575,65.19052163980426,65.2884283555243,66.34417747982486,2025-12-12,66.05580139160156,13272.526112818827,11770.735000389082,-4423.4008172572285,0.013273091394761554,0.01177123632047629,-0.004423589211582935,1501.7911124297443,17695.926930076057,0.0
67,AMD,short,-1,4564,999926.7432861329,219.08999633789065,219.00580516177763,219.6242467210132,2025-12-12,210.77999877929688,37926.828857422006,37542.580329642165,40365.14760599334,0.03792960745582249,0.037545330777195955,0.04036810484069901,384.2485277798405,-2438.318748571335,0.0
67,NVDA,short,-1,5481,999830.4039863514,182.41751577930148,182.39466013226505,182.67894157750715,2025-12-12,174.80679321289062,41714.3703864979,41589.0985850912,43147.24518646315,0.04172144617745325,0.04159615312684462,0.043154564028493124,125.2718014067068,-1432.8747999652478,0.0
67,LRCX,short,-1,6185,999942.9652760252,161.67226601067506,161.5503357583989,163.6970833521585,2025-12-12,160.21505737304688,9012.835423730321,8258.696813402195,21536.330680805404,0.009013349497631006,0.00825916787276208,0.021537559069542026,754.1386103281257,-12523.495257075083,0.0
67,SWKS,short,-1,14711,999983.2286005976,67.97520417378816,67.86889565792345,67.13865174325447,2025-12-12,65.60455322265625,34874.64614210148,33310.741565215714,22568.123336520424,0.03487523104853065,0.033311300242336694,0.022568501841878728,1563.9045768857686,12306.522805581058,0.0
67,MU,short,-1,4110,999766.0077370577,243.25207000901648,243.1162532877977,251.7528083281008,2025-12-12,240.90435791015625,9649.096726315538,9090.890002106318,44587.131217752096,0.009651355068728528,0.009093017697894423,0.044597566703306724,558.2067242092198,-34938.034491436556,0.0
68,MCHP,long,1,14942,999934.667623858,66.92107265585986,67.0138157512659,65.50050882282504,2025-12-19,63.82378387451172,-46279.68897090392,-47665.4563024609,-25053.624177697646,-0.0462827127305009,-0.04766857060344572,-0.02505526109744,1385.7673315569846,-21226.06479320627,0.0
68,ADI,long,1,3582,999856.3957287855,279.13355547983963,279.2979737198936,276.1535843651835,2025-12-19,272.0072937011719,-25526.269691187896,-26115.215827061238,-14852.01315848971,-0.02552993589902683,-0.026118966622227898,-0.01485414627734038,588.9461358733424,-10674.256532698186,0.0
68,AMAT,long,1,3809,999841.5356846888,262.494496110446,262.6602136693093,258.38832559026474,2025-12-19,255.4994354248047,-26644.186151607733,-27275.404333318125,-11003.782640237348,-0.02664840897348985,-0.02727972719661021,-0.011005526623478376,631.218181710392,-15640.403511370385,0.0
68,ON,long,1,18122,999971.9655303955,55.18000030517578,55.26076723713116,54.86389029676256,2025-12-19,55.209999084472656,543.6378784179688,-920.0204624774454,6272.183450882318,0.0005436531194448212,-0.0009200462554862296,0.0062723592931482695,1463.6583408954143,-5728.545572464349,0.0
68,NXPI,long,1,4370,999909.8722918978,228.81232775558303,229.0453717823323,227.11521903419947,2025-12-19,224.34078979492188,-19540.620888089234,-20559.02328498354,-12124.255775643089,-0.019542382198207617,-0.020560876389649114,-0.012125348605522845,1018.4023968943075,-7416.365112446145,0.0
68,AMD,short,-1,4710,999838.7942504883,212.27999877929688,212.2076226642992,207.5003571050529,2025-12-19,213.42999267578125,-5416.471252441406,-5757.362754080416,-27928.583538130533,-0.005417344559531489,-0.005758291023700799,-0.02793308651227792,340.89150163901013,22512.112285689127,0.0
68,NVDA,short,-1,5626,999870.9496069897,177.7232402429772,177.70496358956902,176.0771332336567,2025-12-19,180.7695159912109,-17138.34735956286,-17241.171811637276,-26399.345394000004,-0.0171405593554841,-0.017243397078807128,-0.02640275267960986,102.8244520744156,9260.998034437143,0.0
68,MRVL,short,-1,11800,999998.5805411332,84.7456424187401,84.65849392489021,84.53299889873001,2025-12-19,83.9667739868164,9190.647496699634,8162.29526927087,6681.453960580572,0.009190660542464233,0.00816230685532971,0.006681463444643102,1028.3522274287634,2509.1935361190617,0.0
68,SWKS,short,-1,15094,999993.9395553335,66.2510891450466,66.14645676830088,64.79465293048145,2025-12-19,63.36124038696289,43619.377154515605,42040.0560599156,21635.928931869097,0.04361964150893934,0.04204031084289323,0.02163606005601387,1579.3210946000036,21983.448222646508,0.0
68,MU,short,-1,4050,999817.4558289795,246.8685076120937,246.7260735251867,245.24674449478343,2025-12-19,265.66015625,-76106.17698352048,-76683.03503549384,-82674.31760862711,-0.07612007225900902,-0.07669703563228307,-0.08268941207880721,576.858051973366,6568.140625106636,0.0
69,MCHP,long,1,15397,999953.7821347162,64.94471534290551,65.02901264703465,64.71628386837911,2025-12-26,63.85328674316406,-16804.726150219078,-18102.651741895403,-13287.566736936054,-0.016805502864686506,-0.01810348844648559,-0.013288180888290216,1297.925591676325,-3517.1594132830232,0.0
69,MU,long,1,3611,999810.6195195891,276.8791524562695,277.0154704332177,280.2723884387535,2025-12-26,284.51171875,27561.196886660906,27068.952671900985,15308.221753911026,0.027566417428036633,0.027074079974173177,0.015311121381433871,492.2442147599213,12252.97513274988,0.0
69,LRCX,long,1,5703,999999.565200458,175.34623271970156,175.4564278145054,175.87808193244825,2025-12-26,177.73171997070312,13604.43379246192,12975.991166795688,10571.297732167532,0.013604439707666073,0.012975996808753157,0.010571302328564942,628.4426256662318,3033.136060294388,0.0
69,NXPI,long,1,4390,999959.4853101379,227.7812039430838,227.9840503785808,225.29372770453773,2025-12-26,220.9697723388672,-29902.184742510908,-30792.680594342775,-18982.16405529368,-0.029903396269336587,-0.030793928200793467,-0.01898293314294264,890.4958518318672,-10920.020687217228,0.0
69,ON,long,1,17966,999987.557258606,55.65999984741211,55.73171144261305,55.69585564501258,2025-12-26,54.93000030517578,-13115.171775817871,-14403.542295197922,-13759.357035507897,-0.013115334966539155,-0.01440372151697987,-0.013759528241759513,1288.3705193800506,644.1852596900262,0.0
69,AVGO,short,-1,2900,999804.0455275564,344.7600156991574,344.6367536106834,345.81157394107333,2025-12-26,350.8376159667969,-17625.04077615446,-17982.500832729078,-14575.52187459827,-0.01762849515862324,-0.017986025274823163,-0.01457837857308064,357.46005657461865,-3049.51890155619,0.0
69,NVDA,short,-1,5443,999857.0441357105,183.6959478478248,183.6760693095761,185.95062397102205,2025-12-26,190.2978973388672,-35934.41107974365,-36042.60996343143,-23662.20894118106,-0.035939548849011536,-0.03604776320257576,-0.02366559207635026,108.19888368777902,-12272.202138562592,0.0
69,AMD,short,-1,4545,999900.0,220.0,219.92393746220057,215.7801890112757,2025-12-26,214.9900054931641,22770.425033569205,22424.720799270795,3591.3840898172407,0.022772702303799585,0.02242696349562036,0.003591743264143655,345.7042342984096,19179.040943751963,0.0
69,TSM,short,-1,3411,999953.4599976833,293.15551451119416,293.0550021957026,294.85339356445246,2025-12-26,301.2834777832031,-27724.482720822594,-28067.330228964198,-21933.017270158518,-0.027725773078365892,-0.028068636543373954,-0.02193403808034159,342.8475081416036,-5791.465450664076,0.0
69,SWKS,short,-1,15615,999940.4840633549,64.03717477190874,63.96076891756771,63.55351202752132,2025-12-26,62.900821685791016,17744.153439728238,16551.07602419312,10191.759686118728,0.017745209562496315,0.016552061135615012,0.010192366294345367,1193.0774155351173,7552.393753609509,0.0
70,MU,long,1,3569,999923.8259429384,280.16918631071405,280.2997022294146,290.7333713965379,2026-01-02,315.23907470703125,125164.43168645607,124698.6203726138,87460.85511515076,0.12517396669533773,0.1247081198960548,0.08746751787084808,465.8113138422632,37703.57657130531,0.0
70,MCHP,long,1,15644,999997.5580719766,63.92211442546514,64.01079689471969,63.88035666817859,2026-01-02,63.941776275634766,307.5899840536355,-1079.7585649645487,960.8483390443744,0.0003075907351680714,-0.0010797612016636856,0.0009608506853725893,1387.3485490181843,-653.2583549907389,0.0
70,STM,long,1,38319,999976.358333619,26.096097453838016,26.13791929111568,26.445961901088506,2026-01-02,27.261457443237305,44655.42943379133,43052.85845114857,31248.973679599832,0.04465648518751588,0.04305387631652886,0.031249712474876668,1602.5709826427628,13406.455754191498,0.0
70,NXPI,long,1,4533,999813.3023691836,220.5632698806935,220.77055573294044,219.1839646787019,2026-01-02,219.3933258056641,-5303.356492108297,-6242.983260343677,949.0339885196214,-0.005304346801089089,-0.006244149028173701,0.0009492112040025531,939.62676823538,-6252.390480627919,0.0
70,LRCX,long,1,5676,999910.7316190022,176.16468139869664,176.27318074739014,176.06418686110695,2026-01-02,184.70843505859372,48494.34577357581,47878.503470391515,49064.75276893493,0.048498675171788935,0.04788277788845129,0.04906913309100293,615.8423031842976,-570.406995359117,0.0
70,AVGO,short,-1,2878,999932.7291468354,347.4401421635981,347.33963966852906,348.96384912693713,2026-01-02,346.3441467285156,3154.2748621674355,2865.028681358665,7539.503502657104,0.003154487067203743,0.0028652214272485814,0.0075400107256114865,289.24618080877053,-4385.228640489669,0.0
70,SWKS,short,-1,15950,999986.941412277,62.69510604465687,62.63254723473399,62.79600600080684,2026-01-02,63.086952209472656,-6249.9463288118295,-7247.759347081709,-4640.592028219753,-0.006250027945350025,-0.00724785399381889,-0.004640652628589195,997.8130182698796,-1609.3543005920765,0.0
70,INTC,short,-1,27770,999997.653388977,36.0099983215332,35.982857199734624,37.00854791054825,2026-01-02,39.380001068115234,-93584.97627258301,-94338.68522492953,-65855.2541856351,-0.09358519588063524,-0.09433890660164766,-0.06585540872266313,753.7089523465256,-27729.722086947906,0.0
70,MRVL,short,-1,11736,999965.5062236966,85.20496815130339,85.13270103586174,85.99477185412289,2026-01-02,89.25901794433594,-47578.32837102997,-48426.45523785315,-38309.19211474035,-0.047579969583857316,-0.048428125706788075,-0.03831051358902616,848.1268668231787,-9269.136256289625,0.0
70,AMD,short,-1,4726,999927.0886535645,211.5800018310547,211.51514496726665,215.5094637864646,2026-01-02,223.47000122070312,-56192.137115478516,-56498.65065374078,-37621.499914211236,-0.0561962344585975,-0.0565027703468041,-0.037624243148437805,306.51353826226114,-18570.63720126728,0.0
71,MU,long,1,3077,999851.1895810041,324.9435130260007,325.09733810067445,331.83381959428846,2026-01-09,344.8920593261719,61381.67696562674,60908.35721085558,40180.20365500528,0.06139081255816602,0.06091742235800083,0.04018618377785111,473.31975477116066,21201.473310621463,0.0
71,LRCX,long,1,5269,999839.1953629567,189.7588148344955,189.89465722751,199.28857828554692,2026-01-09,217.94515991210935,148513.8522139474,147798.09864515392,98301.52859035743,0.14853773777095688,0.14782186908715955,0.09831733847428584,715.7535687934724,50212.32362358997,0.0
71,TSM,long,1,3042,999910.950271716,328.7018245469152,328.8176426616997,324.278050491868,2026-01-09,321.9666442871094,-20488.41835032929,-20840.737055503836,-7031.297674875696,-0.020490243000900996,-0.02084259308275459,-0.007031923865785258,352.31870517454445,-13457.120675453596,0.0
71,STM,long,1,36428,999974.1352449852,27.45070097850514,27.48582070274317,28.28960260639358,2026-01-09,28.72562599182129,46442.9683850807,45163.62707053776,15883.459884360613,0.04644416965215061,0.04516479524690212,0.01588387071678539,1279.3413145429367,30559.508500720083,0.0
71,KLAC,long,1,7662,999988.4118688449,130.51271363467043,130.6040229060861,134.68333085010076,2026-01-09,139.48243713378906,68726.02145024693,68026.40981266009,36770.75234561978,0.06872681786562623,0.06802719812075403,0.036771178454858444,699.6116375868442,31955.26910462715,0.0
71,MRVL,short,-1,10766,999985.901489284,92.88369881936504,92.80803108625484,88.04475371598906,2026-01-09,83.15785217285156,104708.46499636407,103893.82618169971,52612.3820134183,0.10470994125059287,0.10389529095057252,0.05261312378010771,814.6388146643585,52096.08298294577,0.0
71,INTC,short,-1,24044,999989.9636688232,41.59000015258789,41.56748235486357,41.206020658202505,2026-01-09,45.54999923706055,-95214.21798706055,-95755.63591554407,-104446.62095006277,-0.09521517359807583,-0.09575659696046353,-0.10444766922146172,541.4179284835263,9232.402963002227,0.0
71,AVGO,short,-1,2829,999876.2084013454,353.43803761093864,353.34054476353214,342.8426238712843,2026-01-09,343.70391845703125,27537.823086403994,27262.01582109101,-2436.6023830781933,0.027541232459599087,0.027265391047436714,-0.002436904051326475,275.8072653129857,29974.425469482187,0.0
71,SWKS,short,-1,15738,999954.2600771668,63.5375689463189,63.49201257322889,61.89156322755591,2026-01-09,58.94319152832031,72306.31180446176,71589.34560477121,46401.47380256988,0.07230961924086593,0.07159262024569667,0.046403596299483804,716.9661996905488,25904.838001891876,0.0
71,TXN,short,-1,5711,999853.5219763773,175.0750344906982,175.01684529834444,180.5771864808833,2026-01-09,187.16172790527344,-69027.10609063925,-69359.42456817153,-37604.316074692004,-0.06903721852596534,-0.06936958568798263,-0.03760982508753962,332.3184775322734,-31422.79001594725,0.0
72,MU,long,1,2938,999961.9459270573,340.3546446314014,340.51741309410187,343.894186676716,2026-01-16,362.54193115234375,65186.24779852859,64708.034055114644,54787.07326939432,0.06518872849515779,0.06471049655307064,0.054789158220017696,478.21374341394403,10399.174529134267,0.0
72,LRCX,long,1,4635,999813.1146007348,215.70940983834623,215.877294274574,219.00349317320948,2026-01-16,222.53643798828125,31643.275474948805,30865.131113033047,16375.199217857666,0.03164919024650444,0.030870900433586253,0.01637826007553115,778.144361915758,15268.07625709114,0.0
72,ASML,long,1,799,998793.8701253254,1250.0549062895186,1251.03911007391,1297.1971685365784,2026-01-16,1352.07470703125,81513.82079264338,80727.44196891465,43847.15325724263,0.08161225577247014,0.08082492732838381,0.043900102482347866,786.3788237287372,37666.66753540075,0.0
72,KLAC,long,1,7238,999932.4624424819,138.15038165825945,138.2734371212763,147.33559435509105,2026-01-16,156.20240783691406,130660.5654811021,129769.89003978622,64177.995981434986,0.13066939057258375,0.1297786549731611,0.06418233069928624,890.6754413158778,66482.56949966711,0.0
72,ON,long,1,16149,999946.0504302979,61.91999816894531,61.97419702521179,60.4036351780891,2026-01-16,60.33000183105469,-25676.850860595703,-26552.108190442996,-1189.1049212586752,-0.025678236190388885,-0.026553540742540124,-0.001189169076418651,875.2573298472926,-24487.745939337026,0.0
72,AVGO,short,-1,2943,999733.198900517,339.698674448018,339.6013346796605,346.31772906306304,2026-01-16,350.4191589355469,-31550.38584679753,-31836.85678507357,-12070.508114719923,-0.031558805770875574,-0.03184535316031017,-0.012073729398998437,286.4709382760411,-19479.877732077606,0.0
72,SWKS,short,-1,17246,999977.8574560735,57.98317624121962,57.879953427429,57.8724101219528,2026-01-16,56.59212875366211,23990.004970416776,22209.824323783814,22079.732477541194,0.023990536181918005,0.02221031611668405,0.022080221389813224,1780.1806466329617,1910.2724928755815,0.0
72,MRVL,short,-1,12142,999996.2303711266,82.35844427368856,82.29366634557516,82.52126460280743,2026-01-16,80.39990997314453,23780.52347720562,22993.98987405271,25757.48791336697,0.023780613121291472,0.022994076553187602,0.025757585009903133,786.5336031529114,-1976.96443616135,0.0
72,AMD,short,-1,4970,999864.5635986328,201.17999267578125,201.10851422598896,219.16916777619645,2026-01-16,231.8300018310547,-152330.54550170898,-152685.7933971767,-62924.345252645464,-0.1523511793971906,-0.15270647541267204,-0.06293286865390366,355.24789546770626,-89406.20024906352,0.0
72,QCOM,short,-1,5743,999941.9121086639,174.1149072102845,174.0473510166197,165.1745702817043,2026-01-16,157.82008361816406,93581.17188954775,93193.19666933073,42236.81690871153,0.0935866081382718,0.09319861038008316,0.04223927049886638,387.97522021702025,51344.35498083622,0.0
73,MU,long,1,2743,999743.474714842,364.4708256342844,364.6268048379532,382.69477236287753,2026-01-23,399.4207458496094,95867.63115063646,95439.78019497285,45879.34527410545,0.09589222993226426,0.09546426919385019,0.04589111750610992,427.8509556636127,49988.28587653101,0.0
73,LRCX,long,1,4591,999898.932417471,217.7954546759902,217.94450963041945,223.32396458648023,2026-01-23,217.5259704589844,-1237.2020402735475,-1921.5133360582827,-26618.59103933334,-0.0012373270939317288,-0.0019217075583955374,-0.026621281587907254,684.3112957847352,25381.388999059793,0.0
73,ASML,long,1,761,999050.8886885524,1312.8132571465867,1313.6464606128122,1349.2210315980503,2026-01-23,1382.399169921875,52954.879621994405,52320.81178419676,25248.563264430573,0.05300518744496382,0.05237051723449038,0.025272549727245824,634.0678377976437,27706.316357563832,0.0
73,KLAC,long,1,6579,999850.6735364815,151.97608656885262,152.09512654318343,151.14905036061072,2026-01-23,150.71875,-8272.017286481403,-9055.181277603759,-2830.9460724578967,-0.008273252702049195,-0.009056533657746607,-0.0028313688707582835,783.1639911223556,-5441.071214023506,0.0
73,AMAT,long,1,3174,999738.5016128607,314.97747372805946,315.1624866399058,320.83861841476266,2026-01-23,321.23516845703125,19861.923069756445,19274.69208755615,1258.6498341604931,0.01986711828914616,0.01927973370682496,0.0012589790551528577,587.2309822002935,18603.273235595952,0.0
73,SWKS,short,-1,17843,999984.9675924671,56.04354467255882,55.939088850172666,57.1388408653916,2026-01-23,57.75786209106445,-30588.56569839595,-32452.37093723215,-11045.195729680714,-0.030589025525093676,-0.03245285878183097,-0.01104536176806016,1863.8052388362012,-19543.369968715233,0.0
73,QCOM,short,-1,6519,999981.5572274786,153.39493131269805,153.3195607901599,155.08679231035907,2026-01-23,154.2562255859375,-5614.777367247984,-6106.11780367419,5414.464476504232,-0.0056148809212195495,-0.006106230419492781,0.005414564336082585,491.340436426206,-11029.241843752217,0.0
73,MRVL,short,-1,12618,999986.1237815784,79.2507627026136,79.19802511538619,81.26219745756732,2026-01-23,80.17008209228516,-11599.972058875706,-12265.414934511193,13780.311679130404,-0.01160013302485528,-0.012265585134449588,0.01378050290039861,665.4428756354864,-25380.28373800611,0.0
73,NXPI,short,-1,4366,999946.9310497842,229.03044687351905,228.79448891264624,232.97790512067317,2026-01-23,230.49783325195312,-6406.608928243154,-7436.801385413842,10827.99377883172,-0.0064069489382973955,-0.0074371960696018044,0.01082856843959115,1030.1924571706877,-17234.602707074875,0.0
73,AVGO,short,-1,2916,999712.9715447545,342.837095865828,342.77173767200577,332.30907584450927,2026-01-23,318.8753356933594,69872.49266291856,69681.9081697329,39172.786280753084,0.06989255381467316,0.06970191460260894,0.03918403321327658,190.58449318567,30699.70638216548,0.0
74,MU,long,1,2529,999645.7135697928,395.2731172676128,395.4174429491842,421.5049282208174,2026-01-30,414.6419982910156,48983.900108185735,48618.90045949169,-17356.349792468736,0.04900126058987578,0.04863613158092859,-0.017362501090999734,364.9996486940436,66340.24990065447,0.0
74,ASML,long,1,725,999952.1131383758,1379.2442939839666,1380.0923099272427,1432.6851580123337,2026-01-30,1416.1966552734375,26790.461934866402,26175.650375991234,-11954.164485699715,0.026791744907447457,0.026176903905766317,-0.011954736960534298,614.811558875168,38744.626420566114,0.0
74,LRCX,long,1,4575,999930.2310909259,218.5639849379073,218.71799721030092,235.77564986080128,2026-01-30,233.01649475097656,66120.2323947919,65415.626248591056,-12623.134627448086,0.06612484585314977,0.06542019054391672,-0.012624015391230066,704.6061462008511,78743.36702224,0.0
74,INTC,long,1,22583,999975.2124328614,44.27999877929688,44.31604167323688,46.29484606550552,2026-01-30,46.470001220703125,49456.825134277184,48642.868460430174,3955.5288698275776,0.04945805107903885,0.04864407422868601,0.0039556269201954375,813.9566738470094,45501.29626444961,0.0
74,AMAT,long,1,3116,999788.9148216026,320.8565195191279,321.0663428635798,331.326416723368,2026-01-30,321.1753845214844,993.583347342731,339.77380603068264,-31630.61634106946,0.0009937931223412506,0.00033984554238762507,-0.03163729450502406,653.8095413120484,32624.19968841219,0.0
74,QCOM,short,-1,6525,999933.0358338488,153.24644227338678,153.16324363988343,151.6613074841149,2026-01-30,150.0686492919922,20735.099203599693,20192.228119990377,10392.0947036007,0.020736487805214476,0.02019358036626121,0.01039279064816044,542.871083609316,10343.004499998993,0.0
74,SWKS,short,-1,17399,999986.2516836377,57.4737773253427,57.36937558375423,55.58495848470153,2026-01-30,54.62310791015625,49598.79715482908,47782.3112529312,16735.23814651334,0.04959947906415866,0.047782968188294576,0.01673546823102505,1816.4859018978823,32863.559008315744,0.0
74,MRVL,short,-1,12537,999956.0128765398,79.76039027490945,79.70891331438125,81.76726559616125,2026-01-30,78.8610610961914,11274.88991358817,10629.523259446058,36435.08581612196,0.01127538588537917,0.010629990842165612,0.03643668856124018,645.3666541421117,-25160.19590253379,0.0
74,AVGO,short,-1,3138,999849.2088056713,318.6262615696849,318.5480295511162,329.43216335869,2026-01-30,330.0840759277344,-35954.62145555921,-36200.11352982783,-2045.701641661278,-0.03596004391352904,-0.036205573011423575,-0.002046010161977211,245.49207426862267,-33908.91981389793,0.0
74,NVDA,short,-1,5349,999899.2974674482,186.93200550896395,186.91451927227143,189.40505550938056,2026-01-30,190.8971710205078,-21209.6703212481,-21303.20420131639,-7981.325869019674,-0.02121180640387297,-0.021305349703988483,-0.007982129689694584,93.53388006828754,-13228.344452228426,0.0
75,MU,long,1,2427,999787.0190733754,411.9435595687579,412.0947618689417,402.33914628973326,2026-02-06,394.4635925292969,-42423.88000477192,-42790.847987318,-19113.968976579115,-0.04243291740684062,-0.04279996356321719,-0.01911804075461428,366.9679825460771,-23309.911028192804,0.0
75,LRCX,long,1,4293,999782.7601808219,232.8867365899888,233.05243584324757,227.0182509074993,2026-02-06,230.57113647460935,-9940.871295323994,-10652.218189563871,15252.537739603458,-0.009943031317649523,-0.010654532778338065,0.015255851918115558,711.3468942398777,-25193.409034927452,0.0
75,ASML,long,1,719,999812.6061637572,1390.5599529398569,1391.3487620887695,1379.8290818056023,2026-02-06,1406.2545166015625,11284.391272766337,10717.237494698174,18999.887618295383,0.01128650629447864,0.010719246215368104,0.019003448747458015,567.1537780681629,-7715.496345529045,0.0
75,INTC,long,1,21915,999981.4734077454,45.630001068115234,45.668020725106736,48.40202951494253,2026-02-06,50.59000015258789,108698.37993621826,107865.17915324951,47949.37652399815,0.10870039378409181,0.10786717756446591,0.04795026487900406,833.20078296875,60749.00341222011,0.0
75,AMAT,long,1,3130,999914.5147992467,319.4615063256379,319.67828851084045,317.16822751216665,2026-02-06,321.3647155761719,5957.044954171301,5278.516714487374,13135.007640336347,0.00595755423689124,0.005278967988125609,0.013136130585096537,678.5282396839266,-7177.962686165047,0.0
75,SWKS,short,-1,18389,999960.8154673371,54.378205202421945,54.26914135062873,56.74690101323596,2026-02-06,60.83384323120117,-118712.7277112212,-120718.30288184666,-75154.78044616223,-0.11871737959625964,-0.1207230333574904,-0.07515772546651064,2005.5751706254523,-43557.947265058974,0.0
75,QCOM,short,-1,6690,999853.1681349912,149.45488312929615,149.37892942127604,142.56004358412866,2026-02-06,135.961669921875,90269.59635764749,89761.46605099297,44143.11980047701,0.09028285275729615,0.08977464782996435,0.04414960236893224,508.1303066545224,46126.47655717048,0.0
75,MRVL,short,-1,12894,999955.9838441254,77.55203845541534,77.49836392030433,76.09354933752215,2026-02-06,80.22004699707031,-34401.302136099184,-35093.3815918206,-53207.06082221403,-0.03440281641582907,-0.03509492633556859,-0.05320940289558587,692.0794557214176,18805.758686114845,0.0
75,AVGO,short,-1,3077,999757.5960297217,324.9130958822625,324.8317036299404,322.1371171567196,2026-02-06,331.6981506347656,-20877.613473452126,-21128.057433847152,-29419.30001194754,-0.020882675516907458,-0.021133180200632394,-0.029426433096161178,250.4439603950268,8541.686538495414,0.0
75,NVDA,short,-1,5348,999926.0170746009,186.9719553243457,186.9546921713032,180.6761573706712,2026-02-06,185.1841278076172,9561.30155946416,9468.978216992837,-24108.62589678711,0.009562008984861552,0.009469678811533903,-0.02411040965542599,92.32334247132349,33669.92745625127,0.0
76,MPWR,long,1,825,999672.9204767884,1211.7247520930769,1212.864527085462,1183.0391986791078,2026-02-13,1167.3514404296875,-36607.98212229622,-37548.29649101395,-12942.400555771757,-0.03661995976127497,-0.03756058178819678,-0.012946635135018914,940.3143687177289,-23665.581566524463,0.0
76,INTC,long,1,20165,999982.3530769348,49.59000015258789,49.62883564739352,48.35092750965196,2026-02-13,46.790000915527344,-56461.98461532593,-57245.10236808149,-31476.08477052289,-0.056462981013207895,-0.05724611258582608,-0.03147664023637149,783.1177527555628,-24985.899844803036,0.0
76,MU,long,1,2628,999879.3995501279,380.4716132230319,380.6108570706733,395.7396582126117,2026-02-13,411.4238586425781,81342.50096256746,80976.56813096582,41218.0787299518,0.0813523120880034,0.08098633511941472,0.041223050248356846,365.93283160163264,40124.42223261566,0.0
76,ASML,long,1,709,999031.1650853974,1409.0707547043687,1409.790202114487,1424.114815818661,2026-02-13,1401.7315673828125,-5203.483810983353,-5713.572024757293,-15869.723141016657,-0.005208530016717304,-0.005719112901016351,-0.01588511319330074,510.08821377393997,10666.239330033304,0.0
76,TXN,long,1,4565,999826.527968074,219.02004993824184,219.14540302381917,219.7236527539764,2026-02-13,223.8704376220703,22142.019776676978,21569.782941016463,18930.072922848667,0.022145861464263936,0.021573525344293746,0.018933357330816025,572.2368356605148,3211.946853828311,0.0
76,QCOM,short,-1,7367,999879.3308876455,135.72408455105816,135.64275615163237,137.2237198563655,2026-02-13,139.28794860839844,-26254.98651042586,-26854.132828995625,-15207.173216226609,-0.02625815505868886,-0.0268573736844383,-0.015209008473778932,599.1463185697648,-11047.813294199252,0.0
76,NXPI,short,-1,4555,999923.7512778556,219.522228601066,219.33805518244444,234.29052890246655,2026-02-13,242.345947265625,-103962.03851706629,-104800.94843888747,-36692.43064418675,-0.10396996609412236,-0.10480893998663075,-0.036695228608476946,838.9099218211777,-67269.60787287954,0.0
76,MRVL,short,-1,12570,999950.3675402205,79.55054634369296,79.48750731375287,81.11859228731858,2026-02-13,78.5512924194336,12560.621827940202,11768.221221593323,32270.959339314246,0.012561245273441017,0.011768805336350833,0.03227256110590532,792.4006063468787,-19710.337511374044,0.0
76,AVGO,short,-1,3034,999872.8934256418,329.55599651471385,329.4555854095364,338.4509479351456,2026-02-13,323.9765930175781,16927.9102103098,16623.26291720144,43915.192819899785,0.016930062132511137,0.016625376111806426,0.04392077543920902,304.64729310836265,-26987.282609589984,0.0
76,NVDA,short,-1,5433,999865.0309171145,184.03552934237337,184.00837815119357,189.47638366503105,2026-02-13,182.5873107910156,7868.171389526759,7720.658967846921,37428.33292452597,0.007869233492754289,0.0077217011587706365,0.03743338527420573,147.51242167983855,-29560.161534999206,0.0
77,MU,long,1,2495,999796.403523526,400.72000141223486,400.8712791282019,407.7029747848338,2026-02-20,427.9243774414063,67874.91819278274,67497.48029144506,50452.399628148334,0.06788874010105958,0.06751122533904652,0.05046267365069707,377.43790133768925,17422.51856463441,0.0
77,TXN,long,1,4459,999871.4674742558,224.23670497292125,224.36185459652057,221.3733750934807,2026-02-20,217.5055389404297,-30014.269338879858,-30572.31151050926,-17246.681406454416,-0.030018127644644135,-0.030576241552063708,-0.01724889845093862,558.0421716294004,-12767.587932425442,0.0
77,STM,long,1,30655,999969.7888085402,32.62012033301387,32.68761586297341,33.30445219379689,2026-02-20,33.48666763305664,26564.00748281106,24494.932011901456,5585.814290507627,0.026564810037373193,0.024495672055339857,0.005585983049711033,2069.0754709096036,20978.19319230343,0.0
77,ON,long,1,13867,999949.3784637451,72.11000061035156,72.1872404508382,70.85542685659618,2026-02-20,69.11000061035156,-41601.0,-42672.08486802825,-24203.825756674138,-0.04160310601313936,-0.04267424510387392,-0.024205051053543595,1071.0848680282506,-17397.174243325862,0.0
77,MPWR,long,1,872,999404.7450141582,1146.1063589611906,1147.443694594206,1161.2000522501542,2026-02-20,1199.8665771484375,46878.91025927929,45712.753587289946,33717.209711303076,0.04690683178476922,0.04573998053875795,0.03373729200257641,1166.1566719893453,13161.700547976216,0.0
77,QCOM,short,-1,7164,999986.4502599653,139.58493163874445,139.5029795712794,140.20951593609124,2026-02-20,141.44607543945312,-13333.234188276945,-13920.338799596486,-8858.71228208457,-0.013333414852581972,-0.013920527419124161,-0.008858832316959477,587.1046113195407,-4474.521906192374,0.0
77,AMD,short,-1,4946,999833.8698120118,202.1499938964844,202.03307828208423,200.1396051376986,2026-02-20,200.1499938964844,9892.0,9313.735371176757,-51.3828009546076,0.009893643632876618,0.009315282920879566,-5.13913386073514e-05,578.2646288232427,9943.382800954607,0.0
77,KLAC,short,-1,6934,999901.898460676,144.20275432083588,144.04891967279053,145.29165619042118,2026-02-20,149.24063110351562,-34932.63761110136,-35999.32706064779,-27382.19204739689,-0.03493606489284527,-0.036002858996535415,-0.027384878546136467,1066.6894495464294,-7550.44556370447,0.0
77,AVGO,short,-1,3139,999792.5377319079,318.5067020490309,318.4093617966272,327.3862767952676,2026-02-20,331.4291076660156,-40563.43123171512,-40868.98228401028,-12690.446103278124,-0.04057184835939645,-0.04087746281515976,-0.012693079438327473,305.551052295159,-27872.985128436994,0.0
77,INTC,short,-1,21772,999987.9666442871,45.93000030517578,45.89331977527562,45.15446186859416,2026-02-20,44.11000061035156,39625.03335571289,38826.42485872661,22740.010514457863,0.039625510183572236,0.038826892076530194,0.02274028415638613,798.6084969862786,16885.022841255028,0.0
78,AMAT,long,1,2691,999814.9834592439,371.5403134371029,371.7735605551709,377.5785705167904,2026-02-27,371.4405517578125,-268.45867897045423,-896.1266736914238,-16517.408480409587,-0.0002685083574579152,-0.000896292502629766,-0.016520465039702916,627.6679947209695,16248.949801439134,0.0
78,STM,long,1,29642,999992.9877655829,33.73567869123483,33.800981399072064,33.946316810279725,2026-02-27,33.47671127319336,-7676.312205585308,-9612.015071296575,-13920.047330314064,-0.0076763660340634105,-0.009612082473472117,-0.013920144941633515,1935.702865711267,6243.735124728756,0.0
78,ADI,long,1,2862,999997.369590455,349.40509070246503,349.5713193328379,353.8353935750704,2026-02-27,352.6361999511719,9247.434669798986,8771.68832967183,-3432.092151597533,0.009247458994403391,0.00877171140286523,-0.003432101179429235,475.74634012715615,12679.52682139652,0.0
78,TXN,long,1,4615,999996.3293842203,216.6839283606111,216.8123941565217,213.81057440448907,2026-02-27,209.96267700195312,-31018.57502020658,-31611.444668333934,-17758.046512703404,-0.03101868887789544,-0.03161156070222747,-0.017758111695908414,592.8696481273546,-13260.528507503175,0.0
78,TSM,long,1,2738,999708.5994945262,365.1236667255391,365.2435684458864,376.6974812260404,2026-02-27,372.6547546386719,20620.11870615747,20291.827795846602,-11068.985396215008,0.020626129170623758,0.02029774256829098,-0.011072211844343163,328.29091031086864,31689.10410237248,0.0
78,AMD,short,-1,5048,999958.301513672,198.08999633789065,197.97786075260436,206.6376767014657,2026-02-27,200.2100067138672,-10701.812377929544,-11267.872812454767,32446.878097397257,-0.010702258645915369,-0.011268342685288169,0.0324482311395198,566.0604345252232,-43148.6904753268,0.0
78,INTC,short,-1,22680,999961.2034606934,44.09000015258789,44.05421893905597,45.08563052816897,2026-02-27,45.61000061035156,-34473.61038208008,-35285.128304984006,-11892.713463901198,-0.03447494789075101,-0.03528649729896346,-0.01189317487792783,811.5179229039277,-22580.896918178878,0.0
78,QCOM,short,-1,7115,999979.1791545282,140.5452114061178,140.4656581388532,142.30299413548158,2026-02-27,140.93128967285156,-2746.946867810714,-3312.9683643983462,9759.677251612598,-0.0027470040627578154,-0.0033130373446369414,0.009759880460575491,566.0214965876321,-12506.624119423312,0.0
78,MRVL,short,-1,12766,999979.33459619,78.33145343852343,78.26345082889931,79.21800347298154,2026-02-27,81.62899017333984,-42096.3539566664,-42964.47527112787,-30778.656216774154,-0.04209722391279783,-0.042965363167707576,-0.030779292283278175,868.121314461474,-11317.697739892243,0.0
78,NXPI,short,-1,4350,999862.2371331175,229.8533878466937,229.6192063546546,230.96761376871632,2026-02-27,225.0744781494141,20788.257183166268,19769.56769279625,25635.139943964692,0.020791121427659844,0.019772291580369198,0.0256386720009226,1018.6894903700195,-4846.882760798424,0.0
79,STM,long,1,30853,999975.1758375346,32.41095439138932,32.472465704034306,32.08157752185474,2026-03-06,31.235633850097656,-36262.16466047163,-38159.97318950746,-26099.90010472131,-0.03626306486068522,-0.03816092050239784,-0.02610054802896602,1897.8085290358285,-10162.26455575032,0.0
79,ADI,long,1,2892,999730.7539451703,345.68836581783205,345.8341462051352,335.541697816921,2026-03-06,313.9906616210937,-91669.76053696733,-92091.35741704803,-62325.596678332535,-0.09169444890558494,-0.09211615932953357,-0.0623423821187667,421.59688008070225,-29344.16385863479,0.0
79,TSM,long,1,2751,999939.3508833672,363.482134090646,363.6126542536196,352.3843601161428,2026-03-06,337.1482238769531,-72444.58699786913,-72803.6479662095,-41914.61079401072,-0.07244898096456558,-0.0728080637109573,-0.041917153032313886,359.06096834036,-30529.976203858416,0.0
79,AMAT,long,1,2734,999916.0795171119,365.73375256661006,365.98140041384494,350.74686213721463,2026-03-06,323.9903259277344,-114126.52843068613,-114803.59764502628,-73152.36999671903,-0.11413610678788273,-0.11481323282696707,-0.07315850949416317,677.0692143401538,-40974.158433967095,0.0
79,SWKS,long,1,17466,999972.454308983,57.25251656412362,57.34548340895265,56.52620374005576,2026-03-06,54.33784484863281,-50907.656182762395,-52531.41509454633,-38221.87639759325,-0.050909058507958016,-0.052532862148535316,-0.03822292927459281,1623.758911783938,-12685.779785169143,0.0
79,AMD,short,-1,5158,999878.3314819335,193.8500061035156,193.734911059896,194.0424664402054,2026-03-06,192.42999267578125,7324.42926025376,6730.769025263915,8317.139676899777,0.00732532052114593,0.006731588047605901,0.008318151734094316,593.6602349898449,-992.7104166460167,0.0
79,KLAC,short,-1,6795,999854.8456920797,147.14567265519938,146.98464353468805,144.44507850398793,2026-03-06,134.13201904296875,88427.7762951071,87333.58342123262,70077.23903762532,0.08844061383119982,0.08734626210745824,0.07008741252748467,1094.19287387449,18350.53725748179,0.0
79,NVDA,short,-1,5720,999837.719640493,174.79680413295333,174.76952194953432,178.75947421286884,2026-03-06,177.60337829589844,-16053.604212046035,-16209.658301202739,6612.868645070692,-0.01605620981954787,-0.016212289237328602,0.006613941957949386,156.0540891567034,-22666.47285711673,0.0
79,QCOM,short,-1,7328,999881.8360630581,136.44675710467496,136.36268128976914,136.14685455529616,2026-03-06,135.190673828125,9204.578250558094,8588.470678928275,7006.892368710251,0.009205666028298169,0.008589485646368557,0.0070077204285450756,616.1075716298183,2197.685881847843,0.0
79,INTC,short,-1,22624,999980.8172607422,44.20000076293945,44.17802113843399,44.24015853105505,2026-03-06,43.41999816894531,17646.778686523438,17149.511661711855,18555.308032370736,0.01764711720657146,0.017149840642633217,0.018555663980834636,497.2670248115828,-908.5293458472988,0.0
80,MRVL,long,1,11381,999983.9877684831,87.86433422093693,87.97148664019947,90.32376535489124,2026-03-13,87.79438781738281,-796.0600188493559,-2015.5617024764088,-28786.845754383372,-0.0007960727657507854,-0.002015593976633807,-0.028787306703403053,1219.501683627053,27990.785735534017,0.0
80,STM,long,1,32117,999995.755971988,31.13602627804552,31.20298779307143,33.187872938729285,2026-03-13,32.73964309692383,51503.361371914616,49352.7583938275,-14395.797829265859,0.05150357995455066,0.04935296784920553,-0.014395858925694397,2150.6029780871177,65899.15920118048,0.0
80,AMAT,long,1,3127,999827.5601773476,319.7401855380069,319.97749811078404,338.3277109646825,2026-03-13,340.7416076660156,65671.44699428321,64929.370579209164,7548.254985068607,0.06568277332006583,0.06494056891939656,0.007549556829309357,742.0764150740433,58123.1920092146,0.0
80,AVGO,long,1,3067,999992.029410163,326.0489173166492,326.1413736451224,337.5973494114052,2026-03-13,320.9776306152344,-15553.63631323921,-15837.199872666659,-50972.67754785598,-0.015553760285882871,-0.01583732610549716,-0.05097308383339994,283.5635594274481,35419.04123461677,0.0
80,NVDA,long,1,5662,999991.7976264134,176.61458806542095,176.64183350810677,182.61788435129264,2026-03-13,180.0401611328125,19395.594707570977,19241.33101108384,-14595.06886303458,0.01939575379878963,0.019241488836963642,-0.014595188578223865,154.26369648713808,33990.66357060555,0.0
80,MCHP,short,-1,15907,999983.3550409367,62.8643587754408,62.80489813649194,63.70974435356794,2026-03-13,61.262088775634766,25487.308886914572,24541.468503155116,38934.85727818303,0.025487733129189123,0.024541877001693146,0.03893550535807582,945.840383759456,-13447.548391268458,0.0
80,TXN,short,-1,5241,999975.8535008462,190.79867458516432,190.7194172311869,192.4140343856197,2026-03-13,188.8486175537109,10220.24890184733,9804.861109651643,18686.349616033902,0.010220495691037884,0.009805097868439026,0.018686800836854495,415.3877921956864,-8466.100714186572,0.0
80,MPWR,short,-1,990,999393.4376992139,1009.4883209082968,1008.0915087392935,1040.4824652580014,2026-03-13,1048.8892822265625,-39006.95170508302,-40389.79575239627,-8322.748798875476,-0.039030626211519,-0.04041430954898098,-0.008327800128481895,1382.8440473132505,-30684.20290620754,0.0
80,INTC,short,-1,23397,999987.8192710876,42.7400016784668,42.71494852849633,45.656029121691645,2026-03-13,45.77000045776367,-70892.88143920898,-71479.04998906802,-2666.5873500772036,-0.07089374497669813,-0.07147992066660434,-0.002666619831450483,586.1685498590377,-68226.29408913178,0.0
80,ON,short,-1,17866,999960.041809082,55.970001220703125,55.89781008057121,58.26437339228444,2026-03-13,58.54999923706055,-46094.2445602417,-47384.011469838464,-5102.9913427699175,-0.046096086476465695,-0.047385904924874274,-0.005103195257220298,1289.766909596765,-40991.25321747178,0.0
81,MRVL,long,1,11225,999961.3768842764,89.0834188761048,89.18147322407282,89.46118464168798,2026-03-20,87.84434509277344,-13908.603217894557,-15009.263273835542,-18149.023936565725,-0.013909140432235087,-0.015009843000738753,-0.01814972493549226,1100.6600559409853,4240.420718671168,0.0
81,AMAT,long,1,2882,999758.2204641668,346.8973700430836,347.1512690096968,348.8632096887541,2026-03-20,356.2357177734375,26913.11815887999,26181.381337100644,21247.568300057486,0.026919626773746146,0.026187712990191944,0.02125270676963545,731.7368217793446,5665.549858822502,0.0
81,MU,long,1,2242,999716.9580621774,445.9040847734957,446.0509260622677,446.2796114341341,2026-03-20,422.6574096679688,-52119.04558659129,-52448.26375601813,-52960.97635974258,-0.0521338016388332,-0.05246311301719073,-0.052975970781170514,329.2181694268438,841.930773151289,0.0
81,INTC,long,1,20872,999977.5168151855,47.90999984741211,47.93643953681307,45.83731083417605,2026-03-20,43.869998931884766,-84322.89910888672,-84874.74830606354,-41061.734024623715,-0.08432479499883712,-0.0848766566036204,-0.0410626572439355,551.8491971768235,-43261.165084263004,0.0
81,KLAC,long,1,6894,999910.8111000289,145.04073268059602,145.1562314006126,146.28195368804967,2026-03-20,149.50698852539062,30790.36779401399,29994.119618219724,22233.390168628554,0.03079311419799599,0.029996794999368376,0.022235373317115153,796.248175794266,8556.977625385436,0.0
81,NXPI,short,-1,5183,999909.40401165,192.92097318380283,192.75922917492616,191.080524580724,2026-03-20,189.73834228515625,16495.575947685218,15657.256749677454,6956.530837927588,0.016497070516093504,0.015658675362848203,0.006957161128816163,838.3191980077645,9539.04510975763,0.0
81,MCHP,short,-1,15947,999974.348510852,62.70611077386668,62.6589814546597,62.82147628963954,2026-03-20,62.28081512451172,6782.189720263622,6030.618466869898,8621.923600293387,0.006782363697992419,0.006030773165182299,0.008622144771146416,751.571253393724,-1839.7338800297648,0.0
81,ON,short,-1,16688,999944.9294433594,59.91999816894531,59.84824805428926,59.83993743611533,2026-03-20,59.2599983215332,11014.077453613281,9816.711540233035,9678.023944146496,0.011014684038394496,0.009817252181775366,0.009678556947665083,1197.3659133802466,1336.0535094667848,0.0
81,TXN,short,-1,5198,999849.7623693247,192.3527822949836,192.26300857882177,190.1986970411445,2026-03-20,185.29495239257807,36686.59983270394,36219.95605609476,25489.664683248306,0.03669211236873069,0.03622539847413178,0.02549349476549951,466.643776609184,11196.935149455636,0.0
81,MPWR,short,-1,930,999793.7672749585,1075.047061585977,1073.805009027532,1068.708946844342,2026-03-20,1065.0921630859375,9258.0556050367,8102.946725682814,3363.6088953162857,0.009259965312916972,0.008104618163172025,0.0033643027246350516,1155.1088793538856,5894.446709720414,0.0
82,MRVL,long,1,11187,999929.7486420283,89.3831901887931,89.4818265905063,93.79819427769948,2026-03-27,94.80913543701172,60700.04949182175,59596.6040658561,11309.398749226015,0.060704314052318666,0.05960079110236723,0.01131019330566466,1103.4454259656486,49390.65074259574,0.0
82,AMD,long,1,4844,999801.5704345704,206.3999938964844,206.48289579471373,207.84732568823864,2026-03-27,201.9900054931641,-21361.983825683594,-21763.560620706437,-28372.85902494112,-0.02136622351613077,-0.02176788001167748,-0.028378490156410405,401.5767950228437,7010.875199257527,0.0
82,KLAC,long,1,6536,999900.9112714052,152.98361555560055,153.0980038618233,150.35193169044345,2026-03-27,143.9743194580078,-58884.75929386614,-59632.40126333794,-41684.073551199326,-0.05889059468801997,-0.05963831074772547,-0.041688204382368976,747.6419694717988,-17200.685742666814,0.0
82,INTC,long,1,22471,999959.5,44.5,44.52665798513717,44.773991516320606,2026-03-27,43.130001068115234,-30785.24599838257,-31384.27758239992,-36942.10936162291,-0.030786492851343047,-0.03138554869712216,-0.03694360557764881,599.0315840173535,6156.8633632403435,0.0
82,MU,long,1,2347,999600.2642447117,425.90552375147496,426.04006950114143,387.8941894634419,2026-03-27,357.0151062011719,-161685.80999056133,-162001.58886502855,-72473.2084165477,-0.16175046743583002,-0.1620663725888822,-0.07250219013428108,315.77887446721434,-89212.60157401364,0.0
82,MCHP,short,-1,15571,999959.7335037343,64.21936506992064,64.16762233533373,63.85610965653245,2026-03-27,61.321434020996094,45123.68436280413,44317.998242551366,39467.434320936656,0.04512550140863809,0.04431978284492179,0.03946902360022806,805.6861202527652,5656.250041867475,0.0
82,NXPI,short,-1,5086,999803.5000540916,196.57953205939668,196.4237906486847,195.01155952198047,2026-03-27,191.01206970214844,28316.11354896458,27524.012734083437,20341.405223665734,0.028321678757308427,0.027529422264069216,0.020345403094273243,792.1008148811416,7974.708325298845,0.0
82,TXN,short,-1,5191,999942.0484930988,192.6299457701982,192.5432569725364,191.3798093049081,2026-03-27,188.40316772460935,21941.20483465169,21491.203285989322,15451.746443330794,0.021942476434226196,0.021492448805784613,0.01545264194721724,450.001548662367,6489.458391320895,0.0
82,ON,short,-1,16444,999959.6625823975,60.810001373291016,60.73979907851314,61.35230862776413,2026-03-27,58.34999847412109,40452.28767395031,39297.88113862288,49369.98816650623,0.04045391948059406,0.039299466377609706,0.04937197970466944,1154.4065353274345,-8917.700492555916,0.0
82,ADI,short,-1,3188,999956.3560950954,313.6625960147727,313.506444488906,314.4476021928675,2026-03-27,305.6689147949219,25483.85572888444,24986.044664421475,27986.455424650718,0.025484967992403997,0.024987135200574006,0.027987676916160546,497.81106446296326,-2502.599695766279,0.0
83,MRVL,long,1,10520,999915.0684475177,95.0489608790416,95.15003445569602,98.63873509403076,2026-04-02,107.0300064086914,126040.59897191594,124977.30494551151,88276.17423022995,0.12605130470491696,0.12498792036362953,0.08828367229957719,1063.29402640443,37764.42474168599,0.0
83,AMD,long,1,4879,999951.0351104736,204.9499969482422,205.03732396641635,203.7033885294635,2026-04-02,217.5,61231.46488952637,60805.39636785462,67313.6673647476,0.061234463228253544,0.06080837384316213,0.06731696353243022,426.06852167174657,-6082.202475221231,0.0
83,STM,long,1,30374,999999.4815162547,32.92287751090586,32.98764291563142,33.165230222441174,2026-04-02,34.28134536743164,41262.102674113965,39294.918270979935,33900.88141394043,0.04126212406785459,0.039294938644766894,0.033900898991005506,1967.1844031340297,7361.221260173537,0.0
83,KLAC,long,1,6823,999890.9405370638,146.54711132010314,146.67181954861385,145.32351129762588,2026-04-02,151.31961059570312,32562.76255741869,31711.878314290094,40911.38551078101,0.03256631422215757,0.031715337171928905,0.04091584777116451,850.8842431285957,-8348.62295336232,0.0
83,INTC,long,1,22872,999963.8679199219,43.720001220703125,43.748790715493726,44.19704786396157,2026-04-02,50.380001068115234,152327.51651000977,151669.04318515913,141416.50568540258,0.1523330206189093,0.1516745235011881,0.14142161554254012,658.4733248506382,10911.01082460719,0.0
83,MCHP,short,-1,16200,999976.4715684112,61.7269426894081,61.66825865392329,62.23390819547658,2026-04-02,64.88202667236328,-51112.36052387397,-52063.04189872788,-42899.51932556456,-0.0511135631458477,-0.05206426688926961,-0.042900528707719376,950.6813748539134,-8212.841198309412,0.0
83,NXPI,short,-1,5186,999840.113562877,192.79601109966777,192.63386711361173,192.39366602549455,2026-04-02,193.89230346679688,-5685.372215931561,-6526.25092761817,-7771.933770593839,-0.005686281375201121,-0.00652729455348838,-0.007773176596104918,840.8787116866088,2086.5615546622776,0.0
83,MU,short,-1,2757,999699.8318728264,362.6042190325812,362.4787830088412,343.5327218895185,2026-04-02,366.18365478515625,-9868.504369849337,-10214.33148730054,-62448.62199327332,-0.009871467469752187,-0.010217398424650253,-0.0624673727075484,345.82711745120287,52580.11762342398,0.0
83,ADI,short,-1,3202,999731.3476762022,312.2209080812624,312.0420286647499,311.0754126691569,2026-04-02,316.506103515625,-13721.195780829064,-14293.967672502004,-17389.072090390888,-0.01372488300254155,-0.014297808812064581,-0.017393744960394045,572.7718916729391,3667.8763095618233,0.0
83,TSM,short,-1,3063,999872.0628019361,326.4355412347163,326.307435848673,329.2267358799153,2026-04-02,338.2478942871094,-36181.23739947996,-36573.62419693068,-27631.808201235508,-0.036185866917902945,-0.036578303922644474,-0.027635343789687496,392.38679745072295,-8549.429198244448,0.0
84,MRVL,long,1,9143,999953.9522969787,109.36825465350309,109.49943247941508,114.8781517672796,2026-04-10,128.45831298828125,174540.40335487676,173341.0444925634,124163.41404361805,0.1745484409096466,0.17334902681706932,0.12416913174692114,1199.3588623133546,50376.989311258716,0.0
84,INTC,long,1,19654,999995.5409927368,50.880001068115234,50.91507681036952,55.6331468277431,2026-04-10,62.380001068115234,226021.0,225331.62136173426,132602.673240274,0.22602200783377457,0.22533262612155078,0.1326032645191936,689.3786382657418,93418.32675972601,0.0
84,AMD,long,1,4560,999916.7944335938,219.27999877929688,219.36821554861947,228.37507726971367,2026-04-10,245.0399932861328,117465.57495117188,117063.30648306082,75992.01703487129,0.1174753495541703,0.11707304761229831,0.07599834051984017,402.268468111055,41473.55791630059,0.0
84,KLAC,long,1,6582,999886.0108857488,151.91218640014415,152.04755851206082,162.27603526139967,2026-04-10,173.3106689453125,140844.81211229807,139953.79287166256,72629.95890751424,0.1408608687179559,0.13996974789924757,0.07263823887602448,891.0192406355054,68214.85320478382,0.0
84,MPWR,long,1,887,999321.6780445515,1126.6309786297086,1128.216761831094,1241.8415512946813,2026-04-10,1351.787353515625,199713.70452380786,198307.1148241791,97521.92656997709,0.19984926666916983,0.1984417222012252,0.09758812273622007,1406.589699628763,102191.77795383077,0.0
84,MU,short,-1,2675,999761.1645973937,373.742491438278,373.60516059161296,398.06533516740063,2026-04-10,420.52532958984375,-125144.09205543832,-125511.45207026738,-60080.48508003534,-0.12517398803526655,-0.12554143580963273,-0.060094837854828956,367.36001482905704,-65063.60697540298,0.0
84,QCOM,short,-1,7930,999927.5921844863,126.09427391985956,126.05490807067991,126.78196683813164,2026-04-10,127.58875274658205,-11851.217095909307,-12163.388279903898,-6397.812254011735,-0.011852075278789549,-0.012164269068054437,-0.0063982755391665804,312.17118399459105,-5453.404841897573,0.0
84,NXPI,short,-1,5108,999870.6136147927,195.74600893006905,195.56698498343715,201.20089301102672,2026-04-10,203.67909240722656,-40522.19040132056,-41436.64472071631,-12658.642515788788,-0.04052743409952042,-0.04144200675216571,-0.012660280583729228,914.4543193957506,-27863.54788553177,0.0
84,AVGO,short,-1,3179,999993.0600568893,314.56214534661507,314.4717869988705,340.77281209425104,2026-04-10,370.9628601074219,-179297.87222460483,-179585.12141208473,-95974.16263387009,-0.17929911655027347,-0.17958636773126024,-0.09597482869372129,287.2491874799016,-83323.70959073474,0.0
84,TSM,short,-1,2950,999920.8011531511,338.9562037807292,338.8040313801108,356.7666897874024,2026-04-10,369.734130859375,-90794.88488200512,-91243.79346382935,-38253.95116231913,-0.09080207630173971,-0.09125102043942195,-0.03825698107110388,448.9085818242311,-52540.93371968599,0.0
85,MRVL,long,1,7695,999872.5256696405,129.93795005453418,130.04359373905388,133.13755753489622,2026-04-17,139.65554809570312,74776.916926795,73963.98877441598,50155.937365409154,0.07478645027946434,0.07397341848640193,0.05016233177506145,812.9281523790269,24620.97956138585,0.0
85,INTC,long,1,16082,999978.7649078369,62.18000030517578,62.21679453906585,64.99519596579611,2026-04-17,68.5,101638.23509216309,101046.51022274297,56364.25847806689,0.10164039343528518,0.1010486560002661,0.0563654554037072,591.7248694201116,45273.976614096195,0.0
85,MPWR,long,1,749,999446.1479254919,1334.37402927302,1336.2365301448235,1370.3372580207615,2026-04-17,1466.1129150390625,98672.4254387659,97277.412285785,71735.96710670744,0.09872710565104091,0.09733131943897089,0.0717757202382607,1395.0131529809005,26936.458332058464,0.0
85,LRCX,long,1,3803,999940.9690816004,262.93478019500407,263.14937087985174,266.5955379482016,2026-04-17,267.41162109375,17025.425937930788,16209.337563455065,3103.5642025206357,0.01702643102379119,0.016210294472025277,0.0031037474195812938,816.088374475723,13921.861735410152,0.0
85,AMD,long,1,4081,999967.4250183105,245.02999877929688,245.1160735417587,259.19471046341897,2026-04-17,278.3900146484375,136142.2247619629,135790.95365635614,78336.03637906062,0.1361466597369109,0.13579537718828155,0.07833858825713867,351.2711056067492,57806.18838290227,0.0
85,QCOM,short,-1,7841,999954.7477817844,127.52898198976972,127.4902036512957,131.91875517244193,2026-04-17,135.69879150390625,-64059.476400344545,-64363.53735231931,-29639.264875011704,-0.06406237536493396,-0.06436645007696395,-0.02964060617819052,304.0609519747668,-34420.21152533284,0.0
85,SWKS,short,-1,17964,999989.4696452231,55.66630314212999,55.58498808779269,56.89411727891944,2026-04-17,58.48183822631836,-50578.27225235986,-52039.015888475165,-28521.81909907422,-0.05057880486511928,-0.052039563883545296,-0.028522119447110986,1460.7436361153086,-22056.453153285638,0.0
85,NVDA,short,-1,5381,999862.0908044103,185.81343445538195,185.790071237941,193.91107619109516,2026-04-17,201.44520568847656,-84114.5610052821,-84240.27847833191,-40541.15082540931,-0.08412616277671868,-0.08425189758975542,-0.040546742594064246,125.71747304980818,-43573.410179872786,0.0
85,MU,short,-1,2401,999790.7345724723,416.4059702509256,416.2674225769979,445.5171738607801,2026-04-17,455.0000305175781,-92664.33870023277,-92996.99166533315,-22768.338832972117,-0.09268373420149531,-0.09301645679393124,-0.02277310445641232,332.65296510038024,-69895.99986726065,0.0
85,NXPI,short,-1,4985,999988.7359732131,200.59954583213903,200.4362199641403,208.57426182647384,2026-04-17,215.2996826171875,-73280.18187346663,-74094.36132544033,-33526.22264170757,-0.07328100731269598,-0.07409519593571214,-0.03352660028623127,814.1794519737014,-39753.95923175906,0.0
86,MRVL,long,1,6780,999871.0582014599,147.47360740434513,147.57559680596924,155.54572756237343,2026-04-24,164.26947021484375,113875.94985518063,113184.46171216917,59146.97518374878,0.11389063511850968,0.11319905780227524,0.059154602684610855,691.488143011462,54728.97467143185,0.0
86,INTC,long,1,14609,999986.0054168701,68.44999694824219,68.48862346061216,70.3837566713328,2026-04-24,82.54000091552734,205840.86795806885,205276.57323885593,177590.57216343802,0.20584374865552119,0.20527944603912837,0.17759305750424456,564.2947192129213,28250.29579463083,0.0
86,ON,long,1,12096,999976.2978515625,82.66999816894531,82.8009838647409,89.8936523474278,2026-04-24,98.4000015258789,190270.12060546875,188685.7176291253,102892.79966254454,0.1902746305230053,0.1886901899920172,0.10289523850076099,1584.4029763434373,87377.32094292421,0.0
86,STM,long,1,22649,999958.2890541069,44.15021806941176,44.226864060146646,46.64763032007491,2026-04-24,50.41315841674805,141849.33592681962,140113.38088266514,85285.44586154987,0.14185525284359563,0.14011922538809388,0.08528900334655373,1735.9550441544852,56563.89006526975,0.0
86,AMD,long,1,3563,999777.8217468262,280.6000061035156,280.6965412439825,297.62978759246033,2026-04-24,347.8099975585937,239469.19955444316,239125.2448489597,178792.08810933316,0.23952241622647633,0.23917838508475478,0.17883182065085726,343.95470548345475,60677.11144511,0.0
86,MU,short,-1,2182,999747.7090652083,458.1795183616903,458.0247347322328,469.9966924410565,2026-04-24,496.64361572265625,-83928.66044162764,-84266.398321104,-58143.58660045066,-0.08394984022529368,-0.08428766333447807,-0.05815825940208107,337.73787947636447,-25785.073841176978,0.0
86,QCOM,short,-1,7357,999875.3811017601,135.90803059694986,135.8569122186843,138.022912441049,2026-04-24,148.30226135253906,-91184.35566886979,-91560.43357776948,-75625.16994183249,-0.09119572037906762,-0.09157184516022314,-0.07563459544178526,376.0779088996933,-15559.1857270373,0.0
86,ASML,short,-1,686,999104.9424266332,1456.4211988726431,1455.4217521460582,1457.0919701970956,2026-04-24,1452.644287109375,2590.9614696019285,1905.3410151646922,3051.110598176355,0.00259328260683906,0.0019070479328597719,0.003053843964344522,685.6204544372363,-460.1491285744264,0.0
86,SWKS,short,-1,17554,999963.8435744459,56.96501330605252,56.88058375394126,60.2343088787719,2026-04-24,63.10169219970703,-107723.2612992113,-109205.33765697236,-50334.04681569532,-0.10772715632811923,-0.10920928627440135,-0.05033586678071528,1482.0763577610633,-57389.21448351598,0.0
86,TSM,short,-1,2714,999721.8651502114,368.3573563560101,368.1997960164738,376.93897091930376,2026-04-24,401.5196838378906,-90002.55678582378,-90430.17554732531,-66712.05486104476,-0.09002759659788036,-0.09045533432815125,-0.06673061497061591,427.61876150153694,-23290.50192477902,0.0
87,INTC,long,1,11951,999940.1481170654,83.66999816894531,83.72174179971186,88.00233026277657,2026-05-01,99.62000274658205,190618.5047073366,190000.11657604552,138842.80385395928,0.1906299142666491,0.19001148912144863,0.13885111435460096,618.3881312910817,51775.70085337732,0.0
87,AMD,long,1,2887,999825.8611450195,346.32000732421875,346.42922126895763,335.64532176449524,2026-05-01,360.5400085449219,41053.14352416992,40737.842865708764,71870.9607350917,0.04106029371670291,0.04074493814258316,0.07188347844171956,315.3006584611576,-30817.817210921785,0.0
87,MRVL,long,1,6169,999933.342230712,162.09002143470772,162.18832829756215,157.30386251165723,2026-05-01,164.90931701660156,17392.2344447031,16785.77940775413,46918.04884100159,0.017393393849537458,0.016786898384953737,0.04692117650195958,606.4550369489698,-29525.81439629849,0.0
87,ON,long,1,10190,999944.672012329,98.12999725341795,98.26419905420444,98.82240291778164,2026-05-01,103.02999877929688,49931.0155487062,48563.49919869192,42875.40182884019,0.04993377828417547,0.048566186268046985,0.04287777416980082,1367.5163500142808,7055.613719866007,0.0
87,MPWR,long,1,621,998553.4217847113,1607.9765246130617,1609.8193148707455,1559.0749576139056,2026-05-01,1581.0675048828125,-16710.501252484726,-17854.87400250641,13657.371853991213,-0.016734709318423947,-0.017880739891306417,0.013677156931255052,1144.3727500216846,-30367.87310647594,0.0
87,ASML,short,-1,686,998786.4594668808,1455.9569379983684,1455.0458501365777,1413.158246268944,2026-05-01,1425.1768798828125,21115.11986727135,20490.113594082897,-8244.782659113851,0.02114077505470179,0.020515009389514394,-0.008254800193741757,625.0062731884536,29359.9025263852,0.0
87,SWKS,short,-1,15834,999937.0567147711,63.15126037102255,63.05410424531104,63.30397099212541,2026-05-01,68.80216217041016,-89476.37909150333,-91014.74918601944,-87058.35911696071,-0.08948201138326868,-0.09102047831394763,-0.08706383920102466,1538.3700945161108,-2418.0199745426216,0.0
87,QCOM,short,-1,6421,999973.1622040992,155.7348017760628,155.63425357661146,160.16600417841036,2026-05-01,176.35862731933594,-132425.58381335685,-133071.20380203388,-103972.83318788312,-0.13242913791953165,-0.1330747752356912,-0.10397562366444968,645.6199886770337,-28452.750625473724,0.0
87,NVDA,short,-1,4775,999913.3140653255,209.4059296471886,209.3825802354176,208.35675818953024,2026-05-01,198.21897888183597,53417.68990455883,53306.19646335233,48407.89619424016,0.05342232086837578,0.05331081776141824,0.048412092841757695,111.49344120649766,5009.7937103186705,0.0
87,AMAT,short,-1,2409,999830.5962353763,415.0396829536639,414.7901867592869,391.1614977341554,2026-05-01,388.1817932128906,64700.65638552278,64099.62005326858,7178.108191726784,0.06471161877735855,0.06411048061003576,0.007179324396306973,601.0363322541962,57522.548193796,0.0
88,INTC,long,1,10082,999932.7630767822,99.18000030517578,99.23201173552056,106.725023848914,2026-05-08,124.91999816894533,259510.65846252456,258986.2792217885,183441.73109455578,0.25952810833401746,0.2590036938332639,0.18345406598150418,524.3792407360452,76068.92736796878,0.0
88,AMD,long,1,2775,999860.2432250977,360.30999755859375,360.4291817601264,391.45189930780174,2026-05-08,455.1900024414063,263292.01354980486,262961.2773905517,176873.2361957527,0.263328815535803,0.26299803314747006,0.1768979588839731,330.736159253167,86418.77735405217,0.0
88,ON,long,1,9533,999916.3641815186,104.88999938964844,104.9997442254624,102.53195321810496,2026-05-08,103.1999969482422,-16110.793273925647,-17156.990793740086,6368.46087939833,-0.016112140826011118,-0.01715842585273013,0.006368993555387238,1046.1975198144391,-22479.25415332398,0.0
88,STM,long,1,17775,999960.4890112042,56.25656759556704,56.32152344981702,56.713356098814735,2026-05-08,59.10335540771485,50601.65336092731,49447.06305163391,42482.23771569956,0.05060365276128459,0.049449016831183884,0.04248391629724038,1154.5903092934022,8119.415645227753,0.0
88,MRVL,long,1,6044,999914.4487058601,165.43918740997023,165.51308308562764,168.44209362709825,2026-05-08,170.08804321289062,28097.684472850862,27651.059009177472,9948.119296529143,0.02810008847178507,0.027653424795456124,0.009948970443825972,446.6254636733902,18149.565176321717,0.0
88,ASML,short,-1,714,999571.0071085938,1399.959393709515,1399.135338362276,1482.6016560205512,2026-05-08,1589.9637451171875,-135663.1069050781,-136251.48242300688,-76656.53161499831,-0.13572133039102804,-0.13630995842619958,-0.0766894308356728,588.3755179287691,-59006.575290079796,0.0
88,AMAT,short,-1,2588,999657.0346733815,386.2662421458197,386.0261741439889,411.33760712721016,2026-05-08,434.434814453125,-124660.26513130608,-125281.56112004424,-59775.5725594676,-0.1247030339480744,-0.12532454309289942,-0.05979608054176111,621.2959887381585,-64884.69257183848,0.0
88,NVDA,short,-1,5018,999925.5629866727,199.2677487020073,199.2422368694807,203.7628321122363,2026-05-08,214.9494781494141,-78690.91836708723,-78818.93674270573,-56134.5898145581,-0.07869677632007498,-0.0788248042257084,-0.05613876861682581,128.0183756184997,-22556.32855252913,0.0
88,KLAC,short,-1,5826,999955.4313433561,171.63670294256028,171.5045236197191,177.20070454094713,2026-05-08,186.4699859619141,-86418.70687075533,-87188.78360562805,-54002.833558553524,-0.08642255860809621,-0.08719266966578425,-0.054005240499574315,770.076734872724,-32415.873312201802,0.0
88,TSM,short,-1,2477,999654.9433026544,403.5748660890813,403.4401889092863,408.2947462391,2026-05-08,410.7181396484375,-17693.888606525314,-18027.483980877543,-6002.745474929005,-0.01769999610872562,-0.018033706632128926,-0.0060048174774159245,333.59537435222956,-11691.14313159631,0.0
89,INTC,long,1,7640,999923.2373046875,130.8800048828125,130.9456723087532,120.78509786011914,2026-05-15,108.7699966430664,-168920.46295166016,-169422.16208584703,-91795.37329828287,-0.16893343073713193,-0.16943516838605308,-0.09180242029950127,501.69913418687065,-77125.08965337729,0.0
89,AMD,long,1,2171,999854.0234985353,460.5499877929688,460.7396324480065,448.2385290336618,2026-05-15,424.1000061035156,-79132.91024780285,-79544.62879388967,-52404.733281347326,-0.07914446347969192,-0.07955624213578634,-0.05241238425783471,411.7185460868204,-26728.176966455525,0.0
89,MU,long,1,1261,999793.9725888227,792.858027429677,793.0743045313872,780.1811780535471,2026-05-15,724.5485229492188,-86138.28514985787,-86411.01057511436,-70152.77808655807,-0.08615603565484113,-0.08642881728058979,-0.07016723446022338,272.72542525648896,-15985.507063299796,0.0
89,QCOM,long,1,4326,999981.8209033825,231.15622304747632,231.3060474172799,216.98966510813148,2026-05-15,200.74855041503903,-131543.5918079237,-132191.73203169397,-70259.0621623179,-0.13154598319506183,-0.13219413520165008,-0.07026033943181681,648.140223770286,-61284.529645605784,0.0
89,ON,long,1,9734,999973.8526763916,102.7300033569336,102.83428828478074,109.04748429829796,2026-05-15,113.11000061035156,101038.89326477051,100023.78377710638,39544.53378152977,0.10104153523049007,0.10002639919973563,0.039545567792288114,1015.1094876641291,61494.35948324074,0.0
89,KLAC,short,-1,5410,999929.8128414317,184.8299099522055,184.7009397992332,182.8424942044528,2026-05-15,179.99856567382812,26137.572546021584,25439.84401844144,15385.65335067952,0.02613940719673938,0.025441629694139017,0.01538673330176962,697.7285275801441,10751.919195342063,0.0
89,ASML,short,-1,642,999777.6097346789,1557.2859964714623,1556.3916128996686,1539.6746602779508,2026-05-15,1499.8702392578125,36860.9161311632,36286.72187807164,25554.438294928794,0.03686911546353329,0.036294793486824954,0.025560122617379312,574.1942530915549,11306.477836234404,0.0
89,AMAT,short,-1,2281,999616.2689349392,438.2359793664792,437.9823308592148,435.6229964797908,2026-05-15,435.612060546875,5985.1588275172435,5406.586582447112,24.94486298093898,0.005987456400538827,0.005408662054097685,2.495443877430784e-05,578.5722450701314,5960.213964536304,0.0
89,TSM,short,-1,2464,999865.7969610284,405.7896903250927,405.6521047848993,401.4927315189099,2026-05-15,403.4053039550781,5875.128015715894,5536.117244679324,-4712.578482718456,0.005875916581577886,0.005536860308159041,-0.004713211009959307,339.0107710365701,10587.70649843435,0.0
89,LRCX,short,-1,3421,999972.3165005391,292.30409719396056,292.12247762912256,291.86721811445324,2026-05-15,284.51959228515625,26630.791293019538,26009.470761708733,25136.227962024994,0.02663152854692571,0.026010190814812133,0.02513692384004257,621.3205313108047,1494.5633309945442,0.0
90,MU,long,1,1332,999459.0432726212,750.3446270815475,750.5650796911897,728.8196939026652,2026-05-22,750.884521484375,719.1393445662106,425.4964685228456,29390.350338837423,0.0007195285783912327,0.00042572676828217304,0.029406257851849416,293.64287604336505,-28671.210994271212,0.0
90,INTC,long,1,8812,999897.6507568359,113.47000122070312,113.53555423351423,114.74763942616109,2026-05-22,119.83999633789062,56132.39697265625,55554.743823764766,44873.84910616069,0.056138142669071064,0.05556043039176523,0.044878442380772744,577.6531488914843,11258.547866495559,0.0
90,AMD,long,1,2328,999876.0,429.5,429.696262368101,436.4831802785262,2026-05-22,467.510009765625,88487.302734375,88030.40394143593,72230.45904596597,0.08849827652066357,0.08804132106524802,0.07223941673364094,456.8987929390714,16256.843688409033,0.0
90,QCOM,long,1,4854,999968.2286027895,206.00911178467027,206.17529874654176,202.89206342911072,2026-05-22,237.2835998535156,151806.36508617524,150999.69357325102,166936.51780406127,0.151811188339741,0.15100449119692141,0.16694182177899206,806.671512924222,-15130.152717886027,0.0
90,STM,long,1,15840,999960.5248477701,63.1288210131168,63.21831858876763,63.55865223429349,2026-05-22,66.78469848632812,57909.09917566741,56491.45757735824,51100.57263222862,0.057911385236415466,0.05649368767427921,0.051102589914744846,1417.641598309172,6808.526543438791,0.0
90,KLAC,short,-1,5498,999989.54556748,181.88242007411424,181.75035974067703,179.94809436744782,2026-05-22,188.6248016357422,-37069.61382583048,-37795.68153906825,-47704.536561082416,-0.037070001371658334,-0.03779607667560138,-0.04770503529015472,726.067713237775,10634.922735251937,0.0
90,ASML,short,-1,658,999689.634772334,1519.2851592284712,1518.330689072942,1526.0509713249307,2026-05-22,1630.7908935546875,-73370.7731866503,-73998.8145489885,-68918.86882717995,-0.07339355199312386,-0.07402178833817832,-0.0689402654883736,628.0413623382046,-4451.904359470354,0.0
90,AVGO,short,-1,2376,999687.9877758384,420.74410259925855,420.616275926815,414.3039013610879,2026-05-22,413.485595703125,17246.212385213323,16942.49621148739,1944.2942433199069,0.017251595093768866,0.01694778412730756,0.0019449010762304759,303.7161737259339,15301.918141893417,0.0
90,MPWR,short,-1,640,998974.971243093,1560.8983925673328,1559.303017632091,1518.1841972933842,2026-05-22,1587.387939453125,-16953.310006906977,-17974.349965461734,-44290.39498223414,-0.016970705468036713,-0.01799279309580201,-0.044335840493701824,1021.0399585547566,27337.08497532716,0.0
90,LRCX,short,-1,3418,999880.8930209787,292.53390667670527,292.3447014338131,287.4482883429806,2026-05-22,305.13507080078125,-43070.77897609169,-43717.48249629714,-60453.42244076256,-0.043075909617554836,-0.04372269017383843,-0.06046062372300395,646.7035202054467,17382.643464670866,0.0
91,QCOM,long,1,4169,999868.7342989524,239.8341890858605,240.01267121330207,242.28059502022344,2026-05-29,250.0962829589844,42782.66935705361,42038.57736774965,32583.60301669444,0.04278828599141089,0.04204409631552742,0.032587880687698564,744.0919893039609,10199.066340359168,0.0
91,MU,long,1,1218,999215.3305100566,820.373834573117,820.5998960007615,915.7328355117036,2026-05-29,970.8507080078124,183280.83184345893,183005.48902458794,67133.56870026054,0.18342475965606125,0.18314920061441758,0.06718628773038514,275.34281887099496,116147.26314319839,0.0
91,INTC,long,1,8190,999998.9875030518,122.0999984741211,122.15395522277396,122.9746639535862,2026-05-29,114.68000030517578,-60769.78500366211,-61211.69077512908,-67933.29528048134,-0.060769846532946266,-0.06121175275184194,-0.06793336406280513,441.9057714669689,7163.51027681923,0.0
91,AMD,long,1,2062,999533.8598632812,484.739990234375,484.94291285550565,503.2403060902876,2026-05-29,516.0999755859375,64664.289794921875,64245.86335015047,26516.638500030058,0.06469444647304576,0.06427582489195331,0.026529004733923743,418.42644477140857,38147.65129489182,0.0
91,STM,long,1,14353,999994.1552522912,69.67143839283015,69.7595059222068,70.11777148967892,2026-05-29,69.23193359375,-6308.212381197456,-7572.245630340433,-12714.431320267724,-0.006308249251322814,-0.007572289888464409,-0.012714505633345393,1264.0332491429772,6406.218939070268,0.0
91,MPWR,short,-1,606,998673.1224235321,1647.9754495437824,1646.2611832618254,1651.6291316509416,2026-05-29,1563.8238525390625,50995.86778486024,49957.022417994325,53209.99914179876,0.05106362296114059,0.050023397342226474,0.05328069610271606,1038.845366865913,-2214.131356938524,0.0
91,KLAC,short,-1,5169,999955.2237833278,193.4523551525107,193.31924700467764,196.44878383769048,2026-05-29,191.9540557861328,7744.709424807327,7056.673408658187,23233.249298501607,0.007745056219122732,0.007056989393944344,0.023234289642088846,688.0360161491399,-15488.53987369428,0.0
91,AVGO,short,-1,2393,999888.025243983,417.8387067463364,417.7188198414324,423.6835695171595,2026-05-29,446.0640258789063,-67543.18868423975,-67830.07804767511,-53556.43207366005,-0.06755075266328799,-0.06783767415468735,-0.05356242971365891,286.889363435359,-13986.756610579701,0.0
91,ADI,short,-1,2475,999676.3747421623,403.9096463604696,403.68910266268944,417.5509412737021,2026-05-29,411.46588134765625,-18701.681593286972,-19247.527245292866,15060.5233169635,-0.018707735889137656,-0.019253758247770144,0.015065398860554174,545.8456520058935,-33762.20491025047,0.0
91,TSM,short,-1,2426,999887.4905289817,412.1547776294236,412.0214612012678,421.3025520784258,2026-05-29,417.4723510742188,-12900.433177073122,-13223.858831779115,9292.067636206108,-0.012901884761302756,-0.013225346808552578,0.009293113199456292,323.4256547059922,-22192.500813279228,0.0
92,MU,long,1,990,999469.1064472719,1009.5647539871434,1009.848206911972,1018.0172546133884,2026-06-05,863.8771362304688,-144230.74157910788,-144511.35997468827,-152598.7171990905,-0.14430735342265122,-0.14458812087586234,-0.15267977390668955,280.6183955803863,8367.975619982608,0.0
92,AMD,long,1,1999,999819.8473205566,500.1600036621094,500.3687777248775,510.9933691447156,2026-06-05,466.3800048828125,-67526.21755981445,-67943.55691128789,-89182.11515954426,-0.06753838478079799,-0.06795579933062101,-0.08919818445147468,417.33935147343436,21655.89759972981,0.0
92,QCOM,long,1,4301,999859.4048683833,232.47137988104703,232.6425119558905,235.05191802428027,2026-06-05,215.94000244140625,-71101.45436789498,-71837.49342179681,-82200.34892194116,-0.07111145229188942,-0.07184759484385023,-0.08221190751589881,736.0390539018263,11098.894554046172,0.0
92,STM,long,1,14576,999952.1875646275,68.60264733566325,68.69408767443059,74.76628880129765,2026-06-05,70.64035034179688,29701.559017403728,28368.724639530956,-60139.67898568327,0.02970297918917658,0.02837008108219921,-0.06014255454768572,1332.8343778727722,89841.238003087,0.0
92,MRVL,long,1,5028,999872.816581909,198.86094204095247,198.97047051382452,270.489905314014,2026-06-05,263.405029296875,324527.6707227785,323976.9615611778,-35622.756614174796,0.32456895051131074,0.3240181712997273,-0.03562728781441635,550.7091616006801,360150.4273369533,0.0
92,MPWR,short,-1,652,999998.2948350494,1533.7397160046771,1532.1670136570465,1592.2149568233865,2026-06-05,1478.793701171875,35824.801670986984,34799.399740331806,73950.65868478549,0.03582486275828732,0.034799459079149726,0.07395078478307177,1025.4019306551781,-38125.85701379851,0.0
92,MCHP,short,-1,10831,999966.9118797479,92.32452330161092,92.25607305574722,94.49791859352304,2026-06-05,87.81167602539062,48878.64884874206,48137.26423579231,72418.69325544218,0.0488802662048682,0.048138857060083515,0.07242108953316144,741.384612949747,-23540.044406700123,0.0
92,ADI,short,-1,2488,999979.9180271591,401.9211889176684,401.69563962903067,415.5922875176111,2026-06-05,400.1707763671875,4355.026425596521,3793.859795465796,38368.71974225395,0.004355113884875276,0.0037939359851852108,0.038369490277315614,561.166630130725,-34013.69331665742,0.0
92,TSM,short,-1,2359,999950.20931026,423.887329084468,423.7532729887798,434.09187275153954,2026-06-05,414.2000122070313,22852.380513873108,22536.14218414476,46924.899024494924,0.022853518406317545,0.022537264330080607,0.04692723556392124,316.2383297283486,-24072.518510621816,0.0
92,NVDA,short,-1,4640,999821.8988064546,215.47885750139108,215.45283428039693,218.44745401008564,2026-06-05,205.1000061035156,48157.87048614222,48037.12274072938,61932.158286484984,0.048166448988195866,0.04804567973363464,0.06194319044263483,120.74774541284569,-13774.287800342761,0.0
93,MRVL,long,1,3464,999775.5712444499,288.6188138696449,288.83990796455663,276.5385087288204,2026-06-12,279.6310119628906,-31133.745804996794,-31899.61574977104,10712.431202819345,-0.03114073468132824,-0.03190677654792531,0.010714835920110818,765.8699447742474,-41846.177007816135,0.0
93,MU,long,1,1065,999103.8883282922,938.1257167401805,938.4370572929622,941.5469350451956,2026-06-12,981.4590454101562,46149.995033524225,45818.417344811656,42506.39753868309,0.04619138767515231,0.04585951258930176,0.04254452218157724,331.5776887125685,3643.5974948411313,0.0
93,STM,long,1,13394,999940.0754668843,74.6558216714114,74.78757284868306,74.66475994405774,2026-06-12,77.21294403076172,34250.09688113814,32485.421612761616,34130.377657313154,0.034252149425200655,0.03248736840314533,0.03413242302682715,1764.6752683765226,119.71922382498451,0.0
93,ON,long,1,8158,999926.057510376,122.56999969482422,122.73738738404772,117.97200590811022,2026-06-12,116.79000091552734,-47153.230041503906,-48518.778810189244,-9642.796729491098,-0.04715671692655595,-0.04852236667478363,-0.009643509794614025,1365.5487686853376,-37510.43331201281,0.0
93,AMD,long,1,2061,999585.0,485.0,485.1937897590913,483.48838181926806,2026-06-12,511.5700073242188,54760.78509521496,54361.38440172776,57876.2301657035,0.05478352025612125,0.05438395374253091,0.057900258773094335,399.40069348720135,-3115.4450704885385,0.0
93,MCHP,short,-1,10951,999942.7096100783,91.31063004383876,91.22342713209603,91.12060251932311,2026-06-12,94.67041015625,-36792.95201101553,-37747.91109751008,-38873.94343198633,-0.03679506001435094,-0.03775007381395845,-0.03887617066296228,954.9590864945494,2080.9914209708004,0.0
93,INTC,short,-1,9009,999999.0,111.0,110.94896849967353,112.1689312313335,2026-06-12,124.56999969482422,-122252.12725067139,-122711.87003711259,-111721.22578758787,-0.12225224950292089,-0.12271199274910534,-0.11172133750892538,459.74278644120204,-10530.901463083515,0.0
93,AVGO,short,-1,2487,999733.6442494661,401.98377332105593,401.82142598361696,387.77011788964734,2026-06-12,381.4662780761719,51027.01067402666,50623.25284581593,15677.649616113476,0.051040605632847694,0.050636740232765216,0.015681826560796818,403.7578282107279,35349.36105791318,0.0
93,MPWR,short,-1,642,999782.7038613888,1557.2939312482692,1555.361325716289,1553.483698738063,2026-06-12,1574.9168701171875,-11313.926753845519,-12554.659505376836,-13760.096025397985,-0.011316385760774369,-0.012557388177338813,-0.013763086690991308,1240.7327515313173,2446.169271552466,0.0
93,NVDA,short,-1,4757,999826.2251586914,210.17999267578125,210.1483772030431,206.30211837730823,2026-06-12,205.19000244140625,23737.383544921875,23586.98874110655,5290.335507085732,0.02374150922191934,0.023591088278728484,0.005291254994082653,150.39480381532485,18447.048037836143,0.0
94,MRVL,long,1,3371,999962.7228722445,296.6368207867827,296.85711565023604,298.5872039738359,2026-06-18,310.5033874511719,46744.19622565584,46001.5822409547,40169.454502099485,0.04674593877998779,0.04600329711173831,0.04017095195980775,742.6139847011364,6574.741723556355,0.0
94,KLAC,long,1,3798,999908.7478973726,263.2724454706089,263.512884935622,253.5093126548746,2026-06-18,259.2669677734375,-15212.804293856925,-16125.993381976828,21867.574140301873,-0.015214192620923363,-0.016127465047072423,0.021869569784528267,913.1890881199033,-37080.378434158796,0.0
94,AMAT,long,1,1696,999537.195747034,589.3497616432984,589.7344402349282,596.184691101716,2026-06-18,616.4508056640625,45963.37065921593,45310.95576781173,34371.33029773967,0.04598465255198815,0.045331935580393515,0.03438724486090908,652.4148914042016,11592.040361476262,0.0
94,MU,long,1,947,999774.0314987897,1055.7275939797146,1056.0522896796554,1081.2399408848382,2026-06-18,1133.8155517578125,73949.29601585872,73641.80918801481,49789.10349670663,0.0739660100042799,0.07365845367839399,0.04980035680869443,307.48682784390985,24160.192519152093,0.0
94,LRCX,long,1,2592,999781.7806654735,385.718279577729,386.01753371815806,387.6020981661535,2026-06-18,389.0400085449219,8609.921482963951,7834.254750971801,3727.063701767638,0.008611800744391466,0.007835964709976185,0.003727877196648687,775.6667319921507,4882.857781196313,0.0
94,AVGO,short,-1,2532,999848.8992695689,394.8850313070967,394.73652360536295,395.30239533017146,2026-06-18,410.7000122070313,-40043.5316386344,-40419.553139424286,-38986.76593220912,-0.04004958315990332,-0.040425661486403044,-0.03899265775127679,376.0215007898878,-1056.765706425278,0.0
94,NVDA,short,-1,4786,999891.1112365723,208.9199981689453,208.8900141798456,208.9750008460766,2026-06-18,210.69000244140625,-8471.240447998047,-8614.743819829302,-8207.99763524772,-0.008472162971347555,-0.008615681970785187,-0.00820889149129132,143.5033718312552,-263.24281275032627,0.0
94,TXN,short,-1,3241,999946.6316801341,308.53027821047027,308.33638703761864,308.7963690272787,2026-06-18,321.21533203125,-41112.2594331471,-41740.66072435925,-40249.85909587107,-0.0411144536424602,-0.04174288847218336,-0.04025200727787072,628.4012912121543,-862.4003372760271,0.0
94,MPWR,short,-1,606,999925.7157999343,1650.042435313423,1647.9358923813022,1591.1144445873597,2026-06-18,1561.317626953125,53767.23386634064,52490.66884947539,18056.87148634622,0.053771228219015435,0.052494568366494285,0.01805821292624806,1276.56501686525,35710.36237999442,0.0
94,ADI,short,-1,2337,999923.8157292593,427.8664166577917,427.56868737178826,424.4660760709892,2026-06-18,433.1403198242188,-12325.11169994011,-13020.905041330194,-20271.70765129765,-0.012326050751127696,-0.013021897105064803,-0.020273252154228562,695.7933413900846,7946.59595135754,0.0
95,MRVL,long,1,3191,999780.899217047,313.312723038874,313.52104258198017,286.756527908246,2026-06-26,266.7041931152344,-148727.81898633414,-149392.56664838584,-63987.000324500186,-0.1487604125091873,-0.14942530584989053,-0.064001022998749,664.7476620516973,-84740.81866183395,0.0
95,MU,long,1,836,999886.1149205227,1196.036022632204,1196.3898005410272,1146.079321930591,2026-06-26,1132.1558837890625,-53403.796072866375,-53699.55440464246,-11639.994286317868,-0.05340987866114257,-0.053705670679216146,-0.011641320058978005,295.7583317760873,-41763.80178654851,0.0
95,AMAT,long,1,1598,999630.5696800883,625.5510448561254,625.9076318522204,614.2778545685295,2026-06-26,626.1704711914062,989.8432837788423,420.01726401891256,19004.401363357036,0.0009902090970423422,0.00042017248847574826,0.01901142476008813,569.8260197599297,-18014.558079578193,0.0
95,KLAC,long,1,3769,999953.878303619,265.31012955787185,265.55162298454854,251.35829722779076,2026-06-26,248.3592987060547,-63887.681480498875,-64797.87020564335,-11303.225428423248,-0.06389062822465545,-0.0648008589311842,-0.011303746776400036,910.1887251444714,-52584.45605207563,0.0
95,LRCX,long,1,2510,999958.9367675781,398.3900146484375,398.6698236433967,385.81314422811846,2026-06-26,379.0899963378906,-48443.045959472656,-49145.366536820206,-16875.101204471866,-0.0484450352692156,-0.049147384687300545,-0.016875794179130547,702.3205773475493,-31567.94475500079,0.0
95,NVDA,short,-1,4729,999899.7715454102,211.44000244140625,211.40830772493743,201.37249821752764,2026-06-26,192.52999877929688,89425.40731811523,89275.52300393418,41816.17984339326,0.08943437118692651,0.08928447184856643,0.041820371434592524,149.88431418105029,47609.22747472197,0.0
95,SWKS,short,-1,13717,999969.320930481,72.9000015258789,72.72169257054418,72.03911247732663,2026-06-26,68.0,67213.32093048096,64767.45699015449,55404.505851489324,0.06721538303588986,0.06476944405643141,0.055406205662324626,2445.863940326468,11808.815078991633,0.0
95,AVGO,short,-1,2417,999816.2288513184,413.6600036621094,413.5042776852962,386.9708381127357,2026-06-26,365.0199890136719,117562.91540527344,117186.52571931596,53055.202272437244,0.11758452404832498,0.11720806518008886,0.053064954080003265,376.3896859574743,64507.713132836194,0.0
95,MPWR,short,-1,628,998685.506426622,1590.2635452653217,1588.0837519733727,1459.153220448841,2026-06-26,1311.319091796875,175177.1167781845,173808.20659084056,92839.83279343466,0.17540768905817256,0.1740369770787407,0.09296203078547033,1368.9101873439504,82337.28398474985,0.0
95,NXPI,short,-1,3132,999975.4021099048,319.276948310953,318.94098902973013,303.2406742209509,2026-06-26,277.0199890136719,132348.79651908448,131296.57205029446,82123.18606919788,0.13235205210031592,0.1312998017483874,0.08212520617599345,1052.2244687900238,50225.610449886604,0.0
96,AMAT,long,1,1575,999733.1960203017,634.7512355684455,635.1765938050661,664.0200842042594,2026-07-02,602.3958129882812,-50959.79056375871,-51629.729786436124,-97058.22716516563,-0.050973390467194075,-0.05164350848002418,-0.09708412959730775,669.9392226774144,46098.436601406924,0.0
96,MRVL,long,1,3671,999770.4514866229,272.3428089040106,272.5453634865345,275.8170047237894,2026-07-02,245.2294921875,-99532.98566631044,-100276.5635387556,-112286.75852071842,-0.09955583856105014,-0.10029958715988048,-0.11231253969723952,743.577872445152,12753.772854407973,0.0
96,KLAC,long,1,4004,999989.8569373189,249.7477165178119,249.9976361000717,270.287325533335,2026-07-02,235.28407287597656,-57912.42914190873,-58913.10714927694,-140153.0236400631,-0.057913016557265724,-0.058913704714676635,-0.14015444523538614,1000.6780073682094,82240.59449815436,0.0
96,MU,long,1,886,999874.3494455935,1128.526353776065,1128.8890777962647,1099.2425831650307,2026-07-02,975.4099731445312,-135661.11323953888,-135982.48672143582,-109715.69247816254,-0.13567816127572402,-0.13599957514345165,-0.10972948004816532,321.37348189693876,-25945.420761376343,0.0
96,LRCX,long,1,2610,999656.1254882812,383.010009765625,383.3154457816512,398.99153120134105,2026-07-02,351.4100036621094,-82476.01593017578,-83273.20393200414,-124187.78687739467,-0.08250438708599964,-0.08330184931476252,-0.12423050658218619,797.1880018283555,41711.77094721889,0.0
96,ON,short,-1,11086,999957.166168213,90.1999969482422,90.00165111212743,91.3294731201567,2026-07-02,91.22000122070312,-11307.767364501795,-13506.629303670117,1213.6054773423994,-0.011308251740254642,-0.013507207869139896,0.001213657462942014,2198.8619391683224,-12521.372841844193,0.0
96,QCOM,short,-1,5180,999895.3936767578,193.02999877929688,192.86729776001985,186.8662136455277,2026-07-02,176.25,86920.39367675781,86077.60239690283,54991.98668383346,0.08692948705077952,0.0860866076004043,0.05499773979518006,842.7912798549805,31928.406992924356,0.0
96,MPWR,short,-1,753,998753.7618880804,1326.366217646853,1324.4322143460322,1331.532584004026,2026-07-02,1288.1600341796875,28769.2561507757,27312.951665257555,32659.53001772683,0.02880515423179909,0.027347032579506044,0.03270028235586925,1456.3044855181433,-3890.273866951131,0.0
96,SWKS,short,-1,14598,999963.0,68.5,68.36362535595904,67.22551420886626,2026-07-02,62.560001373291016,86712.09995269775,84721.30289898788,68107.15637372738,0.08671530841910927,0.0847244377031829,0.06810967643175536,1990.7970537098736,18604.94357897037,0.0
96,NXPI,short,-1,3610,999970.0,277.0,276.679096847752,277.72653129167,2026-07-02,273.3599853515625,13140.452880859375,11981.99250124417,15763.230843788177,0.013140847106272563,0.011982351971803326,0.015763703754900823,1158.4603796152041,-2622.7779629288016,0.0
97,AMAT,long,1,1594,999580.6285688847,627.0894783995512,627.5696118825851,584.7271113629469,2026-07-10,601.8564453125,-40221.45474075968,-40986.78751271573,27304.15831558771,-0.040238329546607325,-0.041003983411920616,0.02731561370359838,765.3327719560548,-67525.61305634739,0.0
97,KLAC,long,1,4064,999914.3724353727,246.0419223512236,246.34190048994284,228.4804129995844,2026-07-10,231.2586212158203,-60079.33581427898,-61298.44697003397,11290.638190782796,-0.06008448070203339,-0.06130369625624704,0.01129160506342511,1219.1111557549884,-71369.97400506178,0.0
97,INTC,long,1,8158,999926.057510376,122.56999969482422,122.6330135155504,114.35028683695572,2026-07-10,109.83999633789062,-103851.36738586426,-104365.43413534846,-36794.94989137303,-0.10385904698236811,-0.10437315174603846,-0.03679767080276455,514.0667494842055,-67056.41749449124,0.0
97,ASML,long,1,547,999717.0738399435,1827.6363324313409,1828.9863007009292,1782.3142475374254,2026-07-10,1794.9984130859375,-17852.94188193564,-18591.374525400446,6938.238555036094,-0.01785799437571067,-0.018596636000213954,0.006940202119771857,738.4326434648065,-24791.180436971736,0.0
97,LRCX,long,1,2737,999935.5699768066,365.3399963378906,365.6788327952358,344.0846553020219,2026-07-10,350.3299865722656,-41082.396728515625,-42009.792112269344,17093.47168665715,-0.04108504383884306,-0.04201249897855294,0.017094573090397847,927.3953837537192,-58175.86841517278,0.0
97,ON,short,-1,10750,999964.9639129639,93.0199966430664,92.82766893614992,93.56540295090537,2026-07-10,95.95999908447266,-31605.026245117188,-33672.54909446942,-25741.908435848374,-0.031606133600364884,-0.03367372889016564,-0.025742810363192814,2067.52284935223,-5863.117809268813,0.0
97,QCOM,short,-1,5613,999843.7174072266,178.1300048828125,177.99456645125474,183.46359625708735,2026-07-10,189.16000366210935,-61911.3831481932,-62671.599064526905,-31973.93476438849,-0.06192106033204917,-0.06268139507546795,-0.03197893251487604,760.2159163337055,-29937.44838380471,0.0
97,AVGO,short,-1,2676,999780.3208007812,373.6099853515625,373.461189902912,383.6076586773137,2026-07-10,399.9700012207031,-70539.40246582031,-70937.57908640905,-43785.628646110155,-0.0705549019101729,-0.0709531660211026,-0.043795249551461204,398.17662058873975,-26753.773819710157,0.0
97,MPWR,short,-1,754,999607.9526367188,1325.739990234375,1323.954985713961,1319.109215285864,2026-07-10,1352.739990234375,-20358.0,-21703.893408392214,-25357.60431117736,-0.020365984430496604,-0.02171240569979731,-0.025367549592107855,1345.893408392214,4999.6043111773615,0.0
97,SWKS,short,-1,15873,999999.0,63.0,62.879395474754496,60.35228585078495,2026-07-10,60.380001068115234,41587.243045806885,39672.887416585,-439.9236446835721,0.04158728463309152,0.03967292708951209,-0.0004399240846076567,1914.3556292218855,42027.166690490456,0.0
98,AMD,long,1,1860,999750.0,537.5,537.7161025746873,529.4851821458801,2026-07-17,495.760009765625,-77636.3818359375,-78038.33262485584,-62728.820627274516,-0.07765579578488373,-0.0780578470866275,-0.06274450675396301,401.9507889183442,-14907.561208662984,0.0
98,AMAT,long,1,1720,999987.9006832563,581.3883143507304,581.8316523528132,579.8238600056277,2026-07-17,529.0941772460938,-89945.91581997505,-90708.45718355745,-87255.05434639838,-0.08994700411726801,-0.09070955470719153,-0.08725611008571213,762.5413635823934,-2690.861473576675,0.0
98,TXN,long,1,3257,999730.9376113667,306.94839963505274,307.175043814116,299.75469506872844,2026-07-17,282.5731811523437,-79390.08659818336,-80128.26668939243,-55960.190825665115,-0.0794114532334752,-0.08014983199463746,-0.05597525166058126,738.1800912090694,-23429.895772518248,0.0
98,MU,long,1,1076,999604.0,929.0,929.3151916513656,916.637071307623,2026-07-17,848.9500122070312,-86133.78686523438,-86472.93308210374,-72831.27559223678,-0.08616790935733988,-0.08650718992931575,-0.07286012820300516,339.1462168693688,-13302.511272997595,0.0
98,LRCX,long,1,2985,999975.0,335.0,335.320019051442,335.2891753360278,2026-07-17,313.29998779296875,-64774.53643798828,-65729.79330654262,-65637.72481603133,-0.06477615584188433,-0.06573143659245743,-0.06563936580017633,955.2568685543374,863.1883780430508,0.0
98,SWKS,short,-1,16708,999973.7745056151,59.84999847412109,59.74423317569918,57.88821417550814,2026-07-17,59.34999847412109,8354.0,6586.873393966769,-24423.492061225126,0.008354219093525928,0.006587046142508392,-0.024424132596177383,1767.126606033231,32777.49206122513,0.0
98,ON,short,-1,10753,999921.4470291137,92.98999786376952,92.79675802789924,91.18717572274124,2026-07-17,87.37000274658203,60431.807495117035,58353.89954000399,41046.06101264002,0.060436554966059756,0.05835848377228073,0.0410492855559732,2077.9079551130417,19385.746482477014,0.0
98,MPWR,short,-1,765,999985.0836181641,1307.1700439453125,1305.4509979680147,1328.1604556050218,2026-07-17,1312.0,-3694.9163818359375,-5009.986554468762,12362.74853784164,-0.0036949714974416664,-0.0050100612864559324,0.012362932948070105,1315.0701726328243,-16057.664919677578,0.0
98,MRVL,short,-1,4371,999997.3746643066,228.77999877929688,228.6341842462069,212.911295708834,2026-07-17,188.67999267578125,175277.1266784668,174639.77135433053,105915.02555747352,0.17527758684097178,0.17464022984355942,0.10591530362070059,637.3553241362679,69362.10112099328,0.0
98,QCOM,short,-1,5403,999879.1668090817,185.0599975585937,184.93292574110092,178.76708744262098,2026-07-17,171.77999877929688,71751.83340454071,71065.26437462724,37751.24004794012,0.07176050445527594,0.07107385245501023,0.03775580220199587,686.5690299134731,34000.59335660059,0.0
99,NVDA,long,1,4857,999910.5662841797,205.8699951171875,205.90006970864417,207.23953628048693,2026-07-24,206.83999633789065,4711.295928955216,4565.2236382501815,-1940.565501190119,0.0047117173153426225,0.0045656319596814035,-0.00194073906869647,146.0722907050349,6651.861430145335,0.0
99,AMD,long,1,1934,999878.0,517.0,517.1957949116893,532.3981504036522,2026-07-24,521.9500122070312,9573.323608398438,9194.65624919135,-20206.699272264825,0.009574491696385396,0.009195778134123714,-0.02020916479036925,378.66735920708743,29780.022880663262,0.0
99,AVGO,long,1,2640,999926.42578125,378.760009765625,378.8792826653786,385.862334734269,2026-07-24,381.9200134277344,8342.40966796875,8027.529212619293,-10407.728249251368,0.008343023499404731,0.008028119875267147,-0.010408494046069172,314.8804553494574,18750.13791722012,0.0
99,TXN,long,1,3486,999928.935835722,286.8413470555714,287.0681121954187,284.2535659880102,2026-07-24,278.15582275390625,-30277.737715604777,-31068.240993112322,-21256.73291408645,-0.030279889530648703,-0.03107044898860344,-0.021258243613402852,790.5032775075451,-9021.004801518327,0.0
99,ASML,long,1,562,998332.5769573689,1776.3924856892684,1777.5143886094163,1782.1069982788983,2026-07-24,1754.8204345703125,-12123.492728853198,-12754.002169976337,-15335.048804225245,-0.012143741483226085,-0.01277530400625298,-0.015360661525202426,630.5094411231385,3211.5560753720474,0.0
99,MRVL,short,-1,5181,999984.7815399173,193.009994506836,192.86948928187408,202.03220353253008,2026-07-24,194.22999572753903,-6320.826324462449,-7048.783894990122,40423.238637658586,-0.006320922519169492,-0.0070488911682589925,0.04042385382646443,727.9575705276729,-46744.06496212103,0.0
99,ON,short,-1,11125,999914.9694442749,89.87999725341797,89.69281126416088,89.55251519500882,2026-07-24,86.80999755859375,34153.74660491943,32071.302474434327,30510.508705117685,0.034156650963932604,0.03207402974700806,0.030513103251244036,2082.444130485106,3643.2378998017484,0.0
99,INTC,short,-1,10248,999999.8587646483,97.58000183105467,97.52959329888948,100.74072250168774,2026-07-24,92.31999969482422,53904.5018920897,53387.9152544608,86295.56732473738,0.05390450950531205,0.053387922794722854,0.0862955795127239,516.5866376288977,-32391.06543264768,0.0
99,QCOM,short,-1,5696,999932.8173828125,175.5500030517578,175.43341876766434,172.47276271589345,2026-07-24,166.97000122070312,48871.6904296875,48207.62634749105,31343.729476604105,0.04887497397835434,0.048210865279597406,0.031345835371862314,664.064082196448,17527.960953083395,0.0
99,MU,short,-1,1129,999808.538269043,885.5700073242188,885.2852579022937,936.5313120675336,2026-07-24,920.9500122070312,-39944.02551269531,-40265.507610048735,17591.287542507125,-0.03995167472949365,-0.04027321839015292,0.017594656245847547,321.48209735342243,-57535.31305520244,0.0
100,NVDA,long,1,4803,999984.5853424072,208.1999969482422,208.22831447223464,198.2000554798862,2026-07-31,200.75,-35782.33534240723,-35918.34441014299,12247.383530106568,-0.03578288692335683,-0.03591889808765812,0.012247572322240259,136.0090677357657,-48029.7188725138,0.0
100,AVGO,long,1,2565,999888.3187866212,389.8200073242188,389.9390830761285,384.05245723911753,2026-07-31,389.2799987792969,-1385.1219177247551,-1690.5512213731115,13408.64405056002,-0.0013852766270993349,-0.0016907400452728758,0.013410141711457938,305.4293036483564,-14793.765968284775,0.0
100,AMD,long,1,1895,999631.4685058594,527.510009765625,527.7159777987989,483.5784260478933,2026-07-31,476.1499938964844,-97327.23007202148,-97717.53949488606,-14076.87892691989,-0.09736311144495648,-0.09775356476216544,-0.014082068612706321,390.30942286457866,-83250.3511451016,0.0
100,ASML,long,1,575,998742.5687167306,1736.9435977682272,1737.9401600861004,1643.4782988310974,2026-07-31,1629.0,-62067.56871673062,-62640.592049507715,-8325.021827880999,-0.06214571267997549,-0.06271945745738432,-0.008335503150303982,573.0233327770984,-53742.54688884962,0.0
100,MPWR,long,1,746,999640.0,1340.0,1341.574293535246,1336.1036316047182,2026-07-31,1426.030029296875,64178.40185546875,63003.97887817528,67085.09267834897,0.06420151440065298,0.06302666847882765,0.06710925200907224,1174.4229772934705,-2906.6908228802204,0.0
100,STM,short,-1,18843,999998.0042495728,53.06999969482422,52.95561127134613,51.672143448602256,2026-07-31,52.38999938964844,12813.245750427246,10657.8246868296,-13526.5594971332,0.012813271322518962,0.010657845957230221,-0.013526586492823971,2155.421063597647,26339.805247560445,0.0
100,MRVL,short,-1,5032,999959.0461425781,198.72000122070312,198.56428552462893,186.03678554840795,2026-07-31,187.55999755859372,56157.13842773452,55373.577045089165,-7664.80283525481,0.05615943837336656,0.0553758448995458,-0.007665116751353367,783.5613826453555,63821.941262989334,0.0
100,INTC,short,-1,10815,999954.8900985718,92.45999908447266,92.41420927907016,89.7561175986504,2026-07-31,90.1999969482422,24441.923103332367,23946.70635790441,-4800.555165835277,0.024443025725813465,0.023947786640199174,-0.004800771728174715,495.2167454279552,29242.478269167645,0.0
100,ON,short,-1,11386,999918.5165252686,87.81999969482422,87.63956515798803,85.22362129487458,2026-07-31,81.61000061035156,70707.04957580566,68652.62193938883,41144.68511397903,0.07071281150139483,0.068658216449434,0.04114803799909358,2054.4276364168327,29562.364461826633,0.0
100,MU,short,-1,1072,999586.4130859375,932.4500122070312,932.2036068103412,863.4679516386055,2026-07-31,823.030029296875,117298.2216796875,117034.07509443574,43349.45275033514,0.11734675476186471,0.11708249888383984,0.043367388934895675,264.14658525175764,73948.76892935236,0.0
101,MPWR,long,1,705,999534.9206542969,1417.780029296875,1419.3588703309267,1368.503196274737,2026-08-07,1401.5400390625,-11449.193115234375,-12562.276044240838,23290.97416537285,-0.011454520376076223,-0.012568121217833546,0.02330181135655225,1113.082929006463,-34740.167280607224,0.0
101,AVGO,long,1,2601,999850.4195251465,384.4100036621094,384.5305469751005,411.6637222564479,2026-08-07,427.760009765625,112753.36587524414,112439.83271815424,41866.443811369645,0.11277023410041022,0.11245665403786566,0.04187270715078866,313.53315708989976,70886.92206387449,0.0
101,NVDA,long,1,5058,999916.0323486328,197.69000244140625,197.7230228340953,213.79996900155987,2026-08-07,223.9600067138672,132873.68161010742,132706.66446388618,51389.4707488504,0.13288483963799413,0.1327178084665577,0.05139378616436949,167.01714622124564,81484.21086125702,0.0
101,SWKS,long,1,16420,999978.0250549316,60.900001525878906,60.99531820291615,64.71726724372172,2026-08-07,70.62000274658203,159602.4200439453,158037.32020699373,96922.91695696629,0.15960592737543197,0.15804079314474165,0.09692504687954721,1565.0998369515873,62679.50308697902,0.0
101,ADI,long,1,2763,999922.4757545148,361.89738536174985,362.103480119202,374.3271164132328,2026-08-07,388.7455749511719,74181.54783557304,73612.10802073275,39838.20094032574,0.07418729914996423,0.07361781518630933,0.03984128960624162,569.4398148402979,34343.346895247305,0.0
101,INTC,short,-1,11312,999980.8172607422,88.4000015258789,88.3540861044302,96.67553959649,2026-08-07,101.6500015258789,-149884.0,-150403.39524742783,-56271.11334524734,-0.1498868752408459,-0.15040628045188847,-0.05627219280004928,519.395247427834,-93612.88665475266,0.0
101,MRVL,short,-1,5539,999900.303665161,180.5200042724609,180.36371404742516,206.14615281902,2026-08-07,218.72000122070312,-211589.78309631362,-212455.47465278662,-69646.5462969229,-0.21161087992545424,-0.2124766577968078,-0.06965349049463396,865.6915564730007,-141943.23679939072,0.0
101,STM,short,-1,19561,999958.2991065979,51.119998931884766,50.99869129454975,53.495168310950376,2026-08-07,56.09999847412109,-97413.77104568467,-99786.6697395949,-50953.08282178227,-0.0974178334563731,-0.09979083110640538,-0.05095520769946683,2372.8986939102324,-46460.6882239024,0.0
101,KLAC,short,-1,5625,999951.0945384814,177.7690834735078,177.60762899664758,190.3054907583263,2026-08-07,197.88633728027344,-113159.55266305667,-114067.73409539547,-42642.261685952646,-0.11316508705386683,-0.11407331290340997,-0.04264434722743496,908.1814323387953,-70517.29097710403,0.0
101,LRCX,short,-1,3529,999906.847076416,283.3399963378906,283.0476282053059,304.37547436382346,2026-08-07,311.3500061035156,-98847.32446289062,-99879.09160278212,-24613.12250937366,-0.09885653323797712,-0.09988839649894811,-0.0246154155072934,1031.7671398914972,-74234.20195351697,0.0
102,SWKS,long,1,14160,999979.2388916016,70.62000274658203,70.7444229153829,69.60880332919585,2026-08-14,69.62000274658203,-14160.0,-15921.78959022028,158.58375018831225,-0.014160293983398343,-0.01592212015108267,0.0001585870426310949,1761.78959022028,-14318.583750188312,0.0
102,AVGO,long,1,2341,999583.5671386719,426.989990234375,427.12216612977625,421.47633875992926,2026-08-14,392.989990234375,-79594.0,-79903.42377113432,-66686.54189832252,-0.07962715936581413,-0.07993671204485632,-0.0667143239351304,309.42377113431576,-12907.458101677475,0.0
102,NVDA,long,1,4476,999938.3726806642,223.3999938964844,223.43539601776865,223.7038501572208,2026-08-14,225.16000366210935,7877.803710937245,7719.343816068944,6517.743087881075,0.007878289228783367,0.007719819567854667,0.006518144783671135,158.4598948683015,1360.0606230561707,0.0
102,MPWR,long,1,700,999753.9794921875,1428.219970703125,1429.7422720397972,1415.5984550473452,2026-08-14,1402.010009765625,-18346.97265625,-19412.58359192052,-9511.91169720412,-0.0183514874985235,-0.01941736066085068,-0.009514252398410632,1065.6109356705201,-8835.06095904588,0.0
102,ADI,long,1,2553,999874.1098781128,391.6467332072514,391.8792745641171,388.61147096759527,2026-08-14,388.2072448730469,-8781.013717224083,-9374.691801302311,-1031.9892193820442,-0.008782119299293099,-0.009375872130987681,-0.001032119152988016,593.6780840782285,-7749.024497842039,0.0
102,STM,short,-1,17568,999970.5278320312,56.91999816894531,56.79096844440859,55.53963753036847,2026-08-14,54.290000915527344,46203.791748046875,43936.997547385756,21953.616049528966,0.04620515351409227,0.0439382925041227,0.021954263089258363,2266.7942006611192,24250.17569851791,0.0
102,NXPI,short,-1,4162,999920.5,240.25,240.01064596562955,236.59454235967775,2026-08-14,234.7100067138672,23057.452056884766,22061.260565834953,7843.437357863544,0.023059285270063734,0.022063014575493704,0.007844060960709921,996.1914910498126,15214.014699021222,0.0
102,ON,short,-1,12269,999923.5,81.5,81.39426325587993,82.36218266169027,2026-08-14,82.66000366210938,-14232.084930419922,-15529.369044029005,-3653.965854142006,-0.014233173768213191,-0.015530557131649575,-0.0036542454039154054,1297.2841136090829,-10578.119076277915,0.0
102,KLAC,short,-1,4888,999834.5339275104,204.54879990333683,204.3732471777938,205.4627977352136,2026-08-14,203.4900054931641,5175.38707692434,4317.28535446995,9643.008479137994,0.005176243569618055,0.00431799983694398,0.009644604333937847,858.1017224543903,-4467.621402213654,0.0
102,AMD,short,-1,2096,999980.6323242188,477.0899963378906,476.8755014717096,482.0550591521016,2026-08-14,514.3900146484375,-78180.83837890625,-78630.41961842171,-67774.06672032006,-0.07818235258936301,-0.0786319425363908,-0.06777537937189368,449.5812395154644,-10406.771658586193,0.0
103,MRVL,long,1,4390,999822.5,227.75,227.9307628558957,235.75565468667557,2026-08-21,237.0399932861328,40783.07052612305,39989.52158874095,5638.246451617297,0.04079031080629116,0.03999662098896649,0.005639247418033998,793.5489373820965,35144.82407450575,0.0
103,SWKS,long,1,14407,999989.9227600098,69.41000366210938,69.52987125406007,68.00848322298843,2026-08-21,67.13999938964844,-32703.951553344727,-34430.883950578376,-12512.24658692929,-0.0327042811222343,-0.03443123092235554,-0.012512372677111605,1726.9323972336497,-20191.704966415437,0.0
103,MU,long,1,1000,999549.9877929688,999.5499877929688,999.8796367236274,968.282781061898,2026-08-21,966.780029296875,-32769.95849609375,-33099.607426752416,-1502.7517650230493,-0.03278471201670527,-0.033114509360194354,-0.0015034283261222009,329.64893065866636,-31267.2067310707,0.0
103,NVDA,long,1,4425,999961.4810943602,225.97999572753903,226.0128486560193,220.99036486201845,2026-08-21,214.72000122070312,-49825.4756927489,-49970.849901274014,-27746.359112820326,-0.04982739498947478,-0.04997277479787101,-0.027747427913377868,145.37420852511423,-22079.116579928574,0.0
103,INTC,long,1,9657,999982.3794708251,103.5500030517578,103.59810124596714,96.9721415342974,2026-08-21,90.06999969482422,-130176.39241790758,-130640.87667938722,-66653.98374379257,-0.13017868623524634,-0.1306431786813287,-0.06665515824295305,464.4842614796362,-63522.40867411501,0.0
103,STM,short,-1,17917,999947.7946052551,55.810001373291016,55.68005173835908,52.52524847854447,2026-08-21,50.560001373291016,94064.25,91735.94239092457,35211.33238482613,0.09406916091767903,0.09174073175203987,0.035213170702302864,2328.307609075433,58852.91761517387,0.0
103,NXPI,short,-1,4248,999809.2825927736,235.3600006103516,235.13276426783364,229.410900277244,2026-08-21,225.55999755859372,41630.41296386743,40665.112980851154,16358.634748826367,0.041638354122806906,0.040672870005162995,0.016361755220359667,965.2999830162735,25271.77821504106,0.0
103,ON,short,-1,11999,999996.6160583496,83.33999633789062,83.23894650974856,78.98314632022218,2026-08-21,74.20999908447266,109550.8370437622,108338.34015588555,57272.99368175848,0.109551207758657,0.10833870676774773,0.05727318749088308,1212.4968878766522,52277.843362003725,0.0
103,KLAC,short,-1,4833,999899.3670501709,206.88999938964844,206.70817133329928,194.6834522023292,2026-08-21,183.9900054931641,110675.67050170885,109796.89550537335,51681.427945394935,0.11068680924183003,0.10980794580287417,0.05168662932337047,878.7749963355018,58994.24255631392,0.0
103,AMAT,short,-1,1932,999707.0473453167,517.4467118764579,517.0063880105369,504.7521752255424,2026-08-21,492.3200073242188,48544.79319492598,47694.08748596646,24018.94838535713,0.04855901868835955,0.04770806368987421,0.024025986861989736,850.7057089595182,24525.84480956885,0.0
104,MRVL,long,1,4362,999857.645324707,229.22000122070312,229.4108545494118,237.14827211052295,2026-08-28,216.6199951171875,-54961.226623535156,-55793.728843362376,-89544.34424492925,-0.05496905172504464,-0.05580167247232798,-0.08955709311583994,832.50221982722,34583.11762139409,0.0
104,SWKS,long,1,15012,999949.3291625977,66.61000061035156,66.71988468505116,66.71518333226982,2026-08-28,67.36000061035156,11259.0,9609.420270609706,9679.99697856317,0.01125957053186764,0.00960990721265553,0.009680487496971103,1649.5797293902942,1579.0030214368307,0.0
104,MU,long,1,1069,999279.8513183594,934.780029296875,935.0891626234624,935.298302380201,2026-08-28,932.8599853515624,-2052.526977539184,-2382.990503661069,-2606.5609036146716,-0.002054006167372699,-0.0023847078478738135,-0.0026084393677865227,330.463526121885,554.0339260754877,0.0
104,TSM,long,1,2416,999909.908203125,413.8699951171875,414.01579838195295,419.5500862700238,2026-08-28,417.5199890136719,8818.38525390625,8466.124566232927,-4904.714971346313,0.008819179789660464,0.008466887363329428,-0.004905156885744104,352.26068767332254,13723.100225252563,0.0
104,NVDA,long,1,4639,999843.6643371582,215.52999877929688,215.56279497170084,217.89882672761792,2026-08-28,217.5500030517578,9370.799819946289,9218.658283384299,-1618.1930323150193,0.009372265039213524,0.00922009971378452,-0.0016184460531515124,152.1415365619905,10988.992852261308,0.0
104,NXPI,short,-1,4481,999935.1226501466,223.1499938964844,222.9342187449603,224.7207834349209,2026-08-28,223.5800018310547,-1926.865554809443,-2893.75400878893,5111.842366924451,-0.001926990572851002,-0.002893941760060953,0.005112174031227586,966.8884539794872,-7038.707921733894,0.0
104,ON,short,-1,13614,999948.2584533691,73.44999694824219,73.3580777534497,73.57679772868457,2026-08-28,72.61000061035156,11435.710144042969,10184.322226138125,13161.975968985535,0.01143630187598977,0.010184849205988245,0.013162657025217791,1251.3879179048436,-1726.2658249425658,0.0
104,KLAC,short,-1,5554,999831.103729248,180.02000427246094,179.85100249904775,182.93516345684807,2026-08-28,175.5399932861328,24881.981018066406,23943.345168529573,41072.775128152556,0.02488618420177133,0.023947389793359915,0.04107971333853899,938.6358495368331,-16190.79411008615,0.0
104,AMD,short,-1,2134,999864.3782348633,468.5400085449219,468.3237023076202,474.2680654889762,2026-08-28,465.5799865722656,6316.6868896484375,5855.089379246622,18540.360408260407,0.006317543686074472,0.005855883564512076,0.01854287522572923,461.59751040181527,-12223.67351861197,0.0
104,AMAT,short,-1,2075,999901.0101318359,481.8800048828125,481.47014306532674,482.75230108304623,2026-08-28,482.3599853515625,-995.95947265625,-1846.4227439392062,814.0551428287481,-0.0009960580723135121,-0.0018466055391780805,0.0008141357340177262,850.4632712829562,-1810.014615484998,0.0
105,MRVL,long,1,4623,999954.9141082764,216.3000030517578,216.46835644938056,208.98053543134304,2026-09-02,206.47999572753903,-45397.89385986341,-46176.1916170734,-11559.995050685931,-0.045399940756676624,-0.04617827360571717,-0.011560516266870609,778.2977572099844,-33837.89880917748,0.0
105,MU,long,1,1073,999381.4857177736,931.3900146484376,931.5841900052357,934.5624877195852,2026-09-02,956.0800170898438,26492.372619628783,26284.022461784487,23088.30901428743,0.026508768671656437,0.026300289566508064,0.023102598301293322,208.3501578442956,3404.063605341351,0.0
105,QCOM,long,1,6068,999945.6792602539,164.7899932861328,164.89105121839748,165.49190286934677,2026-09-02,169.9600067138672,31371.641479492188,30758.421946510192,27112.45412854987,0.031373345702839076,0.030760092857508872,0.02711392697712069,613.2195329819951,4259.187350942317,0.0
105,LRCX,long,1,3298,999920.6280517578,303.19000244140625,303.3883578019788,296.5286287721898,2026-09-02,288.32000732421875,-49041.243896484375,-49695.41987565273,-27072.033535408493,-0.04904513670453642,-0.04969936461104831,-0.027074182466017886,654.175979168358,-21969.210361075882,0.0
105,NVDA,long,1,4568,999798.1376953125,218.8699951171875,218.90874356347257,218.15895927067936,2026-09-02,224.41000366210935,25306.759033202994,25129.756130572798,28554.770780052175,0.0253118685453235,0.0251348299052654,0.028560536075687523,177.00290263019633,-3248.011746849181,0.0
105,ON,short,-1,13596,999985.8414916992,73.55000305175781,73.47545568472766,72.97060774394123,2026-09-02,72.33999633789062,16451.25128173828,15437.705279596372,8573.792676664021,0.016451484210214033,0.015437923857569456,0.00857391407049756,1013.5460021419094,7877.45860507426,0.0
105,MPWR,short,-1,792,999424.8193359375,1261.9000244140625,1260.722354054056,1243.3064136017515,2026-09-02,1219.3599853515625,33691.7109375,32758.996012374882,18965.57117414969,0.03371110091090821,0.03277784919744281,0.018976486082015916,932.7149251251176,14726.139763350311,0.0
105,AVGO,short,-1,2706,999921.0902709961,369.5199890136719,369.39948879833867,367.7474104230466,2026-09-02,367.239990234375,6169.676696777344,5843.60311408568,1373.0790305452797,0.006170163582713565,0.005844064267613319,0.0013731873883899692,326.07358269166343,4796.5976662320645,0.0
105,AMAT,short,-1,2162,999730.4279174805,462.4100036621094,462.17164389064095,452.07542015515855,2026-09-02,438.4599914550781,51779.92639160156,51264.59256568683,29436.556849573888,0.05179388857800732,0.051278415795020994,0.029444494263211156,515.3338259147349,22343.369542027674,0.0
105,KLAC,short,-1,5654,999966.4434509277,176.86000061035156,176.7303643298721,173.71312193553277,2026-09-02,172.25999450683594,26008.434509277344,25275.4709794464,8215.982481851883,0.02600930729187382,0.02527631916549084,0.008216258191123064,732.963529830944,17792.45202742546,0.0
